        f (GHz),            I_inc[1][1] (A),            Re{I[1][1]} (A),            Im{I[1][1]} (A),            Re{I[2][1]} (A),            Im{I[2][1]} (A),            Re{I[3][1]} (A),            Im{I[3][1]} (A),            Re{I[4][1]} (A),            Im{I[4][1]} (A),            I_inc[2][2] (A),            Re{I[1][2]} (A),            Im{I[1][2]} (A),            Re{I[2][2]} (A),            Im{I[2][2]} (A),            Re{I[3][2]} (A),            Im{I[3][2]} (A),            Re{I[4][2]} (A),            Im{I[4][2]} (A),            I_inc[3][3] (A),            Re{I[1][3]} (A),            Im{I[1][3]} (A),            Re{I[2][3]} (A),            Im{I[2][3]} (A),            Re{I[3][3]} (A),            Im{I[3][3]} (A),            Re{I[4][3]} (A),            Im{I[4][3]} (A),            I_inc[4][4] (A),            Re{I[1][4]} (A),            Im{I[1][4]} (A),            Re{I[2][4]} (A),            Im{I[2][4]} (A),            Re{I[3][4]} (A),            Im{I[3][4]} (A),            Re{I[4][4]} (A),            Im{I[4][4]} (A)
 8.00000000e+01,        +1.414213562373e-01,        +6.926883566581e-02,        +2.906509567814e-02,        +3.942291454486e-02,        -4.478606567274e-02,        +1.341216196655e-02,        -7.179610804236e-02,        +2.804768283589e-02,        -5.286885458282e-02,        +1.414213562373e-01,        +3.942291454486e-02,        -4.478606567274e-02,        +6.926301737198e-02,        +2.902685526574e-02,        +2.807022875728e-02,        -5.287249877140e-02,        +1.341253671319e-02,        -7.179678901232e-02,        +1.414213562373e-01,        +1.341216196655e-02,        -7.179610804236e-02,        +2.807022875728e-02,        -5.287249877140e-02,        +6.926034647954e-02,        +2.905890677517e-02,        +3.941254854720e-02,        -4.476913197282e-02,        +1.414213562373e-01,        +2.804768283589e-02,        -5.286885458282e-02,        +1.341253671319e-02,        -7.179678901232e-02,        +3.941254854720e-02,        -4.476913197282e-02,        +6.926655572277e-02,        +2.909490400481e-02
 8.16000000e+01,        +1.414213562373e-01,        +6.983271277530e-02,        +3.019563548146e-02,        +3.879149192982e-02,        -4.507938246956e-02,        +1.149247213876e-02,        -7.246020985710e-02,        +2.681596063400e-02,        -5.318219886807e-02,        +1.414213562373e-01,        +3.879149192982e-02,        -4.507938246956e-02,        +6.982641926383e-02,        +3.015684952188e-02,        +2.683860533030e-02,        -5.318674637427e-02,        +1.149282504987e-02,        -7.246094315980e-02,        +1.414213562373e-01,        +1.149247213876e-02,        -7.246020985710e-02,        +2.683860533030e-02,        -5.318674637427e-02,        +6.982423317048e-02,        +3.019008105538e-02,        +3.878134249951e-02,        -4.506143412687e-02,        +1.414213562373e-01,        +2.681596063400e-02,        -5.318219886806e-02,        +1.149282504987e-02,        -7.246094315980e-02,        +3.878134249951e-02,        -4.506143412687e-02,        +6.983095218116e-02,        +3.022660155672e-02
 8.32000000e+01,        +1.414213562373e-01,        +7.045324276411e-02,        +3.132878459742e-02,        +3.817957465270e-02,        -4.536377786618e-02,        +9.541184697479e-03,        -7.308998907730e-02,        +2.557864117272e-02,        -5.346698308500e-02,        +1.414213562373e-01,        +3.817957465270e-02,        -4.536377786618e-02,        +7.044646807845e-02,        +3.128948766061e-02,        +2.560133868885e-02,        -5.347245715697e-02,        +9.541510672905e-03,        -7.309077504456e-02,        +1.414213562373e-01,        +9.541184697479e-03,        -7.308998907730e-02,        +2.560133868885e-02,        -5.347245715697e-02,        +7.044481577189e-02,        +3.132391125908e-02,        +3.816968880035e-02,        -4.534479357071e-02,        +1.414213562373e-01,        +2.557864117272e-02,        -5.346698308500e-02,        +9.541510672905e-03,        -7.309077504456e-02,        +3.816968880035e-02,        -4.534479357071e-02,        +7.045205675346e-02,        +3.136091984834e-02
 8.48000000e+01,        +1.414213562373e-01,        +7.113200771852e-02,        +3.246208627819e-02,        +3.758774127329e-02,        -4.564095078848e-02,        +7.557386542649e-03,        -7.368438580863e-02,        +2.433569375059e-02,        -5.372287902345e-02,        +1.414213562373e-01,        +3.758774127329e-02,        -4.564095078848e-02,        +7.112474811955e-02,        +3.242231442723e-02,        +2.435839582873e-02,        -5.372930154674e-02,        +7.557680393947e-03,        -7.368522436771e-02,        +1.414213562373e-01,        +7.557386542649e-03,        -7.368438580863e-02,        +2.435839582873e-02,        -5.372930154674e-02,        +7.112368063622e-02,        +3.245794079534e-02,        +3.757816847800e-02,        -4.562091044564e-02,        +1.414213562373e-01,        +2.433569375059e-02,        -5.372287902344e-02,        +7.557680393947e-03,        -7.368522436771e-02,        +3.757816847800e-02,        -4.562091044564e-02,        +7.113145376106e-02,        +3.249540016696e-02
 8.64000000e+01,        +1.414213562373e-01,        +7.187055184429e-02,        +3.359294041264e-02,        +3.701650488315e-02,        -4.591267562963e-02,        +5.540134097007e-03,        -7.424217712826e-02,        +2.308708184393e-02,        -5.394946099682e-02,        +1.414213562373e-01,        +3.701650488315e-02,        -4.591267562963e-02,        +7.186280598675e-02,        +3.355273111989e-02,        +2.310973785918e-02,        -5.395685235881e-02,        +5.540390563266e-03,        -7.424306780290e-02,        +1.414213562373e-01,        +5.540134097007e-03,        -7.424217712826e-02,        +2.310973785918e-02,        -5.395685235881e-02,        +7.186237647089e-02,        +3.358956947029e-02,        +3.700729715913e-02,        -4.589156051928e-02,        +1.414213562373e-01,        +2.308708184393e-02,        -5.394946099682e-02,        +5.540390563266e-03,        -7.424306780290e-02,        +3.700729715913e-02,        -4.589156051928e-02,        +7.187068967613e-02,        +3.362744027589e-02
 8.80000000e+01,        +1.414213562373e-01,        +7.267037452098e-02,        +3.471859435205e-02,        +3.646630704896e-02,        -4.618080634947e-02,        +3.488463933987e-03,        -7.476196559479e-02,        +2.183277280381e-02,        -5.414619934422e-02,        +1.414213562373e-01,        +3.646630704896e-02,        -4.618080634946e-02,        +7.266214363467e-02,        +3.467798640200e-02,        +2.185532969958e-02,        -5.415457828415e-02,        +3.488677697243e-03,        -7.476290750719e-02,        +1.414213562373e-01,        +3.488463933987e-03,        -7.476196559479e-02,        +2.185532969958e-02,        -5.415457828415e-02,        +7.266240739343e-02,        +3.471604428302e-02,        +3.645751900883e-02,        -4.615859930009e-02,        +1.414213562373e-01,        +2.183277280381e-02,        -5.414619934422e-02,        +3.488677697243e-03,        -7.476290750719e-02,        +3.645751900883e-02,        -4.615859930009e-02,        +7.267126617267e-02,        +3.475428522666e-02
 8.96000000e+01,        +1.414213562373e-01,        +7.353292187541e-02,        +3.583613332221e-02,        +3.593751057105e-02,        -4.644728065308e-02,        +1.401404841081e-03,        -7.524216764977e-02,        +2.057274869267e-02,        -5.431245415859e-02,        +1.414213562373e-01,        +3.593751057105e-02,        -4.644728065308e-02,        +7.352420995142e-02,        +3.579516670010e-02,        +2.059515091707e-02,        -5.432183760213e-02,        +1.401570540268e-03,        -7.524315952440e-02,        +1.414213562373e-01,        +1.401404841081e-03,        -7.524216764977e-02,        +2.059515091707e-02,        -5.432183760213e-02,        +7.352522450340e-02,        +3.583444980495e-02,        +3.592919948400e-02,        -4.642396623182e-02,        +1.414213562373e-01,        +2.057274869267e-02,        -5.431245415859e-02,        +1.401570540268e-03,        -7.524315952440e-02,        +3.592919948400e-02,        -4.642396623182e-02,        +7.353463169653e-02,        +3.587301775734e-02
 9.12000000e+01,        +1.414213562373e-01,        +7.445957669896e-02,        +3.694247052865e-02,        +3.543039092568e-02,        -4.671412412768e-02,        -7.220085219749e-04,        -7.568100199832e-02,        +1.930701837563e-02,        -5.444746934222e-02,        +1.414213562373e-01,        +3.543039092568e-02,        -4.671412412768e-02,        +7.445039068192e-02,        +3.690118629361e-02,        +1.932920782047e-02,        -5.445787221979e-02,        -7.218962805160e-04,        -7.568204216784e-02,        +1.414213562373e-01,        -7.220085219750e-04,        -7.568100199831e-02,        +1.932920782047e-02,        -5.445787221979e-02,        +7.445221579510e-02,        +3.694169824966e-02,        +3.542261676879e-02,        -4.668968884631e-02,        +1.414213562373e-01,        +1.930701837563e-02,        -5.444746934222e-02,        -7.218962805160e-04,        -7.568204216783e-02,        +3.542261676879e-02,        -4.668968884631e-02,        +7.446217137994e-02,        +3.698054838324e-02
 9.28000000e+01,        +1.414213562373e-01,        +7.545164652515e-02,        +3.803433709029e-02,        +3.494512625637e-02,        -4.698345418990e-02,        -2.882720200076e-03,        -7.607647808480e-02,        +1.803563098706e-02,        -5.455036711759e-02,        +1.414213562373e-01,        +3.494512625637e-02,        -4.698345418990e-02,        +7.544199651276e-02,        +3.799277723074e-02,        +1.805754693047e-02,        -5.456180216590e-02,        -2.882666838520e-03,        -7.607756449730e-02,        +1.414213562373e-01,        -2.882720200076e-03,        -7.607647808480e-02,        +1.805754693047e-02,        -5.456180216590e-02,        +7.544469422678e-02,        +3.803451936875e-02,        +3.493795175768e-02,        -4.695788672645e-02,        +1.414213562373e-01,        +1.803563098706e-02,        -5.455036711759e-02,        -2.882666838520e-03,        -7.607756449730e-02,        +3.493795175768e-02,        -4.695788672645e-02,        +7.545519511785e-02,        +3.807360531384e-02
 9.44000000e+01,        +1.414213562373e-01,        +7.651034967730e-02,        +3.910827196960e-02,        +3.448178577974e-02,        -4.725748366504e-02,        -5.081635576061e-03,        -7.642638481257e-02,        +1.675869089526e-02,        -5.462014315279e-02,        +1.414213562373e-01,        +3.448178577974e-02,        -4.725748366504e-02,        +7.650024912928e-02,        +3.906647923661e-02,        +1.678026994852e-02,        -5.463262069932e-02,        -5.081646551055e-03,        -7.642751503709e-02,        +1.414213562373e-01,        -5.081635576061e-03,        -7.642638481257e-02,        +1.678026994852e-02,        -5.463262069931e-02,        +7.650388375603e-02,        +3.910945034227e-02,        +3.447527645266e-02,        -4.723077510069e-02,        +1.414213562373e-01,        +1.675869089526e-02,        -5.462014315279e-02,        -5.081646551055e-03,        -7.642751503709e-02,        +3.447527645266e-02,        -4.723077510069e-02,        +7.651492361647e-02,        +3.914872436127e-02
 9.60000000e+01,        +1.414213562373e-01,        +7.763679909322e-02,        +4.016061210544e-02,        +3.404031647393e-02,        -4.753852378437e-02,        -7.319601876551e-03,        -7.672827969553e-02,        +1.547637428720e-02,        -5.465566249644e-02,        +1.414213562373e-01,        +3.404031647393e-02,        -4.753852378437e-02,        +7.762626505031e-02,        +4.011862981699e-02,        +1.549755034545e-02,        -5.466919022584e-02,        -7.319682697708e-03,        -7.672945091912e-02,        +1.414213562373e-01,        -7.319601876551e-03,        -7.672827969552e-02,        +1.549755034545e-02,        -5.466919022584e-02,        +7.763090314784e-02,        +4.016282587071e-02,        +3.403454064380e-02,        -4.751066785579e-02,        +1.414213562373e-01,        +1.547637428720e-02,        -5.465566249644e-02,        -7.319682697707e-03,        -7.672945091912e-02,        +3.403454064380e-02,        -4.751066785579e-02,        +7.764247221908e-02,        +4.020223904244e-02
 9.76000000e+01,        +1.414213562373e-01,        +7.883198373434e-02,        +4.118748299848e-02,        +3.362052792566e-02,        -4.782898634652e-02,        -9.597386365398e-03,        -7.697947867318e-02,        +1.418894748965e-02,        -5.465565655765e-02,        +1.414213562373e-01,        +3.362052792566e-02,        -4.782898634652e-02,        +7.882103704460e-02,        +4.114535480447e-02,        +1.420965168512e-02,        -5.467023925750e-02,        -9.597542624703e-03,        -7.698068767966e-02,        +1.414213562373e-01,        -9.597386365398e-03,        -7.697947867318e-02,        +1.420965168512e-02,        -5.467023925750e-02,        +7.882674736366e-02,        +4.119076871871e-02,        +3.361555675022e-02,        -4.779997971618e-02,        +1.414213562373e-01,        +1.418894748965e-02,        -5.465565655765e-02,        -9.597542624702e-03,        -7.698068767966e-02,        +3.361555675022e-02,        -4.779997971618e-02,        +7.883883231108e-02,        +4.123027112074e-02
 9.92000000e+01,        +1.414213562373e-01,        +8.009674739339e-02,        +4.218479004838e-02,        +3.322207522572e-02,        -4.813138474391e-02,        -1.191565204460e-02,        -7.717704687109e-02,        +1.289678713063e-02,        -5.461872141219e-02,        +1.414213562373e-01,        +3.322207522572e-02,        -4.813138474391e-02,        +8.008541293659e-02,        +4.214255964557e-02,        +1.291694778791e-02,        -5.463436069232e-02,        -1.191588944744e-02,        -7.717828999086e-02,        +1.414213562373e-01,        -1.191565204460e-02,        -7.717704687109e-02,        +1.291694778791e-02,        -5.463436069232e-02,        +8.009226634598e-02,        +4.218918100925e-02,        +3.321798271029e-02,        -4.810122729456e-02,        +1.414213562373e-01,        +1.289678713063e-02,        -5.461872141219e-02,        -1.191588944744e-02,        -7.717828999086e-02,        +3.321798271029e-02,        -4.810122729456e-02,        +8.010485010874e-02,        +4.222872188627e-02
 1.00800000e+02,        +1.414213562373e-01,        +8.143176472834e-02,        +4.314821099721e-02,        +3.284443982421e-02,        -4.844833350576e-02,        -1.427493069464e-02,        -7.731779064417e-02,        +1.160040222532e-02,        -5.454331776669e-02,        +1.414213562373e-01,        +3.284443982421e-02,        -4.844833350576e-02,        +8.142007162164e-02,        +4.310592178796e-02,        +1.161994482128e-02,        -5.456001174373e-02,        -1.427525507475e-02,        -7.731906367098e-02,        +1.414213562373e-01,        -1.427493069464e-02,        -7.731779064417e-02,        +1.161994482128e-02,        -5.456001174373e-02,        +8.142814102677e-02,        +4.315373662079e-02,        +3.284130282829e-02,        -4.841702866821e-02,        +1.414213562373e-01,        +1.160040222532e-02,        -5.454331776669e-02,        -1.427525507475e-02,        -7.731906367098e-02,        +3.284130282829e-02,        -4.841702866821e-02,        +8.144120264860e-02,        +4.319326453686e-02
 1.02400000e+02,        +1.414213562373e-01,        +8.283751437393e-02,        +4.407318989400e-02,        +3.248690828873e-02,        -4.878254595448e-02,        -1.667559310777e-02,        -7.739825130200e-02,        +1.030045824015e-02,        -5.442777296775e-02,        +1.414213562373e-01,        +3.248690828873e-02,        -4.878254595448e-02,        +8.282549613851e-02,        +4.403088459331e-02,        +1.031930537713e-02,        -5.444551590583e-02,        -1.667601040543e-02,        -7.739954938549e-02,        +1.414213562373e-01,        -1.667559310777e-02,        -7.739825130200e-02,        +1.031930537713e-02,        -5.444551590583e-02,        +8.283485640871e-02,        +4.407987509981e-02,        +3.248480651334e-02,        -4.875010107802e-02,        +1.414213562373e-01,        +1.030045824015e-02,        -5.442777296775e-02,        -1.667601040542e-02,        -7.739954938549e-02,        +3.248480651334e-02,        -4.875010107802e-02,        +8.284837082484e-02,        +4.411933809155e-02
 1.04000000e+02,        +1.414213562373e-01,        +8.431424901622e-02,        +4.495493306104e-02,        +3.214854895288e-02,        -4.913682951539e-02,        -1.911781640138e-02,        -7.741470098202e-02,        +8.997803145358e-03,        -5.427028550090e-02,        +1.414213562373e-01,        +3.214854895288e-02,        -4.913682951539e-02,        +8.430194369058e-02,        +4.491265326791e-02,        +9.015874551934e-03,        -5.428906740421e-02,        -1.911833259288e-02,        -7.741601851882e-02,        +1.414213562373e-01,        -1.911781640138e-02,        -7.741470098202e-02,        +9.015874551934e-03,        -5.428906740421e-02,        +8.431267160077e-02,        +4.496279756819e-02,        +3.214756489148e-02,        -4.910325628373e-02,        +1.414213562373e-01,        +8.997803145359e-03,        -5.427028550090e-02,        -1.911833259288e-02,        -7.741601851882e-02,        +3.214756489148e-02,        -4.910325628373e-02,        +8.432660937053e-02,        +4.500214333425e-02
 1.05600000e+02,        +1.414213562373e-01,        +8.586196236528e-02,        +4.578840761136e-02,        +3.182818650109e-02,        -4.951407816100e-02,        -2.160154834623e-02,        -7.736314120663e-02,        +7.693495408864e-03,        -5.406893248395e-02,        +1.414213562373e-01,        +3.182818650109e-02,        -4.951407816100e-02,        +8.584941256431e-02,        +4.574619336504e-02,        +7.710707983629e-03,        -5.408873864419e-02,        -2.160216933066e-02,        -7.736447175677e-02,        +1.414213562373e-01,        -2.160154834623e-02,        -7.736314120663e-02,        +7.710707983630e-03,        -5.408873864419e-02,        +8.586158673753e-02,        +4.579746517696e-02,        +3.182840533654e-02,        -4.947939304697e-02,        +1.414213562373e-01,        +7.693495408864e-03,        -5.406893248395e-02,        -2.160216933066e-02,        -7.736447175677e-02,        +3.182840533654e-02,        -4.947939304697e-02,        +8.587591373888e-02,        +4.583664134241e-02
 1.07200000e+02,        +1.414213562373e-01,        +8.748035302632e-02,        +4.656834313757e-02,        +3.152437461165e-02,        -4.991726141336e-02,        -2.412646871027e-02,        -7.723930473197e-02,        +6.388833809247e-03,        -5.382168071731e-02,        +1.414213562373e-01,        +3.152437461165e-02,        -4.991726141335e-02,        +8.746760595790e-02,        +4.652623247147e-02,        +6.405101718996e-03,        -5.384249122567e-02,        -2.412720017500e-02,        -7.724064097647e-02,        +1.414213562373e-01,        -2.412646871027e-02,        -7.723930473197e-02,        +6.405101718996e-03,        -5.384249122567e-02,        +8.748130677989e-02,        +4.657860073215e-02,        +3.152588404777e-02,        -4.988148615806e-02,        +1.414213562373e-01,        +6.388833809247e-03,        -5.382168071731e-02,        -2.412720017500e-02,        -7.724064097646e-02,        +3.152588404777e-02,        -4.988148615806e-02,        +8.749598390391e-02,        +4.661755520855e-02
 1.08800000e+02,        +1.414213562373e-01,        +8.916878535530e-02,        +4.728923726215e-02,        +3.123536687361e-02,        -5.034940927375e-02,        -2.669194770270e-02,        -7.703866136672e-02,        +5.085388852517e-03,        -5.352640190909e-02,        +1.414213562373e-01,        +3.123536687361e-02,        -5.034940927375e-02,        +8.915589280847e-02,        +4.724726575432e-02,        +5.100623689227e-03,        -5.354819114327e-02,        -2.669279499214e-02,        -7.703999510422e-02,        +1.414213562373e-01,        -2.669194770270e-02,        -7.703866136672e-02,        +5.100623689227e-03,        -5.354819114327e-02,        +8.917120228356e-02,        +4.730069418803e-02,        +3.123825689920e-02,        -5.031257137519e-02,        +1.414213562373e-01,        +5.085388852517e-03,        -5.352640190909e-02,        -2.669279499214e-02,        -7.703999510422e-02,        +3.123825689920e-02,        -5.031257137519e-02,        +8.918618516904e-02,        +4.733937562332e-02
 1.10400000e+02,        +1.414213562373e-01,        +9.092624749238e-02,        +4.794536580406e-02,        +3.095908631001e-02,        -5.081359240122e-02,        -2.929700171078e-02,        -7.675642850499e-02,        +3.785035461872e-03,        -5.318089274146e-02,        +1.414213562373e-01,        +3.095908631001e-02,        -5.081359240122e-02,        +9.091326580287e-02,        +4.790356611316e-02,        +3.799146458972e-03,        -5.320362883440e-02,        -2.929796971244e-02,        -7.675775067241e-02,        +1.414213562373e-01,        -2.929700171078e-02,        -7.675642850499e-02,        +3.799146458972e-03,        -5.320362883440e-02,        +9.093026733146e-02,        +4.795801276643e-02,        +3.096344889809e-02,        -5.077572560284e-02,        +1.414213562373e-01,        +3.785035461873e-03,        -5.318089274146e-02,        -2.929796971244e-02,        -7.675775067241e-02,        +3.096344889809e-02,        -5.077572560284e-02,        +9.094550616452e-02,        +4.799637106063e-02
 1.12000000e+02,        +1.414213562373e-01,        +9.275130689895e-02,        +4.853079837257e-02,        +3.069309397965e-02,        -5.131289682582e-02,        -3.194024665268e-02,        -7.638758717376e-02,        +2.489986469960e-03,        -5.278290048076e-02,        +1.414213562373e-01,        +3.069309397964e-02,        -5.131289682582e-02,        +9.273829688676e-02,        +4.848919974712e-02,        +2.502880778785e-03,        -5.280654477376e-02,        -3.194133970142e-02,        -7.638888787433e-02,        +1.414213562373e-01,        -3.194024665268e-02,        -7.638758717376e-02,        +2.502880778785e-03,        -5.280654477376e-02,        +9.275707495816e-02,        +4.854461651357e-02,        +3.069902272437e-02,        -5.127404160092e-02,        +1.414213562373e-01,        +2.489986469960e-03,        -5.278290048076e-02,        -3.194133970142e-02,        -7.638888787433e-02,        +3.069902272437e-02,        -5.127404160092e-02,        +9.277251434286e-02,        +4.858260337495e-02
 1.13600000e+02,        +1.414213562373e-01,        +9.464206388261e-02,        +4.903942023904e-02,        +3.043455729634e-02,        -5.185039246610e-02,        -3.461984942809e-02,        -7.592690443668e-02,        +1.202826277317e-03,        -5.233015485215e-02,        +1.414213562373e-01,        +3.043455729634e-02,        -5.185039246610e-02,        +9.462909074821e-02,        +4.899804799373e-02,        +1.214409307991e-03,        -5.235466133269e-02,        -3.462107122067e-02,        -7.592817296503e-02,        +1.414213562373e-01,        -3.461984942809e-02,        -7.592690443667e-02,        +1.214409307991e-03,        -5.235466133269e-02,        +9.464973055132e-02,        +4.905438014569e-02,        +3.044214698609e-02,        -5.181059649637e-02,        +1.414213562373e-01,        +1.202826277317e-03,        -5.233015485214e-02,        -3.462107122067e-02,        -7.592817296503e-02,        +3.044214698609e-02,        -5.181059649637e-02,        +9.466530944608e-02,        +4.909194967086e-02
 1.15200000e+02,        +1.414213562373e-01,        +9.659610378012e-02,        +4.946496135486e-02,        +3.018021889650e-02,        -5.242909472996e-02,        -3.733347813355e-02,        -7.536896301418e-02,        -7.345615102650e-05,        -5.182040688936e-02,        +1.414213562373e-01,        +3.018021889650e-02,        -5.242909472996e-02,        +9.658323694386e-02,        +4.942383631488e-02,        -6.328031659748e-05,        -5.184572161551e-02,        -3.733483164356e-02,        -7.537018787596e-02,        +1.414213562373e-01,        -3.733347813355e-02,        -7.536896301417e-02,        -6.328031659728e-05,        -5.184572161551e-02,        +9.660582389959e-02,        +4.948102205248e-02,        +3.018956501793e-02,        -5.238841337533e-02,        +1.414213562373e-01,        -7.345615102620e-05,        -5.182040688936e-02,        -3.733483164356e-02,        -7.537018787596e-02,        +3.018956501793e-02,        -5.238841337533e-02,        +9.662147561268e-02,        +4.951813132394e-02
 1.16800000e+02,        +1.414213562373e-01,        +9.861044868021e-02,        +4.980103336912e-02,        +2.992636710162e-02,        -5.305191852491e-02,        -4.007825192126e-02,        -7.470819896661e-02,        -1.335435994555e-03,        -5.125147542539e-02,        +1.414213562373e-01,        +2.992636710162e-02,        -5.305191852491e-02,        +9.859776155078e-02,        +4.976017128965e-02,        -1.326764107724e-03,        -5.127753594101e-02,        -4.007973930694e-02,        -7.470936789556e-02,        +1.414213562373e-01,        -4.007825192126e-02,        -7.470819896661e-02,        -1.326764107724e-03,        -5.127753594101e-02,        +9.862238076825e-02,        +4.981814131435e-02,        +2.993756526772e-02,        -5.301041527851e-02,        +1.414213562373e-01,        -1.335435994555e-03,        -5.125147542539e-02,        -4.007973930694e-02,        -7.470936789556e-02,        +2.993756526772e-02,        -5.301041527851e-02,        +9.863803300970e-02,        +4.985475101502e-02
 1.18400000e+02,        +1.414213562373e-01,        +1.006815098031e-01,        +5.004117544338e-02,        +2.966880925867e-02,        -5.372162409560e-02,        -4.285069161520e-02,        -7.393894823179e-02,        -2.579224271370e-03,        -5.062130179747e-02,        +1.414213562373e-01,        +2.966880925867e-02,        -5.372162409560e-02,        +1.006690794634e-01,        +5.000058641522e-02,        -2.572153329344e-03,        -5.064803654625e-02,        -4.285231411585e-02,        -7.394004820962e-02,        +1.414213562373e-01,        -4.285069161520e-02,        -7.393894823179e-02,        -2.572153329344e-03,        -5.064803654624e-02,        +1.006958151193e-01,        +5.005926353439e-02,        +2.968195455367e-02,        -5.367937101420e-02,        +1.414213562373e-01,        -2.579224271370e-03,        -5.062130179747e-02,        -4.285231411585e-02,        -7.394004820962e-02,        +2.968195455367e-02,        -5.367937101420e-02,        +1.007113901116e-01,        +5.009533858006e-02
 1.20000000e+02,        +1.414213562373e-01,        +1.028050419060e-01,        +5.017890955333e-02,        +2.940284949002e-02,        -5.444075425579e-02,        -4.564667245077e-02,        -7.305550270118e-02,        -3.800444045875e-03,        -4.992801319187e-02,        +1.414213562373e-01,        +2.940284949002e-02,        -5.444075425579e-02,        +1.027929487078e-01,        +5.013859740778e-02,        -3.795070601854e-03,        -4.995534094110e-02,        -4.564843027058e-02,        -7.305651998601e-02,        +1.414213562373e-01,        -4.564667245077e-02,        -7.305550270118e-02,        -3.795070601854e-03,        -4.995534094110e-02,        +1.028218833463e-01,        +5.019789617873e-02,        +2.941803572575e-02,        -5.439783235286e-02,        +1.414213562373e-01,        -3.800444045875e-03,        -4.992801319187e-02,        -4.564843027058e-02,        -7.305651998601e-02,        +2.941803572575e-02,        -5.439783235286e-02,        +1.028372980003e-01,        +5.023340636741e-02
 1.21600000e+02,        +1.414213562373e-01,        +1.049761013436e-01,        +5.020780579553e-02,        +2.912327263698e-02,        -5.521156279847e-02,        -4.846138056483e-02,        -7.205217634879e-02,        -4.994212930363e-03,        -4.916999483760e-02,        +1.414213562373e-01,        +2.912327263698e-02,        -5.521156279847e-02,        +1.049644284040e-01,        +5.016776752357e-02,        -4.990632292402e-03,        -4.919782412592e-02,        -4.846327274488e-02,        -7.205309651744e-02,        +1.414213562373e-01,        -4.846138056482e-02,        -7.205217634879e-02,        -4.990632292402e-03,        -4.919782412592e-02,        +1.049956421555e-01,        +5.022759394783e-02,        +2.914059151717e-02,        -5.516806238445e-02,        +1.414213562373e-01,        -4.994212930363e-03,        -4.916999483760e-02,        -4.846327274488e-02,        -7.205309651744e-02,        +2.914059151717e-02,        -5.516806238445e-02,        +1.050108083189e-01,        +5.026251462237e-02
 1.23200000e+02,        +1.414213562373e-01,        +1.071890096677e-01,        +5.012155797441e-02,        +2.882433642082e-02,        -5.603593416200e-02,        -5.128927511821e-02,        -7.092338168359e-02,        -6.155133900884e-03,        -4.834597096443e-02,        +1.414213562373e-01,        +2.882433642082e-02,        -5.603593416200e-02,        +1.071778422642e-01,        +5.008178317665e-02,        -6.153439212413e-03,        -4.837419959041e-02,        -5.129129939867e-02,        -7.092418969225e-02,        +1.414213562373e-01,        -5.128927511821e-02,        -7.092338168359e-02,        -6.153439212412e-03,        -4.837419959041e-02,        +1.072114119806e-01,        +5.014203445783e-02,        +2.884387661282e-02,        -5.599195511435e-02,        +1.414213562373e-01,        -6.155133900883e-03,        -4.834597096443e-02,        -5.129129939867e-02,        -7.092418969225e-02,        +2.884387661282e-02,        -5.599195511435e-02,        +1.072262367689e-01,        +5.017634717467e-02
 1.24800000e+02,        +1.414213562373e-01,        +1.094373248836e-01,        +4.991406941992e-02,        +2.849977405464e-02,        -5.691529480944e-02,        -5.412405816549e-02,        -6.966371647260e-02,        -7.277296656811e-03,        -4.745509406201e-02,        +1.414213562373e-01,        +2.849977405464e-02,        -5.691529480943e-02,        +1.094267497442e-01,        +4.987453980537e-02,        -7.277577853997e-03,        -4.748360863305e-02,        -5.412621084093e-02,        -6.966439673970e-02,        +1.414213562373e-01,        -5.412405816549e-02,        -6.966371647260e-02,        -7.277577853997e-03,        -4.748360863305e-02,        +1.094627480528e-01,        +4.993510418635e-02,        +2.852162017104e-02,        -5.687094675359e-02,        +1.414213562373e-01,        -7.277296656810e-03,        -4.745509406201e-02,        -5.412621084093e-02,        -6.966439673970e-02,        +2.852162017104e-02,        -5.687094675359e-02,        +1.094771342696e-01,        +4.996879738013e-02
 1.26400000e+02,        +1.414213562373e-01,        +1.117138226638e-01,        +4.957954857732e-02,        +2.814280969319e-02,        -5.785051724683e-02,        -5.695865457383e-02,        -6.826806027267e-02,        -8.354291907492e-03,        -4.649704150857e-02,        +1.414213562373e-01,        +2.814280969319e-02,        -5.785051724683e-02,        +1.117039271552e-01,        +4.954023753071e-02,        -8.356634551477e-03,        -4.652571707212e-02,        -5.696093034520e-02,        -6.826859678730e-02,        +1.414213562373e-01,        -5.695865457383e-02,        -6.826806027267e-02,        -8.356634551477e-03,        -4.652571707212e-02,        +1.117424214339e-01,        +4.960099422723e-02,        +2.816704118951e-02,        -5.780591962785e-02,        +1.414213562373e-01,        -8.354291907492e-03,        -4.649704150857e-02,        -5.696093034520e-02,        -6.826859678730e-02,        +2.816704118951e-02,        -5.780591962785e-02,        +1.117562680871e-01,        +4.963406385841e-02
 1.28000000e+02,        +1.414213562373e-01,        +1.140104899394e-01,        +4.911261341740e-02,        +2.774618917865e-02,        -5.884181816128e-02,        -5.978520440870e-02,        -6.673167981621e-02,        -9.379241040008e-03,        -4.547211808276e-02,        +1.414213562373e-01,        +2.774618917865e-02,        -5.884181816128e-02,        +1.140013611564e-01,        +4.907348565580e-02,        -9.383725025528e-03,        -4.550081786399e-02,        -5.978759623641e-02,        -6.673205627483e-02,        +1.414213562373e-01,        -5.978520440870e-02,        -6.673167981621e-02,        -9.383725025528e-03,        -4.550081786399e-02,        +1.140424124380e-01,        +4.913430490496e-02,        +2.777287917732e-02,        -5.879710018595e-02,        +1.414213562373e-01,        -9.379241040008e-03,        -4.547211808276e-02,        -5.978759623641e-02,        -6.673205627483e-02,        +2.777287917732e-02,        -5.879710018595e-02,        +1.140556153566e-01,        +4.916675507494e-02
 1.29600000e+02,        +1.414213562373e-01,        +1.163185333015e-01,        +4.850840314758e-02,        +2.730222849637e-02,        -5.988865279239e-02,        -6.259507021970e-02,        -6.505034172796e-02,        -1.034484357792e-02,        -4.438136224007e-02,        +1.414213562373e-01,        +2.730222849637e-02,        -5.988865279239e-02,        +1.163102570663e-01,        +4.846941448804e-02,        -1.035154172402e-02,        -4.440993751177e-02,        -6.259756918246e-02,        -6.505054170148e-02,        +1.414213562373e-01,        -6.259507021970e-02,        -6.505034172796e-02,        -1.035154172402e-02,        -4.440993751177e-02,        +1.163539188832e-01,        +4.853015773032e-02,        +2.733144255173e-02,        -5.984395322139e-02,        +1.414213562373e-01,        -1.034484357792e-02,        -4.438136224007e-02,        -6.259756918246e-02,        -6.505054170148e-02,        +2.733144255173e-02,        -5.984395322139e-02,        +1.163663714359e-01,        +4.856200124662e-02
 1.31200000e+02,        +1.414213562373e-01,        +1.186284045283e-01,        +4.776269507884e-02,        +2.680288216306e-02,        -6.098960834013e-02,        -6.537886154308e-02,        -6.322043042424e-02,        -1.124344464935e-02,        -4.322665334596e-02,        +1.414213562373e-01,        +2.680288216306e-02,        -6.098960834012e-02,        +1.186210643131e-01,        +4.772379233876e-02,        -1.125242118273e-02,        -4.325494345765e-02,        -6.538145670829e-02,        -6.322043755692e-02,        +1.414213562373e-01,        -6.537886154308e-02,        -6.322043042424e-02,        -1.125242118273e-02,        -4.325494345765e-02,        +1.186673814978e-01,        +4.778431255178e-02,        +2.683467698675e-02,        -6.094507511134e-02,        +1.414213562373e-01,        -1.124344464935e-02,        -4.322665334596e-02,        -6.538145670829e-02,        -6.322043755692e-02,        +2.683467698675e-02,        -6.094507511134e-02,        +1.186789754109e-01,        +4.781557142440e-02
 1.32800000e+02,        +1.414213562373e-01,        +1.209298452783e-01,        +4.687202385047e-02,        +2.623983340020e-02,        -6.214229992757e-02,        -6.812647866236e-02,        -6.123906839221e-02,        -1.206712431275e-02,        -4.201081634265e-02,        +1.414213562373e-01,        +2.623983340020e-02,        -6.214229992757e-02,        +1.209235210699e-01,        +4.683314490133e-02,        -1.207843325985e-02,        -4.203864893591e-02,        -6.812915697413e-02,        -6.123886663297e-02,        +1.414213562373e-01,        -6.812647866236e-02,        -6.123906839221e-02,        -1.207843325985e-02,        -4.203864893591e-02,        +1.209725285310e-01,        +4.689328710215e-02,        +2.627425557138e-02,        -6.209808959379e-02,        +1.414213562373e-01,        -1.206712431275e-02,        -4.201081634265e-02,        -6.812915697413e-02,        -6.123886663297e-02,        +2.627425557138e-02,        -6.209808959379e-02,        +1.209831548009e-01,        +4.692399295138e-02
 1.34400000e+02,        +1.414213562373e-01,        +1.232119525301e-01,        +4.583379957335e-02,        +2.560460737228e-02,        -6.334327333401e-02,        -7.082717720913e-02,        -5.910423540530e-02,        -1.280781001543e-02,        -4.073771962989e-02,        +1.414213562373e-01,        +2.560460737228e-02,        -6.334327333401e-02,        +1.232067196597e-01,        +4.579487356651e-02,        -1.282149352520e-02,        -4.076491106629e-02,        -7.082992340073e-02,        -5.910380927073e-02,        +1.414213562373e-01,        -7.082717720913e-02,        -5.910423540530e-02,        -1.282149352520e-02,        -4.076491106629e-02,        +1.232584411589e-01,        +4.585447549664e-02,        +2.564169206185e-02,        -6.329955030169e-02,        +1.414213562373e-01,        -1.280781001543e-02,        -4.073771962989e-02,        -7.082992340073e-02,        -5.910380927073e-02,        +2.564169206185e-02,        -6.329955030169e-02,        +1.232679910479e-01,        +4.588466985247e-02
 1.36000000e+02,        +1.414213562373e-01,        +1.254632656963e-01,        +4.464642087595e-02,        +2.488870797730e-02,        -6.458791933663e-02,        -7.346965453132e-02,        -5.681488265267e-02,        -1.345741266732e-02,        -3.941236131763e-02,        +1.414213562373e-01,        +2.488870797730e-02,        -6.458791933663e-02,        +1.254591936633e-01,        +4.460736865544e-02,        -1.347349929309e-02,        -3.943871734321e-02,        -7.347245106915e-02,        -5.681421752010e-02,        +1.414213562373e-01,        -7.346965453132e-02,        -5.681488265267e-02,        -1.347349929309e-02,        -3.943871734321e-02,        +1.255136406214e-01,        +4.466626165923e-02,        +2.492847771972e-02,        -6.454485489724e-02,        +1.414213562373e-01,        -1.345741266732e-02,        -3.941236131763e-02,        -7.347245106915e-02,        -5.681421752010e-02,        +2.492847771972e-02,        -6.454485489724e-02,        +1.255220067224e-01,        +4.469599613357e-02
 1.37600000e+02,        +1.414213562373e-01,        +1.276718754853e-01,        +4.330937838522e-02,        +2.408377766692e-02,        -6.587040498151e-02,        -7.604215790657e-02,        -5.437103730826e-02,        -1.400798580240e-02,        -3.804093852632e-02,        +1.414213562373e-01,        +2.408377766692e-02,        -6.587040498151e-02,        +1.276690268095e-01,        +4.327011309756e-02,        -1.402648877724e-02,        -3.806625519308e-02,        -7.604498497296e-02,        -5.437011973533e-02,        +1.414213562373e-01,        -7.604215790657e-02,        -5.437103730826e-02,        -1.402648877724e-02,        -3.806625519308e-02,        +1.277261971747e-01,        +4.332812319957e-02,        +2.412624121690e-02,        -6.582817613308e-02,        +1.414213562373e-01,        -1.400798580240e-02,        -3.804093852632e-02,        -7.604498497296e-02,        -5.437011973533e-02,        +2.412624121690e-02,        -6.582817613308e-02,        +1.277332745258e-01,        +4.335745951456e-02
 1.39200000e+02,        +1.414213562373e-01,        +1.298255535672e-01,        +4.182334391318e-02,        +2.318177856488e-02,        -6.718362737489e-02,        -7.853261365471e-02,        -5.177389280220e-02,        -1.445190609089e-02,        -3.663089414079e-02,        +1.414213562373e-01,        +2.318177856488e-02,        -6.718362737489e-02,        +1.298239827073e-01,        +4.178377181764e-02,        -1.447282163694e-02,        -3.665495900042e-02,        -7.853544917663e-02,        -5.177271086813e-02,        +1.414213562373e-01,        -7.853261365470e-02,        -5.177389280220e-02,        -1.447282163694e-02,        -3.665495900042e-02,        +1.298838599208e-01,        +4.184072099873e-02,        +2.322692987874e-02,        -6.714241543869e-02,        +1.414213562373e-01,        -1.445190609089e-02,        -3.663089414079e-02,        -7.853544917663e-02,        -5.177271086813e-02,        +2.322692987874e-02,        -6.714241543869e-02,        +1.298895471461e-01,        +4.186973085766e-02
 1.40800000e+02,        +1.414213562373e-01,        +1.319119009440e-01,        +4.019024061298e-02,        +2.217519179032e-02,        -6.851919557217e-02,        -8.092877504978e-02,        -4.902588004942e-02,        -1.478207210325e-02,        -3.519093543796e-02,        +1.414213562373e-01,        +2.217519179032e-02,        -6.851919557217e-02,        +1.319116533232e-01,        +4.015026208783e-02,        -1.480537782039e-02,        -3.521352901610e-02,        -8.093159478006e-02,        -4.902442371113e-02,        +1.414213562373e-01,        -8.092877504977e-02,        -4.902588004941e-02,        -1.480537782039e-02,        -3.521352901610e-02,        +1.319742054205e-01,        +4.020596975271e-02,        +2.222300917274e-02,        -6.847918461762e-02,        +1.414213562373e-01,        -1.478207210325e-02,        -3.519093543796e-02,        -8.093159478006e-02,        -4.902442371113e-02,        +2.222300917274e-02,        -6.847918461762e-02,        +1.319784058683e-01,        +4.023473454446e-02
 1.42400000e+02,        +1.414213562373e-01,        +1.339185117108e-01,        +3.841328967063e-02,        +2.105723044581e-02,        -6.986744578199e-02,        -8.321838571550e-02,        -4.613071519202e-02,        -1.499211677999e-02,        -3.373101936892e-02,        +1.414213562373e-01,        +2.105723044581e-02,        -6.986744578199e-02,        +1.339196228903e-01,        +3.837280040155e-02,        -1.501777016315e-02,        -3.375191692020e-02,        -8.322116337219e-02,        -4.612897664679e-02,        +1.414213562373e-01,        -8.321838571550e-02,        -4.613071519202e-02,        -1.501777016315e-02,        -3.375191692020e-02,        +1.339848017749e-01,        +3.842708502267e-02,        +2.110767590180e-02,        -6.982882088218e-02,        +1.414213562373e-01,        -1.499211677998e-02,        -3.373101936892e-02,        -8.322116337219e-02,        -4.612897664679e-02,        +2.110767590180e-02,        -6.982882088218e-02,        +1.339874246243e-01,        +3.845569535661e-02
 1.44000000e+02,        +1.414213562373e-01,        +1.358331477047e-01,        +3.649702974499e-02,        +1.982206029353e-02,        -7.121749435121e-02,        -8.538935399848e-02,        -4.309342005825e-02,        -1.507662762456e-02,        -3.226230002861e-02,        +1.414213562373e-01,        +1.982206029353e-02,        -7.121749435121e-02,        +1.358356427479e-01,        +3.645592207236e-02,        -1.510456476100e-02,        -3.228127356298e-02,        -8.539206146651e-02,        -4.309139410278e-02,        +1.414213562373e-01,        -8.538935399848e-02,        -4.309342005825e-02,        -1.510456476100e-02,        -3.228127356298e-02,        +1.359033836737e-01,        +3.650860298706e-02,        +1.987507912234e-02,        -7.118043970018e-02,        +1.414213562373e-01,        -1.507662762455e-02,        -3.226230002861e-02,        -8.539206146650e-02,        -4.309139410278e-02,        +1.987507912234e-02,        -7.118043970018e-02,        +1.359043449762e-01,        +3.653715806156e-02
 1.45600000e+02,        +1.414213562373e-01,        +1.376439184894e-01,        +3.444730636866e-02,        +1.846502082935e-02,        -7.255733183618e-02,        -8.742993275767e-02,        -3.992031254070e-02,        -1.503136732324e-02,        -3.079703500739e-02,        +1.414213562373e-01,        +1.846502082935e-02,        -7.255733183618e-02,        +1.376478115513e-01,        +3.440547076015e-02,        -1.506150182136e-02,        -3.081385556807e-02,        -8.743254035530e-02,        -3.991799691525e-02,        +1.414213562373e-01,        -8.742993275767e-02,        -3.992031254070e-02,        -1.506150182136e-02,        -3.081385556807e-02,        +1.377180328466e-01,        +3.445637008982e-02,        +1.852054149156e-02,        -7.252202876817e-02,        +1.414213562373e-01,        -1.503136732324e-02,        -3.079703500739e-02,        -8.743254035530e-02,        -3.991799691525e-02,        +1.852054149156e-02,        -7.252202876817e-02,        +1.377172564710e-01,        +3.448497690508e-02
 1.47200000e+02,        +1.414213562373e-01,        +1.393394603108e-01,        +3.227122984657e-02,        +1.698283839846e-02,        -7.387395991512e-02,        -8.932889820023e-02,        -3.661896542154e-02,        -1.485348642977e-02,        -2.934844887017e-02,        +1.414213562373e-01,        +1.698283839846e-02,        -7.387395991512e-02,        +1.393447544842e-01,        +3.222855645204e-02,        -1.488570862864e-02,        -2.936288903280e-02,        -8.933137501036e-02,        -3.661636112668e-02,        +1.414213562373e-01,        -8.932889820023e-02,        -3.661896542154e-02,        -1.488570862864e-02,        -2.936288903280e-02,        +1.394173575443e-01,        +3.227750110456e-02,        +1.704077268001e-02,        -7.384058487366e-02,        +1.414213562373e-01,        -1.485348642977e-02,        -2.934844887017e-02,        -8.933137501036e-02,        -3.661636112668e-02,        +1.704077268001e-02,        -7.384058487366e-02,        +1.394147759944e-01,        +3.230627353791e-02
 1.48800000e+02,        +1.414213562373e-01,        +1.409091072141e-01,        +2.997710177094e-02,        +1.537382229957e-02,        -7.515357101440e-02,        -9.107572094259e-02,        -3.319813375581e-02,        -1.454171905591e-02,        -2.793055389179e-02,        +1.414213562373e-01,        +1.537382229957e-02,        -7.515357101440e-02,        +1.409157946553e-01,        +2.993348200842e-02,        -1.457589556009e-02,        -2.794239044406e-02,        -9.107803520646e-02,        -3.319524532884e-02,        +1.414213562373e-01,        -9.107572094259e-02,        -3.319813375580e-02,        -1.457589556009e-02,        -2.794239044406e-02,        +1.409906642228e-01,        +2.998030571896e-02,        +1.543406578623e-02,        -7.512229352492e-02,        +1.414213562373e-01,        -1.454171905591e-02,        -2.793055389179e-02,        -9.107803520646e-02,        -3.319524532884e-02,        +1.543406578623e-02,        -7.512229352492e-02,        +1.409862193013e-01,        +3.000936348791e-02
 1.50400000e+02,        +1.414213562373e-01,        +1.423430475080e-01,        +2.757431200476e-02,        +1.363803460257e-02,        -7.638176840849e-02,        -9.266072246919e-02,        -2.966765265903e-02,        -1.409655228826e-02,        -2.655793029118e-02,        +1.414213562373e-01,        +1.363803460257e-02,        -7.638176840849e-02,        +1.423511098502e-01,        +2.752964012004e-02,        -1.413252586517e-02,        -2.656694704248e-02,        -9.266284203729e-02,        -2.966448839730e-02,        +1.414213562373e-01,        -9.266072246919e-02,        -2.966765265902e-02,        -1.413252586517e-02,        -2.656694704248e-02,        +1.424281145947e-01,        +2.757418548044e-02,        +1.370046746749e-02,        -7.635274911231e-02,        +1.414213562373e-01,        -1.409655228826e-02,        -2.655793029118e-02,        -9.266284203729e-02,        -2.966448839730e-02,        +1.370046746749e-02,        -7.635274911231e-02,        +1.424217578920e-01,        +2.760365302530e-02
 1.52000000e+02,        +1.414213562373e-01,        +1.436324592546e-01,        +2.507320973102e-02,        +1.177742473335e-02,        -7.754382234504e-02,        -9.407521065512e-02,        -2.603830909342e-02,        -1.352036038013e-02,        -2.524547041572e-02,        +1.414213562373e-01,        +1.177742473335e-02,        -7.754382234504e-02,        +1.436418683076e-01,        +2.502738427001e-02,        -1.355795024806e-02,        -2.525146107871e-02,        -9.407710348715e-02,        -2.603488121218e-02,        +1.414213562373e-01,        -9.407521065512e-02,        -2.603830909342e-02,        -1.355795024806e-02,        -2.525146107871e-02,        +1.437208617046e-01,        +2.506950469467e-02,        +1.184191282723e-02,        -7.751721115302e-02,        +1.414213562373e-01,        -1.352036038013e-02,        -2.524547041572e-02,        -9.407710348715e-02,        -2.603488121218e-02,        +1.184191282723e-02,        -7.751721115302e-02,        +1.437125549001e-01,        +2.509951001718e-02
 1.53600000e+02,        +1.414213562373e-01,        +1.447696194650e-01,        +2.248495376489e-02,        +9.795920787612e-03,        -7.862495560296e-02,        -9.531158901809e-02,        -2.232169284946e-02,        -1.281749567703e-02,        -2.400809347176e-02,        +1.414213562373e-01,        +9.795920787612e-03,        -7.862495560296e-02,        +1.447803381836e-01,        +2.243787889768e-02,        -1.285649820050e-02,        -2.401086455173e-02,        -9.531322372120e-02,        -2.231801756371e-02,        +1.414213562373e-01,        -9.531158901809e-02,        -2.232169284946e-02,        -1.285649820050e-02,        -2.401086455173e-02,        +1.448611596833e-01,        +2.247744047340e-02,        +9.862317008745e-03,        -7.860089002527e-02,        +1.414213562373e-01,        -1.281749567703e-02,        -2.400809347176e-02,        -9.531322372120e-02,        -2.231801756371e-02,        +9.862317008745e-03,        -7.860089002527e-02,        +1.448508746531e-01,        +2.250811397106e-02
 1.55200000e+02,        +1.414213562373e-01,        +1.457479831387e-01,        +1.982134861823e-02,        +7.699471003259e-03,        -7.961064998134e-02,        -9.636343582277e-02,        -1.853003321549e-02,        -1.199432970291e-02,        -2.286043930728e-02,        +1.414213562373e-01,        +7.699471003259e-03,        -7.961064998134e-02,        +1.457599668279e-01,        +1.977293525752e-02,        -1.203451949983e-02,        -2.285981293193e-02,        -9.636478221476e-02,        -1.852613073700e-02,        +1.414213562373e-01,        -9.636343582277e-02,        -1.853003321549e-02,        -1.203451949983e-02,        -2.285981293193e-02,        +1.458424432921e-01,        +1.980981842755e-02,        +7.767616912134e-03,        -7.958925368443e-02,        +1.414213562373e-01,        -1.199432970291e-02,        -2.286043930728e-02,        -9.636478221476e-02,        -1.852613073700e-02,        +7.767616912133e-03,        -7.958925368443e-02,        +1.458301620297e-01,        +1.984129176369e-02
 1.56800000e+02,        +1.414213562373e-01,        +1.465622300943e-01,        +1.709467364990e-02,        +5.496030771908e-03,        -8.048696369887e-02,        -9.722555097264e-02,        -1.467602867472e-02,        -1.105923978605e-02,        -2.181655127140e-02,        +1.414213562373e-01,        +5.496030771908e-03,        -8.048696369887e-02,        +1.465754278067e-01,        +1.704484031348e-02,        -1.110037123818e-02,        -2.181236789341e-02,        -9.722658065483e-02,        -1.467192311828e-02,        +1.414213562373e-01,        -9.722555097264e-02,        -1.467602867472e-02,        -1.110037123818e-02,        -2.181236789341e-02,        +1.466593751838e-01,        +1.707894135063e-02,        +5.565758404650e-03,        -8.046834533214e-02,        +1.414213562373e-01,        -1.105923978605e-02,        -2.181655127140e-02,        -9.722658065483e-02,        -1.467192311828e-02,        +5.565758404650e-03,        -8.046834533214e-02,        +1.466450895471e-01,        +1.711134639845e-02
 1.58400000e+02,        +1.414213562373e-01,        +1.472082795545e-01,        +1.431751292465e-02,        +3.195492880963e-03,        -8.124084868561e-02,        -9.789397064080e-02,        -1.077267726191e-02,        -1.002253891585e-02,        -2.088955917283e-02,        +1.414213562373e-01,        +3.195492880963e-03,        -8.124084868561e-02,        +1.472226356218e-01,        +1.426618630280e-02,        -1.006434806132e-02,        -2.088168007970e-02,        -9.789465756382e-02,        -1.076839645784e-02,        +1.414213562373e-01,        -9.789397064080e-02,        -1.077267726191e-02,        -1.006434806132e-02,        -2.088168007970e-02,        +1.473078608211e-01,        +1.429741853367e-02,        +3.266626707188e-03,        -8.122510100992e-02,        +1.414213562373e-01,        -1.002253891584e-02,        -2.088955917283e-02,        -9.789465756382e-02,        -1.076839645784e-02,        +3.266626707187e-03,        -8.122510100992e-02,        +1.472915721301e-01,        +1.433088642798e-02
 1.60000000e+02,        +1.414213562373e-01,        +1.476832744844e-01,        +1.150259309016e-02,        +8.095611892717e-04,        -8.186045635715e-02,        -9.836595162891e-02,        -6.833114900450e-03,        -8.896349034231e-03,        -2.009137375127e-02,        +1.414213562373e-01,        +8.095611892719e-04,        -8.186045635715e-02,        +1.476987301182e-01,        +1.144970829224e-02,        -8.938555809220e-03,        -2.007968332226e-02,        -9.836627263410e-02,        -6.828690114044e-03,        +1.414213562373e-01,        -9.836595162891e-02,        -6.833114900450e-03,        -8.938555809219e-03,        -2.007968332226e-02,        +1.477850330372e-01,        +1.147800304342e-02,        +8.819201544904e-04,        -8.184765569417e-02,        +1.414213562373e-01,        -8.896349034230e-03,        -2.009137375127e-02,        -9.836627263410e-02,        -6.828690114044e-03,        +8.819201544900e-04,        -8.184765569417e-02,        +1.477667515525e-01,        +1.151266336683e-02
 1.61600000e+02,        +1.414213562373e-01,        +1.479855395436e-01,        +8.662635678325e-03,        -1.648429525122e-03,        -8.233542070376e-02,        -9.863992930994e-02,        -2.870468139365e-03,        -7.694420501879e-03,        -1.943240383195e-02,        +1.414213562373e-01,        -1.648429525122e-03,        -8.233542070376e-02,        +1.480020344334e-01,        +8.608136148980e-03,        -7.736731288108e-03,        -1.941681148903e-02,        -9.863986462912e-02,        -2.865933701381e-03,        +1.414213562373e-01,        -9.863992930994e-02,        -2.870468139365e-03,        -7.736731288107e-03,        -1.941681148903e-02,        +1.480892100883e-01,        +8.633443395923e-03,        -1.575029934715e-03,        -8.232562671202e-02,        +1.414213562373e-01,        -7.694420501878e-03,        -1.943240383195e-02,        -9.863986462912e-02,        -2.865933701381e-03,        -1.575029934715e-03,        -8.232562671202e-02,        +1.480689544085e-01,        +8.669423517905e-03
 1.63200000e+02,        +1.414213562373e-01,        +1.481145180239e-01,        +5.810228823967e-03,        -4.163742421885e-03,        -8.265710838044e-02,        -9.871545452376e-02,        +1.102273702713e-03,        -6.431902864958e-03,        -1.892130648021e-02,        +1.414213562373e-01,        -4.163742421884e-03,        -8.265710838044e-02,        +1.481319918601e-01,        +5.754065936088e-03,        -6.474013291638e-03,        -1.890174828928e-02,        -9.871498822104e-02,        +1.106880846772e-03,        +1.414213562373e-01,        -9.871545452376e-02,        +1.102273702713e-03,        -6.474013291638e-03,        -1.890174828928e-02,        +1.482198325687e-01,        +5.776354645842e-03,        -4.089488153269e-03,        -8.265036414995e-02,        +1.414213562373e-01,        -6.431902864957e-03,        -1.892130648022e-02,        -9.871498822104e-02,        +1.106880846772e-03,        -4.089488153270e-03,        -8.265036414995e-02,        +1.481976289853e-01,        +5.813779222847e-03
 1.64800000e+02,        +1.414213562373e-01,        +1.480706941570e-01,        +2.957721606387e-03,        -6.720508956195e-03,        -8.281882686841e-02,        -9.859311581123e-02,        +5.072363767223e-03,        -5.125074129220e-03,        -1.856477908659e-02,        +1.414213562373e-01,        -6.720508956195e-03,        -8.281882686841e-02,        +1.480890880110e-01,        +2.899853955110e-03,        -5.166672071853e-03,        -1.854121897536e-02,        -9.859223615232e-02,        +5.077004578070e-03,        +1.414213562373e-01,        -9.859311581123e-02,        +5.072363767223e-03,        -5.166672071852e-03,        -1.854121897536e-02,        +1.481773855757e-01,        +2.919112124174e-03,        -6.645585458645e-03,        -8.281515931325e-02,        +1.414213562373e-01,        -5.125074129219e-03,        -1.856477908659e-02,        -9.859223615232e-02,        +5.077004578070e-03,        -6.645585458646e-03,        -8.281515931325e-02,        +1.481532674261e-01,        +2.958102758876e-03
 1.66400000e+02,        +1.414213562373e-01,        +1.478555076017e-01,        +1.171422353418e-04,        -9.302031874823e-03,        -8.281598358232e-02,        -9.827445379941e-02,        +9.027379024693e-03,        -3.791037407374e-03,        -1.836740050869e-02,        +1.414213562373e-01,        -9.302031874822e-03,        -8.281598358232e-02,        +1.478747650984e-01,        +5.753467280236e-05,        -3.831806122248e-03,        -1.833983107849e-02,        -9.827315353628e-02,        +9.032012946657e-03,        +1.414213562373e-01,        -9.827445379940e-02,        +9.027379024693e-03,        -3.831806122247e-03,        -1.833983107849e-02,        +1.479633129424e-01,        +7.376907071736e-05,        -9.226622313673e-03,        -8.281540409954e-02,        +1.414213562373e-01,        -3.791037407373e-03,        -1.836740050869e-02,        -9.827315353628e-02,        +9.032012946656e-03,        -9.226622313673e-03,        -8.281540409954e-02,        +1.479373199985e-01,        +1.144441183966e-04
 1.68000000e+02,        +1.414213562373e-01,        +1.474712667246e-01,        -2.699860682043e-03,        -1.189111082391e-02,        -8.264619088097e-02,        -9.776187436187e-02,        +1.295527853541e-02,        -2.447394969730e-03,        -1.833152631118e-02,        +1.414213562373e-01,        -1.189111082391e-02,        -8.264619088097e-02,        +1.474913349598e-01,        -2.761238218010e-03,        -2.487016301400e-03,        -1.829996923063e-02,        -9.776015092372e-02,        +1.295986411425e-02,        +1.414213562373e-01,        -9.776187436187e-02,        +1.295527853541e-02,        -2.487016301399e-03,        -1.829996923063e-02,        +1.475799301718e-01,        -2.748002580614e-03,        -1.181539447891e-02,        -8.264869623551e-02,        +1.414213562373e-01,        -2.447394969729e-03,        -1.833152631118e-02,        -9.776015092372e-02,        +1.295986411425e-02,        -1.181539447891e-02,        -8.264869623551e-02,        +1.475521080967e-01,        -2.705528079467e-03
 1.69600000e+02,        +1.414213562373e-01,        +1.469210665251e-01,        -5.482056349555e-03,        -1.447037990032e-02,        -8.230931416174e-02,        -9.705856641190e-02,        +1.684444114924e-02,        -1.111910369390e-03,        -1.845724092166e-02,        +1.414213562373e-01,        -1.447037990032e-02,        -8.230931416174e-02,        +1.469418966891e-01,        -5.545230149550e-03,        -1.150067968935e-03,        -1.842174690082e-02,        -9.705642199657e-02,        +1.684893667294e-02,        +1.414213562373e-01,        -9.705856641190e-02,        +1.684444114924e-02,        -1.150067968934e-03,        -1.842174690082e-02,        +1.470303419394e-01,        -5.534950803219e-03,        -1.439453077771e-02,        -8.231488755128e-02,        +1.414213562373e-01,        -1.111910369389e-03,        -1.845724092166e-02,        -9.705642199657e-02,        +1.684893667294e-02,        -1.439453077771e-02,        -8.231488755128e-02,        +1.470007418384e-01,        -5.490565092191e-03
 1.71200000e+02,        +1.414213562373e-01,        +1.462087158068e-01,        -8.218653456707e-03,        -1.702264634606e-02,        -8.180746244716e-02,        -9.616842894197e-02,        +2.068368663012e-02,        +1.978305548253e-04,        -1.874236729132e-02,        +1.414213562373e-01,        -1.702264634606e-02,        -8.180746244716e-02,        +1.462302634936e-01,        -8.283647427187e-03,        +1.614480608964e-04,        -1.870301564400e-02,        -9.616587050600e-02,        +2.068805077439e-02,        +1.414213562373e-01,        -9.616842894197e-02,        +2.068368663012e-02,        +1.614480608971e-04,        -1.870301564400e-02,        +1.463183687895e-01,        -8.276265446215e-03,        -1.694683202191e-02,        -8.181607469792e-02,        +1.414213562373e-01,        +1.978305548260e-04,        -1.874236729132e-02,        -9.616587050600e-02,        +2.068805077439e-02,        -1.694683202191e-02,        -8.181607469792e-02,        +1.462870468714e-01,        -8.229859957160e-03
 1.72800000e+02,        +1.414213562373e-01,        +1.453386766177e-01,        -1.089931026712e-02,        -1.953121991769e-02,        -8.114492299368e-02,        -9.509601034559e-02,        +2.446228514918e-02,        +1.464749327739e-03,        -1.918253252601e-02,        +1.414213562373e-01,        -1.953121991769e-02,        -8.114492299368e-02,        +1.453609018161e-01,        -1.096614731950e-02,        +1.430445274633e-03,        -1.913943033695e-02,        -9.509304949425e-02,        +2.446647760973e-02,        +1.414213562373e-01,        -9.509601034559e-02,        +2.446228514918e-02,        +1.430445274634e-03,        -1.913943033695e-02,        +1.454484860738e-01,        -1.096158851160e-02,        -1.945560061912e-02,        -8.115653383823e-02,        +1.414213562373e-01,        +1.464749327739e-03,        -1.918253252601e-02,        -9.509304949425e-02,        +2.446647760973e-02,        -1.945560061912e-02,        -8.115653383823e-02,        +1.454155034308e-01,        -1.091305773926e-02
 1.74400000e+02,        +1.414213562373e-01,        +1.443160172470e-01,        -1.351413847789e-02,        -2.198022319592e-02,        -8.032804338280e-02,        -9.384646131851e-02,        +2.816996050401e-02,        +2.672585403524e-03,        -1.977128602348e-02,        +1.414213562373e-01,        -2.198022319592e-02,        -8.032804338280e-02,        +1.443388840265e-01,        -1.358284184981e-02,        +2.640652183701e-03,        -1.972456694440e-02,        -9.384311410112e-02,        +2.817394259850e-02,        +1.414213562373e-01,        -9.384646131851e-02,        +2.816996050401e-02,        +2.640652183702e-03,        -1.972456694440e-02,        +1.444257764398e-01,        -1.358101809807e-02,        -2.190495111604e-02,        -8.034260277342e-02,        +1.414213562373e-01,        +2.672585403525e-03,        -1.977128602348e-02,        -9.384311410112e-02,        +2.817394259850e-02,        -2.190495111604e-02,        -8.034260277342e-02,        +1.443911989433e-01,        -1.353025948050e-02
 1.76000000e+02,        +1.414213562373e-01,        +1.431463783434e-01,        -1.605370606613e-02,        -2.435487416118e-02,        -7.936506623074e-02,        -9.242550091610e-02,        +3.179689228268e-02,        +3.806178973777e-03,        -2.050026497520e-02,        +1.414213562373e-01,        -2.435487416118e-02,        -7.936506623074e-02,        +1.431698542616e-01,        -1.612430051131e-02,        +3.776895338092e-03,        -2.045008768038e-02,        -9.242178753464e-02,        +3.180062750693e-02,        +1.414213562373e-01,        -9.242550091610e-02,        +3.179689228268e-02,        +3.776895338093e-03,        -2.045008768038e-02,        +1.432558954587e-01,        -1.612511123341e-02,        -2.428009299527e-02,        -7.938251564646e-02,        +1.414213562373e-01,        +3.806178973778e-03,        -2.050026497520e-02,        -9.242178753464e-02,        +3.180062750693e-02,        -2.428009299527e-02,        -7.938251564646e-02,        +1.432197937605e-01,        -1.607202507083e-02
 1.77600000e+02,        +1.414213562373e-01,        +1.418359501852e-01,        -1.850904369599e-02,        -2.664173367654e-02,        -7.826592303883e-02,        -9.083939380728e-02,        +3.533372155087e-02,        +4.851718660362e-03,        -2.135940070531e-02,        +1.414213562373e-01,        -2.664173367654e-02,        -7.826592303883e-02,        +1.418600054588e-01,        -1.858155648861e-02,        +4.825347266372e-03,        -2.130594704311e-02,        -9.083533824918e-02,        +3.533717607601e-02,        +1.414213562373e-01,        -9.083939380728e-02,        +3.533372155087e-02,        +4.825347266373e-03,        -2.130594704311e-02,        +1.419450484398e-01,        -1.858489017867e-02,        -2.656757835946e-02,        -7.828619675058e-02,        +1.414213562373e-01,        +4.851718660362e-03,        -2.135940070531e-02,        -9.083533824918e-02,        +3.533717607601e-02,        -2.656757835946e-02,        -7.828619675058e-02,        +1.419074980591e-01,        -1.852937961888e-02
 1.79200000e+02,        +1.414213562373e-01,        +1.403914579212e-01,        -2.087165821296e-02,        -2.882891201995e-02,        -7.704199478003e-02,        -8.909493555058e-02,        +3.877156359506e-02,        +5.796948237595e-03,        -2.233715824609e-02,        +1.414213562373e-01,        -2.882891201995e-02,        -7.704199478003e-02,        +1.404160644102e-01,        -2.094611992390e-02,        +5.773733480423e-03,        -2.228063112736e-02,        -8.909056515843e-02,        +3.877470669524e-02,        +1.414213562373e-01,        -8.909493555058e-02,        +3.877156359506e-02,        +5.773733480424e-03,        -2.228063112736e-02,        +1.404999752671e-01,        -2.095185574440e-02,        -2.875550864012e-02,        -7.706502104528e-02,        +1.414213562373e-01,        +5.796948237595e-03,        -2.233715824609e-02,        -8.909056515843e-02,        +3.877470669524e-02,        -2.875550864012e-02,        -7.706502104528e-02,        +1.404610567385e-01,        -2.089382685612e-02
 1.80800000e+02,        +1.414213562373e-01,        +1.388201508010e-01,        -2.313355543180e-02,        -3.090623023168e-02,        -7.570584756762e-02,        -8.719944191853e-02,        +4.210202993611e-02,        +6.631328153394e-03,        -2.342080079884e-02,        +1.414213562373e-01,        -3.090623023168e-02,        -7.570584756762e-02,        +1.388452808646e-01,        -2.321000044825e-02,        +6.611494307986e-03,        -2.336142186733e-02,        -8.719478691069e-02,        +4.210483433894e-02,        +1.414213562373e-01,        -8.719944191853e-02,        +4.210202993611e-02,        +6.611494307987e-03,        -2.336142186733e-02,        +1.389279392873e-01,        -2.321800984101e-02,        -3.083369609384e-02,        -7.573154973346e-02,        +1.414213562373e-01,        +6.631328153395e-03,        -2.342080079884e-02,        -8.719478691069e-02,        +4.210483433894e-02,        -3.083369609384e-02,        -7.573154973346e-02,        +1.388877383408e-01,        -2.315737178882e-02
 1.82400000e+02,        +1.414213562373e-01,        +1.371297910814e-01,        -2.528727298014e-02,        -3.286533373217e-02,        -7.427095217653e-02,        -8.516073795934e-02,        +4.531726038351e-02,        +7.346149309195e-03,        -2.459667030516e-02,        +1.414213562373e-01,        -3.286533373217e-02,        -7.427095217653e-02,        +1.371554163655e-01,        -2.536573975364e-02,        +7.329899005779e-03,        -2.453467743799e-02,        -8.515583091630e-02,        +4.531970253850e-02,        +1.414213562373e-01,        -8.516073795934e-02,        +4.531726038351e-02,        +7.329899005780e-03,        -2.453467743799e-02,        +1.372367159426e-01,        -2.537588804193e-02,        -3.279377753998e-02,        -7.429924967736e-02,        +1.414213562373e-01,        +7.346149309196e-03,        -2.459667030516e-02,        -8.515583091630e-02,        +4.531970253850e-02,        -3.279377753998e-02,        -7.429924967736e-02,        +1.371953236841e-01,        -2.531255336840e-02
 1.84000000e+02,        +1.414213562373e-01,        +1.353286384171e-01,        -2.732592253875e-02,        -3.469975736364e-02,        -7.275139628740e-02,        -8.298714260709e-02,        +4.840996447959e-02,        +7.934598258146e-03,        -2.585047525506e-02,        +1.414213562373e-01,        -3.469975736364e-02,        -7.275139628740e-02,        +1.353547286343e-01,        -2.740645356132e-02,        +7.922111305372e-03,        -2.578611994339e-02,        -8.298201793819e-02,        +4.841202474278e-02,        +1.414213562373e-01,        -8.298714260709e-02,        +4.840996447959e-02,        +7.922111305373e-03,        -2.578611994339e-02,        +1.354345769602e-01,        -2.741860151761e-02,        -3.462927949383e-02,        -7.278220553023e-02,        +1.414213562373e-01,        +7.934598258147e-03,        -2.585047525506e-02,        -8.298201793819e-02,        +4.841202474278e-02,        -3.462927949383e-02,        -7.278220553023e-02,        +1.353920900217e-01,        -2.735248652962e-02
 1.85600000e+02,        +1.414213562373e-01,        +1.334254260798e-01,        -2.924323955776e-02,        -3.640494266234e-02,        -7.116159810505e-02,        -8.068744518472e-02,        +5.137347042105e-02,        +8.391774634908e-03,        -2.716757707746e-02,        +1.414213562373e-01,        -3.640494266234e-02,        -7.116159810505e-02,        +1.334519478383e-01,        -2.932588107830e-02,        +8.383207197428e-03,        -2.710112173868e-02,        -8.068213858961e-02,        +5.137513315655e-02,        +1.414213562373e-01,        -8.068744518472e-02,        +5.137347042104e-02,        +8.383207197429e-03,        -2.710112173868e-02,        +1.335302664412e-01,        -2.933988643558e-02,        -3.633563550392e-02,        -7.119483324136e-02,        +1.414213562373e-01,        +8.391774634908e-03,        -2.716757707746e-02,        -8.068213858961e-02,        +5.137513315655e-02,        -3.633563550392e-02,        -7.119483324136e-02,        +1.334867870722e-01,        -2.927091168428e-02
 1.87200000e+02,        +1.414213562373e-01,        +1.314293262131e-01,        -3.103363753178e-02,        -3.797820971874e-02,        -6.951602948104e-02,        -7.827087100487e-02,        +5.420177854827e-02,        +8.714663181688e-03,        -2.853326698212e-02,        +1.414213562373e-01,        -3.797820971874e-02,        -6.951602948104e-02,        +1.314562419455e-01,        -3.111843903668e-02,        +8.710147311141e-03,        -2.846498225462e-02,        -7.826541894287e-02,        +5.420303214990e-02,        +1.414213562373e-01,        -7.827087100487e-02,        +5.420177854827e-02,        +8.710147311142e-03,        -2.846498225462e-02,        +1.315329660514e-01,        -3.113415792416e-02,        -3.791015805353e-02,        -6.955160306880e-02,        +1.414213562373e-01,        +8.714663181689e-03,        -2.853326698212e-02,        -7.826541894287e-02,        +5.420303214990e-02,        -3.791015805353e-02,        -6.955160306880e-02,        +1.314886021279e-01,        -3.106224876143e-02
 1.88800000e+02,        +1.414213562373e-01,        +1.293499024080e-01,        -3.269226325912e-02,        -3.941868737518e-02,        -6.782895586877e-02,        -7.574703435291e-02,        +5.688961583375e-02,        +8.902064127570e-03,        -2.993302592430e-02,        +1.414213562373e-01,        -3.941868737518e-02,        -6.782895586877e-02,        +1.293771694422e-01,        -3.277927674993e-02,        +8.901707638133e-03,        -2.986318799450e-02,        -7.574147353237e-02,        +5.689045267201e-02,        +1.414213562373e-01,        -7.574703435290e-02,        +5.688961583375e-02,        +8.901707638134e-03,        -2.986318799450e-02,        +1.294522475947e-01,        -3.279656503736e-02,        -3.935196877963e-02,        -6.786677943219e-02,        +1.414213562373e-01,        +8.902064127570e-03,        -2.993302592430e-02,        -7.574147353237e-02,        +5.689045267201e-02,        -3.935196877963e-02,        -6.786677943218e-02,        +1.294071125257e-01,        -3.272165222630e-02
 1.90400000e+02,        +1.414213562373e-01,        +1.271970490688e-01,        -3.421504922240e-02,        -4.072720669017e-02,        -6.611419939702e-02,        -7.312587831562e-02,        +5.943248751224e-02,        +8.954486857980e-03,        -3.135276140748e-02,        +1.414213562373e-01,        -4.072720669017e-02,        -6.611419939702e-02,        +1.272246188738e-01,        -3.430432833020e-02,        +8.958373530209e-03,        -3.128164941604e-02,        -7.312024521372e-02,        +5.943290381349e-02,        +1.414213562373e-01,        -7.312587831562e-02,        +5.943248751224e-02,        +8.958373530210e-03,        -3.128164941604e-02,        +1.272980124259e-01,        -3.432304286801e-02,        -4.066189194203e-02,        -6.615418389399e-02,        +1.414213562373e-01,        +8.954486857980e-03,        -3.135276140748e-02,        -7.312024521372e-02,        +5.943290381349e-02,        -4.066189194203e-02,        -6.615418389399e-02,        +1.272522249470e-01,        -3.424506322179e-02
 1.92000000e+02,        +1.414213562373e-01,        +1.249809181946e-01,        -3.559875930396e-02,        -4.190616352001e-02,        -6.438493011375e-02,        -7.041760208055e-02,        +6.182672207009e-02,        +8.874012732108e-03,        -3.277901607466e-02,        +1.414213562373e-01,        -4.190616352001e-02,        -6.438493011375e-02,        +1.250087358242e-01,        -3.569035828415e-02,        +8.882202821868e-03,        -3.270690964494e-02,        -7.041193250212e-02,        +6.182671773618e-02,        +1.414213562373e-01,        -7.041760208055e-02,        +6.182672207009e-02,        +8.882202821868e-03,        -3.270690964494e-02,        +1.250804183238e-01,        -3.571035803008e-02,        -4.184231699738e-02,        -6.442698632263e-02,        +1.414213562373e-01,        +8.874012732108e-03,        -3.277901607466e-02,        -7.041193250212e-02,        +6.182671773618e-02,        -4.184231699738e-02,        -6.442698632263e-02,        +1.250341021712e-01,        -3.562925505187e-02
 1.93600000e+02,        +1.414213562373e-01,        +1.227118352496e-01,        -3.684102444942e-02,        -4.295935669624e-02,        -6.265348908935e-02,        -6.763257737129e-02,        +6.406950620973e-02,        +8.664133533814e-03,        -3.419914440291e-02,        +1.414213562373e-01,        -4.295935669623e-02,        -6.265348908935e-02,        +1.227398389949e-01,        -3.693499710218e-02,        +8.676664557136e-03,        -3.412632132931e-02,        -6.762690605362e-02,        +6.406908458724e-02,        +1.414213562373e-01,        -6.763257737129e-02,        +6.406950620973e-02,        +8.676664557137e-03,        -3.412632132931e-02,        +1.228097954815e-01,        -3.695614412768e-02,        -4.289703676010e-02,        -6.269752792696e-02,        +1.414213562373e-01,        +8.664133533814e-03,        -3.419914440292e-02,        -6.762690605362e-02,        +6.406908458724e-02,        -4.289703676010e-02,        -6.269752792696e-02,        +1.227630789491e-01,        -3.687186862461e-02
 1.95200000e+02,        +1.414213562373e-01,        +1.204002066279e-01,        -3.794036554856e-02,        -4.389180859507e-02,        -6.093124564693e-02,        -6.478125652389e-02,        +6.615890706031e-02,        +8.329572358071e-03,        -3.560145523777e-02,        +1.414213562373e-01,        -4.389180859507e-02,        -6.093124564693e-02,        +1.204283278813e-01,        -3.803676410951e-02,        +8.346460117838e-03,        -3.552818936571e-02,        -6.477561679238e-02,        +6.615807466906e-02,        +1.414213562373e-01,        -6.478125652389e-02,        +6.615890706031e-02,        +8.346460117839e-03,        -3.552818936571e-02,        +1.204965541139e-01,        -3.805892448224e-02,        -4.383106794972e-02,        -6.097717842984e-02,        +1.414213562373e-01,        +8.329572358072e-03,        -3.560145523778e-02,        -6.477561679238e-02,        +6.615807466906e-02,        -4.383106794972e-02,        -6.097717842984e-02,        +1.204495695003e-01,        -3.797143512838e-02
 1.96800000e+02,        +1.414213562373e-01,        +1.180564218097e-01,        -3.889620163339e-02,        -4.470957490152e-02,        -5.922848958172e-02,        -6.187407529518e-02,        +6.809387973488e-02,        +7.876093741004e-03,        -3.697531931100e-02,        +1.414213562373e-01,        -4.470957490152e-02,        -5.922848958172e-02,        +1.180845851333e-01,        -3.899507567586e-02,        +7.897333557783e-03,        -3.690187863336e-02,        -6.186849877292e-02,        +6.809264596572e-02,        +1.414213562373e-01,        -6.187407529518e-02,        +6.809387973488e-02,        +7.897333557783e-03,        -3.690187863336e-02,        +1.181510867678e-01,        -3.901812021737e-02,        -4.465046093008e-02,        -5.927622824182e-02,        +1.414213562373e-01,        +7.876093741004e-03,        -3.697531931100e-02,        -6.186849877292e-02,        +6.809264596572e-02,        -4.465046093008e-02,        -5.927622824182e-02,        +1.181039697268e-01,        -3.892738404376e-02
 1.98400000e+02,        +1.414213562373e-01,        +1.156907536111e-01,        -3.970884240801e-02,        -4.541955008775e-02,        -5.755435791099e-02,        -5.892135380455e-02,        +6.987425924867e-02,        +7.310309557182e-03,        -3.831124220611e-02,        +1.414213562373e-01,        -4.541955008775e-02,        -5.755435791099e-02,        +1.157188769944e-01,        -3.981023779415e-02,        +7.335877664342e-03,        -3.823788719388e-02,        -5.891587017703e-02,        +6.987263604026e-02,        +1.414213562373e-01,        -5.892135380455e-02,        +6.987425924867e-02,        +7.335877664343e-03,        -3.823788719388e-02,        +1.157836687278e-01,        -3.983404271388e-02,        -4.536210516222e-02,        -5.760381517506e-02,        +1.414213562373e-01,        +7.310309557182e-03,        -3.831124220611e-02,        -5.891587017703e-02,        +6.987263604026e-02,        -4.536210516222e-02,        -5.760381517506e-02,        +1.157365575397e-01,        -3.974003550813e-02
 2.00000000e+02,        +1.414213562373e-01,        +1.133132599733e-01,        -4.037946504048e-02,        -4.602927458875e-02,        -5.591679452311e-02,        -5.593319905072e-02,        +7.150073672806e-02,        +6.639486670682e-03,        -3.960090440922e-02,        +1.414213562373e-01,        -4.602927458875e-02,        -5.591679452311e-02,        +1.133412552598e-01,        -4.048342295242e-02,        +6.669341733155e-03,        -3.952788658661e-02,        -5.592783588530e-02,        +7.149873823202e-02,        +1.414213562373e-01,        -5.593319905072e-02,        +7.150073672806e-02,        +6.669341733156e-03,        -3.952788658661e-02,        +1.134043599574e-01,        -4.050787036162e-02,        -4.597353635570e-02,        -5.596788406473e-02,        +1.414213562373e-01,        +6.639486670683e-03,        -3.960090440922e-02,        -5.592783588530e-02,        +7.149873823202e-02,        -4.597353635570e-02,        -5.596788406473e-02,        +1.133573947405e-01,        -4.041057696430e-02
 2.01600000e+02,        +1.414213562373e-01,        +1.109336905322e-01,        -4.091007598895e-02,        -4.654674892111e-02,        -5.432254011665e-02,        -5.291941224483e-02,        +7.297482068142e-02,        +5.871361587853e-03,        -4.083717106039e-02,        +1.414213562373e-01,        -4.654674892111e-02,        -5.432254011665e-02,        +1.109614639896e-01,        -4.101663206499e-02,        +5.905446304522e-03,        -4.076473182800e-02,        -5.291419486306e-02,        +7.297246292450e-02,        +1.414213562373e-01,        -5.291941224483e-02,        +7.297482068142e-02,        +5.905446304522e-03,        -4.076473182800e-02,        +1.110229118107e-01,        -4.104161037596e-02,        -4.649275056520e-02,        -5.437517668716e-02,        +1.414213562373e-01,        +5.871361587853e-03,        -4.083717106039e-02,        -5.291419486306e-02,        +7.297246292450e-02,        -4.649275056520e-02,        -5.437517668716e-02,        +1.109762336941e-01,        -4.094102486596e-02
 2.03200000e+02,        +1.414213562373e-01,        +1.085614008160e-01,        -4.130345934743e-02,        -4.698025911141e-02,        -5.277714906952e-02,        -4.988940380574e-02,        +7.429878481606e-02,        +5.013966479891e-03,        -4.201407477185e-02,        +1.414213562373e-01,        -4.698025911141e-02,        -5.277714906952e-02,        +1.085888538225e-01,        -4.141264294134e-02,        +5.052209231422e-03,        -4.194244447477e-02,        -4.988435520534e-02,        +7.429608536709e-02,        +1.414213562373e-01,        -4.988940380574e-02,        +7.429878481606e-02,        +5.052209231422e-03,        -4.194244447477e-02,        +1.086486813567e-01,        -4.143804715871e-02,        -4.692802959964e-02,        -5.283124861314e-02,        +1.414213562373e-01,        +5.013966479891e-03,        -4.201407477185e-02,        -4.988435520534e-02,        +7.429608536709e-02,        -4.692802959964e-02,        -5.283124861314e-02,        +1.086024316368e-01,        -4.133417292502e-02
 2.04800000e+02,        +1.414213562373e-01,        +1.062052763815e-01,        -4.156311374377e-02,        -4.733821684357e-02,        -5.128502936629e-02,        -4.685211832900e-02,        +7.547560443297e-02,        +4.075469985289e-03,        -4.312677539055e-02,        +1.414213562373e-01,        -4.733821684356e-02,        -5.128502936629e-02,        +1.062323061990e-01,        -4.167494731865e-02,        +4.117786492126e-03,        -4.305617262267e-02,        -4.684725915140e-02,        +7.547258208110e-02,        +1.414213562373e-01,        -4.685211832900e-02,        +7.547560443297e-02,        +4.117786492126e-03,        -4.305617262267e-02,        +1.062905556252e-01,        -4.170067923109e-02,        -4.728778115346e-02,        -5.134050912310e-02,        +1.414213562373e-01,        +4.075469985289e-03,        -4.312677539055e-02,        -4.684725915140e-02,        +7.547258208110e-02,        -4.728778115346e-02,        -5.134050912310e-02,        +1.062448749260e-01,        -4.159352893247e-02
 2.06400000e+02,        +1.414213562373e-01,        +1.038736685847e-01,        -4.169318018729e-02,        -4.762901675948e-02,        -4.984950143631e-02,        -4.381597122612e-02,        +7.650888379598e-02,        +3.064035226658e-03,        -4.417150085818e-02,        +1.414213562373e-01,        -4.762901675948e-02,        -4.984950143631e-02,        +1.039001691908e-01,        -4.180767884944e-02,        +3.110330185572e-03,        -4.410213198908e-02,        -4.381131976467e-02,        +7.650555824593e-02,        +1.414213562373e-01,        -4.381597122612e-02,        +7.650888379598e-02,        +3.110330185573e-03,        -4.410213198908e-02,        +1.039568874693e-01,        -4.183364713065e-02,        -4.758039609414e-02,        -4.990628003546e-02,        +1.414213562373e-01,        +3.064035226658e-03,        -4.417150085818e-02,        -4.381131976467e-02,        +7.650555824593e-02,        -4.758039609414e-02,        -4.990628003546e-02,        +1.039119149243e-01,        -4.172324254903e-02
 2.08000000e+02,        +1.414213562373e-01,        +1.015743430413e-01,        -4.169836344783e-02,        -4.786091240828e-02,        -4.847287169607e-02,        -4.078879809052e-02,        +7.740277705665e-02,        +1.987696537005e-03,        -4.514547337999e-02,        +1.414213562373e-01,        -4.786091240828e-02,        -4.847287169607e-02,        +1.016002059932e-01,        -4.181553462011e-02,        +2.037865208889e-03,        -4.507753228719e-02,        -4.078437033401e-02,        +7.739916864509e-02,        +1.414213562373e-01,        -4.078879809052e-02,        +7.740277705665e-02,        +2.037865208890e-03,        -4.507753228719e-02,        +1.016554440971e-01,        -4.184165484894e-02,        -4.781412440115e-02,        -4.853086924078e-02,        +1.414213562373e-01,        +1.987696537006e-03,        -4.514547337999e-02,        -4.078437033401e-02,        +7.739916864509e-02,        -4.781412440115e-02,        -4.853086924078e-02,        +1.016113165705e-01,        -4.172802664526e-02
 2.09600000e+02,        +1.414213562373e-01,        +9.931444121283e-02,        -4.158384956555e-02,        -4.804191147998e-02,        -4.715651671798e-02,        -3.777781722877e-02,        +7.816190533473e-02,        +8.542555308615e-04,        -4.604682498518e-02,        +1.414213562373e-01,        -4.804191147998e-02,        -4.715651671798e-02,        +9.933955651843e-02,        -4.170369279553e-02,        +9.081852569868e-04,        -4.598049297144e-02,        -3.777362693468e-02,        +7.815803477093e-02,        +1.414213562373e-01,        -3.777781722877e-02,        +7.816190533473e-02,        +9.081852569875e-04,        -4.598049297144e-02,        +9.939336871193e-02,        -4.172988740513e-02,        -4.799697039166e-02,        -4.721565486284e-02,        +1.414213562373e-01,        +8.542555308618e-04,        -4.604682498518e-02,        -3.777362693468e-02,        +7.815803477093e-02,        -4.799697039166e-02,        -4.721565486284e-02,        +9.935022007173e-02,        -4.161307478877e-02
 2.11200000e+02,        +1.414213562373e-01,        +9.710045499657e-02,        -4.135522196957e-02,        -4.817969021104e-02,        -4.590097422652e-02,        -3.478960523722e-02,        +7.879127243269e-02,        -3.288035930126e-04,        -4.687450628210e-02,        +1.414213562373e-01,        -4.817969021104e-02,        -4.590097422652e-02,        +9.712471197169e-02,        -4.147772886362e-02,        -2.712319643347e-04,        -4.680995215600e-02,        -3.478566402913e-02,        +7.878716056555e-02,        +1.414213562373e-01,        -3.478960523722e-02,        +7.879127243269e-02,        -2.712319643342e-04,        -4.680995215600e-02,        +9.717715513929e-02,        -4.150392702975e-02,        -4.813660711987e-02,        -4.596117624715e-02,        +1.414213562373e-01,        -3.288035930123e-04,        -4.687450628210e-02,        -3.478566402913e-02,        +7.878716056555e-02,        -4.813660711987e-02,        -4.596117624715e-02,        +9.713511559230e-02,        -4.138397735420e-02
 2.12800000e+02,        +1.414213562373e-01,        +9.493821372420e-02,        -4.101837845256e-02,        -4.828152623069e-02,        -4.470603751185e-02,        -3.183008503095e-02,        +7.929618143312e-02,        -1.554380248866e-03,        -4.762819182200e-02,        +1.414213562373e-01,        -4.828152623069e-02,        -4.470603751185e-02,        +9.496150181759e-02,        -4.114353272452e-02,        -1.493291038775e-03,        -4.756557211904e-02,        -3.182640251480e-02,        +7.929184904548e-02,        +1.414213562373e-01,        -3.183008503095e-02,        +7.929618143312e-02,        -1.493291038775e-03,        -4.756557211904e-02,        +9.501263484644e-02,        -4.116967020271e-02,        -4.824030921848e-02,        -4.476722836680e-02,        +1.414213562373e-01,        -1.554380248866e-03,        -4.762819182200e-02,        -3.182640251480e-02,        +7.929184904548e-02,        -4.824030921848e-02,        -4.476722836680e-02,        +9.497183034342e-02,        -4.104663850099e-02
 2.14400000e+02,        +1.414213562373e-01,        +9.283288259826e-02,        -4.057945094258e-02,        -4.835424863680e-02,        -4.357085031191e-02,        -2.890452535775e-02,        +7.968215412216e-02,        -2.815806373052e-03,        -4.830818502429e-02,        +1.414213562373e-01,        -4.835424863680e-02,        -4.357085031191e-02,        +9.285509217022e-02,        -4.070722856349e-02,        -2.751327861019e-03,        -4.824764434566e-02,        -2.890110925179e-02,        +7.967762175251e-02,        +1.414213562373e-01,        -2.890452535775e-02,        +7.968215412216e-02,        -2.751327861019e-03,        -4.824764434566e-02,        +9.290497538787e-02,        -4.073324748461e-02,        -4.831490297039e-02,        -4.363295669618e-02,        +1.414213562373e-01,        -2.815806373051e-03,        -4.830818502429e-02,        -2.890110925179e-02,        +7.967762175251e-02,        -4.831490297039e-02,        -4.363295669618e-02,        +9.286552710228e-02,        -4.060719595803e-02
 2.16000000e+02,        +1.414213562373e-01,        +9.078897132676e-02,        -4.004472966334e-02,        -4.840420374526e-02,        -4.249399970924e-02,        -2.601755055944e-02,        +7.995485483300e-02,        -4.106879601391e-03,        -4.891532512054e-02,        +1.414213562373e-01,        -4.840420374526e-02,        -4.249399970924e-02,        +9.080999437037e-02,        -4.017509909802e-02,        -4.039142931856e-03,        -4.885699656747e-02,        -2.601440683333e-02,        +7.995014262409e-02,        +1.414213562373e-01,        -2.601755055944e-02,        +7.995485483300e-02,        -4.039142931855e-03,        -4.885699656747e-02,        +9.085868903762e-02,        -4.020094773109e-02,        -4.836673205421e-02,        -4.255695009896e-02,        +1.414213562373e-01,        -4.106879601391e-03,        -4.891532512054e-02,        -2.601440683333e-02,        +7.995014262409e-02,        -4.836673205421e-02,        -4.255695009896e-02,        +9.082071292020e-02,        -4.007194520441e-02
 2.17600000e+02,        +1.414213562373e-01,        +8.881035154464e-02,        -3.942059290949e-02,        -4.843723473803e-02,        -4.147360508831e-02,        -2.317315917184e-02,        +8.012001993906e-02,        -5.421882489728e-03,        -4.945089807489e-02,        +1.414213562373e-01,        -4.843723473803e-02,        -4.147360508831e-02,        +8.883008234194e-02,        -3.955351542500e-02,        -5.351020698420e-03,        -4.939490375773e-02,        -2.317029219083e-02,        +8.011514751208e-02,        +1.414213562373e-01,        -2.317315917184e-02,        +8.012001993906e-02,        -5.351020698420e-03,        -4.939490375773e-02,        +8.887765020007e-02,        -3.957914791531e-02,        -4.840163718852e-02,        -4.153732977627e-02,        +1.414213562373e-01,        -5.421882489727e-03,        -4.945089807489e-02,        -2.317029219083e-02,        +8.011514751208e-02,        -4.840163718852e-02,        -4.153732977627e-02,        +8.884125660858e-02,        -3.944726927081e-02
 2.19200000e+02,        +1.414213562373e-01,        +8.690028153013e-02,        -3.871344330544e-02,        -4.845867332770e-02,        -4.050740167853e-02,        -2.037474987397e-02,        +8.018339386966e-02,        -6.755589660026e-03,        -4.991655295972e-02,        +1.414213562373e-01,        -4.845867332770e-02,        -4.050740167853e-02,        +8.691861723871e-02,        -3.884887333706e-02,        -6.681736819030e-03,        -4.986300456218e-02,        -2.037216254455e-02,        +8.017838022238e-02,        +1.414213562373e-01,        -2.037474987397e-02,        +8.018339386966e-02,        -6.681736819030e-03,        -4.986300456218e-02,        +8.696512010922e-02,        -3.887424942714e-02,        -4.842494779213e-02,        -4.057183280009e-02,        +1.414213562373e-01,        -6.755589660026e-03,        -4.991655295972e-02,        -2.037216254455e-02,        +8.017838022238e-02,        -4.842494779213e-02,        -4.057183280009e-02,        +8.693041351102e-02,        -3.873957502863e-02
 2.20800000e+02,        +1.414213562373e-01,        +8.506143672004e-02,        -3.792965108486e-02,        -4.847334154138e-02,        -3.959281764781e-02,        -1.762515329246e-02,        +8.015067218940e-02,        -8.103264768995e-03,        -5.031422482503e-02,        +1.414213562373e-01,        -4.847334154138e-02,        -3.959281764781e-02,        +8.507827788799e-02,        -3.806753664580e-02,        -8.026555247189e-03,        -5.026322420632e-02,        -1.762284720663e-02,        +8.014553561629e-02,        +1.414213562373e-01,        -1.762515329246e-02,        +8.015067218940e-02,        -8.026555247189e-03,        -5.026322420632e-02,        +8.512377732254e-02,        -3.809262138567e-02,        -4.844148376327e-02,        -3.965788919723e-02,        +1.414213562373e-01,        -8.103264768995e-03,        -5.031422482503e-02,        -1.762284720663e-02,        +8.014553561629e-02,        -4.844148376327e-02,        -3.965788919723e-02,        +8.509085606607e-02,        -3.795523650228e-02
 2.22400000e+02,        +1.414213562373e-01,        +8.329594458507e-02,        -3.707550463295e-02,        -4.848556178594e-02,        -3.872704410166e-02,        -1.492666822414e-02,        +8.002745198845e-02,        -9.460649137100e-03,        -5.064606471100e-02,        +1.414213562373e-01,        -4.848556178593e-02,        -3.872704410166e-02,        +8.331119559448e-02,        -3.721578775499e-02,        -9.381216970770e-03,        -5.059770453022e-02,        -1.492464379978e-02,        +8.002221002064e-02,        +1.414213562373e-01,        -1.492666822414e-02,        +8.002745198845e-02,        -9.381216970769e-03,        -5.059770453022e-02,        +8.335575257186e-02,        -3.724055120751e-02,        -4.845556553940e-02,        -3.879269193888e-02,        +1.414213562373e-01,        -9.460649137099e-03,        -5.064606471100e-02,        -1.492464379978e-02,        +8.002221002064e-02,        -4.845556553940e-02,        -3.879269193888e-02,        +8.332470872205e-02,        -3.710054544566e-02
 2.24000000e+02,        +1.414213562373e-01,        +8.160542252883e-02,        -3.615716828349e-02,        -4.849917347028e-02,        -3.790709767523e-02,        -1.228110094192e-02,        +7.981918958130e-02,        -1.082394376192e-02,        -5.091437712058e-02,        +1.414213562373e-01,        -4.849917347028e-02,        -3.790709767523e-02,        +8.161899196982e-02,        -3.629978547720e-02,        -1.074192212894e-02,        -5.086874146997e-02,        -1.227935755743e-02,        +7.981385894405e-02,        +1.414213562373e-01,        -1.228110094192e-02,        +7.981918958130e-02,        -1.074192212894e-02,        -5.086874146997e-02,        +8.166266663679e-02,        -3.632420242342e-02,        -4.847103071337e-02,        -3.797325952329e-02,        +1.414213562373e-01,        -1.082394376192e-02,        -5.091437712058e-02,        -1.227935755743e-02,        +7.981385894405e-02,        -4.847103071337e-02,        -3.797325952329e-02,        +8.163358586871e-02,        -3.618166917379e-02
 2.25600000e+02,        +1.414213562373e-01,        +7.999101760836e-02,        -3.518064715945e-02,        -4.851755461199e-02,        -3.712987567913e-02,        -9.689806382906e-03,        +7.953116530858e-02,        -1.218978628839e-02,        -5.112156499583e-02,        +1.414213562373e-01,        -4.851755461198e-02,        -3.712987567913e-02,        +8.000281858705e-02,        -3.532552988397e-02,        -1.210530707842e-02,        -5.107873003154e-02,        -9.688342504602e-03,        +7.952576189397e-02,        +1.414213562373e-01,        -9.689806382906e-03,        +7.953116530858e-02,        -1.210530707842e-02,        -5.107873003154e-02,        +8.004567003931e-02,        -3.534957953252e-02,        -4.849125563313e-02,        -3.719649111293e-02,        +1.414213562373e-01,        -1.218978628839e-02,        -5.112156499583e-02,        -9.688342504602e-03,        +7.952576189397e-02,        -4.849125563313e-02,        -3.719649111293e-02,        +8.001863158383e-02,        -3.520461543745e-02
 2.27200000e+02,        +1.414213562373e-01,        +7.845344702586e-02,        -3.415175868907e-02,        -4.854364702935e-02,        -3.639220397701e-02,        -7.153730169021e-03,        +7.916845508016e-02,        -1.355522433460e-02,        -5.127008202556e-02,        +1.414213562373e-01,        -4.854364702935e-02,        -3.639220397701e-02,        +7.846339741064e-02,        -3.429883382275e-02,        -1.346841780705e-02,        -5.123011658637e-02,        -7.152543470472e-03,        +7.916299393281e-02,        +1.414213562373e-01,        -7.153730169021e-03,        +7.916845508016e-02,        -1.346841780705e-02,        -5.123011658637e-02,        +7.850548351034e-02,        -3.432249952681e-02,        -4.851918058636e-02,        -3.645921440370e-02,        +1.414213562373e-01,        -1.355522433460e-02,        -5.127008202556e-02,        -7.152543470472e-03,        +7.916299393281e-02,        -4.851918058636e-02,        -3.645921440370e-02,        +7.848056014553e-02,        -3.417520397227e-02
 2.28800000e+02,        +1.414213562373e-01,        +7.699303850080e-02,        -3.307611031588e-02,        -4.857998390411e-02,        -3.569087793559e-02,        -4.673450569650e-03,        +7.873590818498e-02,        -1.491768638802e-02,        -5.136239194879e-02,        +1.414213562373e-01,        -4.857998390411e-02,        -3.569087793559e-02,        +7.700106111200e-02,        -3.322530062076e-02,        -1.482868090950e-02,        -5.132535815528e-02,        -4.672538042141e-03,        +7.873040349864e-02,        +1.414213562373e-01,        -4.673450569649e-03,        +7.873590818498e-02,        -1.482868090950e-02,        -5.132535815528e-02,        +7.704243833802e-02,        -3.324856960520e-02,        -4.855733735498e-02,        -3.575822656766e-02,        +1.414213562373e-01,        -1.491768638802e-02,        -5.136239194879e-02,        -4.672538042141e-03,        +7.873040349864e-02,        -4.855733735498e-02,        -3.575822656766e-02,        +7.701969642003e-02,        -3.309904424012e-02
 2.30400000e+02,        +1.414213562373e-01,        +7.560976978993e-02,        -3.195908284620e-02,        -4.862871868378e-02,        -3.502269690491e-02,        -2.249219673372e-03,        +7.823813081821e-02,        -1.627495130337e-02,        -5.140093440275e-02,        +1.414213562373e-01,        -4.862871868378e-02,        -3.502269690491e-02,        +7.561579253837e-02,        -3.211030742055e-02,        -1.618387315596e-02,        -5.136688823078e-02,        -2.248577727303e-03,        +7.823259594117e-02,        +1.414213562373e-01,        -2.249219673372e-03,        +7.823813081821e-02,        -1.618387315596e-02,        -5.136688823078e-02,        +7.565651586577e-02,        -3.213317052140e-02,        -4.860787810888e-02,        -3.509032872659e-02,        +1.414213562373e-01,        -1.627495130337e-02,        -5.140093440275e-02,        -2.248577727303e-03,        +7.823259594117e-02,        -4.860787810888e-02,        -3.509032872659e-02,        +7.563601539306e-02,        -3.198151880619e-02
 2.32000000e+02,        +1.414213562373e-01,        +7.430330677308e-02,        -3.080581883631e-02,        -4.869165446955e-02,        -3.438449276135e-02,        +1.189968139461e-04,        +7.767947473546e-02,        -1.762511725683e-02,        -5.138809678896e-02,        +1.414213562373e-01,        -4.869165446955e-02,        -3.438449276135e-02,        +7.430726275317e-02,        -3.095899355064e-02,        -1.753209050908e-02,        -5.135708861301e-02,        +1.193722568160e-04,        +7.767392218304e-02,        +1.414213562373e-01,        +1.189968139465e-04,        +7.767947473546e-02,        -1.753209050908e-02,        -5.135708861301e-02,        +7.434738555823e-02,        -3.098144496846e-02,        -4.867260478479e-02,        -3.445235448941e-02,        +1.414213562373e-01,        -1.762511725683e-02,        -5.138809678896e-02,        +1.193722568160e-04,        +7.767392218304e-02,        -4.867260478479e-02,        -3.445235448941e-02,        +7.432918026360e-02,        -3.082777175349e-02
 2.33600000e+02,        +1.414213562373e-01,        +7.307303966152e-02,        -2.962121540663e-02,        -4.877027319972e-02,        -3.377315308866e-02,        +2.431481589419e-03,        +7.706403042949e-02,        -1.896657084752e-02,        -5.132619158957e-02,        +1.414213562373e-01,        -4.877027319972e-02,        -3.377315308866e-02,        +7.307486720463e-02,        -2.977625331984e-02,        -1.887171728011e-02,        -5.129826669266e-02,        +2.431595012694e-03,        +7.705847190191e-02,        +1.414213562373e-01,        +2.431481589420e-03,        +7.706403042949e-02,        -1.887171728011e-02,        -5.129826669266e-02,        +7.311444119223e-02,        -2.979829038811e-02,        -4.875299826044e-02,        -3.384119312850e-02,        +1.414213562373e-01,        -1.896657084752e-02,        -5.132619158957e-02,        +2.431595012694e-03,        +7.705847190191e-02,        -4.875299826044e-02,        -3.384119312850e-02,        +7.309857865726e-02,        -2.964270152225e-02
 2.35200000e+02,        +1.414213562373e-01,        +7.191811700958e-02,        -2.840992087804e-02,        -4.886576408750e-02,        -3.318563958619e-02,        +4.688729913125e-03,        +7.639562423279e-02,        -2.029795688914e-02,        -5.121743855198e-02,        +1.414213562373e-01,        -4.886576408750e-02,        -3.318563958619e-02,        +7.191775970302e-02,        -2.856673263138e-02,        -2.020139596774e-02,        -5.119263760001e-02,        +4.688586131145e-03,        +7.639007063690e-02,        +1.414213562373e-01,        +4.688729913125e-03,        +7.639562423279e-02,        -2.020139596774e-02,        -5.119263760001e-02,        +7.195683485311e-02,        -2.858835560061e-02,        -4.885024678280e-02,        -3.325380798419e-02,        +1.414213562373e-01,        -2.029795688914e-02,        -5.121743855198e-02,        +4.688586131145e-03,        +7.639007063690e-02,        -4.885024678280e-02,        -3.325380798419e-02,        +7.194335664040e-02,        -2.843095756924e-02
 2.36800000e+02,        +1.414213562373e-01,        +7.083747731788e-02,        -2.717633464892e-02,        -4.897905090289e-02,        -3.261900228760e-02,        +6.891416121968e-03,        +7.567781877316e-02,        -2.161814930374e-02,        -5.106395116636e-02,        +1.414213562373e-01,        -4.897905090289e-02,        -3.261900228760e-02,        +7.083488399485e-02,        -2.733482883616e-02,        -2.151999819210e-02,        -5.104231064566e-02,        +6.891020213364e-03,        +7.567228024680e-02,        +1.414213562373e-01,        +6.891416121969e-03,        +7.567781877316e-02,        -2.151999819210e-02,        -5.104231064566e-02,        +7.087350852518e-02,        -2.735604067411e-02,        -4.896527324054e-02,        -3.268725068087e-02,        +1.414213562373e-01,        -2.161814930374e-02,        -5.106395116636e-02,        +6.891020213364e-03,        +7.567228024680e-02,        -4.896527324054e-02,        -3.268725068087e-02,        +7.086245032413e-02,        -2.719694026543e-02
 2.38400000e+02,        +1.414213562373e-01,        +6.982987810848e-02,        -2.592460976666e-02,        -4.911081780217e-02,        -3.207039015121e-02,        +9.040362620661e-03,        +7.491391624531e-02,        -2.292622341720e-02,        -5.086772688339e-02,        +1.414213562373e-01,        -4.911081780216e-02,        -3.207039015121e-02,        +6.982500281387e-02,        -2.608469327992e-02,        -2.282659702402e-02,        -5.084927950096e-02,        +9.039719869536e-03,        +7.490840218316e-02,        +1.414213562373e-01,        +9.040362620661e-03,        +7.491391624531e-02,        -2.282659702402e-02,        -5.084927950097e-02,        +6.986322315617e-02,        -2.610549948799e-02,        -4.909876098394e-02,        -3.213867171551e-02,        +1.414213562373e-01,        -2.292622341720e-02,        -5.086772688339e-02,        +9.039719869536e-03,        +7.490840218316e-02,        -4.909876098394e-02,        -3.213867171551e-02,        +6.985461493858e-02,        -2.594480348627e-02
 2.40000000e+02,        +1.414213562373e-01,        +6.889392242794e-02,        -2.465865769092e-02,        -4.926153350427e-02,        -3.153705855004e-02,        +1.113651139797e-02,        +7.410696400472e-02,        -2.422142986029e-02,        -5.063064055244e-02,        +1.414213562373e-01,        -4.926153350427e-02,        -3.153705855004e-02,        +6.888672436429e-02,        -2.482023604174e-02,        -2.412044091403e-02,        -5.061541559914e-02,        +1.113562724211e-02,        +7.410148308468e-02,        +1.414213562373e-01,        +1.113651139797e-02,        +7.410696400471e-02,        -2.412044091403e-02,        -5.061541559914e-02,        +6.892458515159e-02,        -2.484064448751e-02,        -4.925117799198e-02,        -3.160532794705e-02,        +1.414213562373e-01,        -2.422142986029e-02,        -5.063064055244e-02,        +1.113562724211e-02,        +7.410148308468e-02,        -4.925117799198e-02,        -3.160532794705e-02,        +6.891845133413e-02,        -2.467845939138e-02
