        f (GHz),            V_inc[1][1] (V),            Re{V[1][1]} (V),            Im{V[1][1]} (V),            Re{V[2][1]} (V),            Im{V[2][1]} (V),            Re{V[3][1]} (V),            Im{V[3][1]} (V),            Re{V[4][1]} (V),            Im{V[4][1]} (V),            Re{V[5][1]} (V),            Im{V[5][1]} (V),            Re{V[6][1]} (V),            Im{V[6][1]} (V),            Re{V[7][1]} (V),            Im{V[7][1]} (V),            V_inc[2][2] (V),            Re{V[1][2]} (V),            Im{V[1][2]} (V),            Re{V[2][2]} (V),            Im{V[2][2]} (V),            Re{V[3][2]} (V),            Im{V[3][2]} (V),            Re{V[4][2]} (V),            Im{V[4][2]} (V),            Re{V[5][2]} (V),            Im{V[5][2]} (V),            Re{V[6][2]} (V),            Im{V[6][2]} (V),            Re{V[7][2]} (V),            Im{V[7][2]} (V),            V_inc[3][3] (V),            Re{V[1][3]} (V),            Im{V[1][3]} (V),            Re{V[2][3]} (V),            Im{V[2][3]} (V),            Re{V[3][3]} (V),            Im{V[3][3]} (V),            Re{V[4][3]} (V),            Im{V[4][3]} (V),            Re{V[5][3]} (V),            Im{V[5][3]} (V),            Re{V[6][3]} (V),            Im{V[6][3]} (V),            Re{V[7][3]} (V),            Im{V[7][3]} (V),            V_inc[4][4] (V),            Re{V[1][4]} (V),            Im{V[1][4]} (V),            Re{V[2][4]} (V),            Im{V[2][4]} (V),            Re{V[3][4]} (V),            Im{V[3][4]} (V),            Re{V[4][4]} (V),            Im{V[4][4]} (V),            Re{V[5][4]} (V),            Im{V[5][4]} (V),            Re{V[6][4]} (V),            Im{V[6][4]} (V),            Re{V[7][4]} (V),            Im{V[7][4]} (V),            V_inc[5][5] (V),            Re{V[1][5]} (V),            Im{V[1][5]} (V),            Re{V[2][5]} (V),            Im{V[2][5]} (V),            Re{V[3][5]} (V),            Im{V[3][5]} (V),            Re{V[4][5]} (V),            Im{V[4][5]} (V),            Re{V[5][5]} (V),            Im{V[5][5]} (V),            Re{V[6][5]} (V),            Im{V[6][5]} (V),            Re{V[7][5]} (V),            Im{V[7][5]} (V),            V_inc[6][6] (V),            Re{V[1][6]} (V),            Im{V[1][6]} (V),            Re{V[2][6]} (V),            Im{V[2][6]} (V),            Re{V[3][6]} (V),            Im{V[3][6]} (V),            Re{V[4][6]} (V),            Im{V[4][6]} (V),            Re{V[5][6]} (V),            Im{V[5][6]} (V),            Re{V[6][6]} (V),            Im{V[6][6]} (V),            Re{V[7][6]} (V),            Im{V[7][6]} (V),            V_inc[7][7] (V),            Re{V[1][7]} (V),            Im{V[1][7]} (V),            Re{V[2][7]} (V),            Im{V[2][7]} (V),            Re{V[3][7]} (V),            Im{V[3][7]} (V),            Re{V[4][7]} (V),            Im{V[4][7]} (V),            Re{V[5][7]} (V),            Im{V[5][7]} (V),            Re{V[6][7]} (V),            Im{V[6][7]} (V),            Re{V[7][7]} (V),            Im{V[7][7]} (V)
 8.00000000e+01,        +7.071067811865e+00,        +3.074631802390e+00,        -5.624316376729e+00,        -2.347656039139e-04,        +3.258613015751e-03,        -5.124650457442e-03,        +3.151210572596e-03,        -3.764801796853e-03,        +5.156109301548e-03,        +1.352524508918e-03,        -1.838773139072e-03,        +2.947042929082e-03,        -2.240826280515e-03,        +1.086151574884e-03,        +1.635469655837e-03,        +7.071067811865e+00,        -2.347656039310e-04,        +3.258613015755e-03,        +5.017762306803e+00,        +2.727009102555e+00,        -1.667056508954e+00,        -2.086912983408e+00,        -7.562366841392e-01,        -2.071564190567e+00,        -1.679116783009e+00,        -1.280016288990e+00,        -2.400325815616e+00,        -8.514804323472e-01,        +1.969172039671e+00,        -1.188984414310e+00,        +7.071067811865e+00,        -5.124650457452e-03,        +3.151210572609e-03,        -1.667056508954e+00,        -2.086912983406e+00,        +5.777799867360e+00,        +6.992109742885e-01,        +2.527938656151e+00,        -3.707470672345e+00,        -1.214305605375e+00,        +1.198464274918e+00,        -9.617516844455e-01,        +1.738902736275e+00,        -1.788157611897e+00,        -5.932040027137e-01,        +7.071067811865e+00,        -3.764801796859e-03,        +5.156109301564e-03,        -7.562366841391e-01,        -2.071564190565e+00,        +2.527938656151e+00,        -3.707470672345e+00,        +4.279008034859e+00,        +1.259207406793e+00,        -1.257037884055e+00,        +6.839951923103e-01,        -1.211002623856e+00,        +1.189250349859e+00,        -1.250868152753e+00,        -9.174698905789e-01,        +7.071067811865e+00,        +1.352524508913e-03,        -1.838773139073e-03,        -1.679116783008e+00,        -1.280016288992e+00,        -1.214305605375e+00,        +1.198464274918e+00,        -1.257037884055e+00,        +6.839951923095e-01,        +4.197296737643e+00,        +1.203100155405e+00,        +2.420559856776e+00,        -3.711401131578e+00,        -4.971143841628e-01,        -1.640174429332e+00,        +7.071067811865e+00,        +2.947042929084e-03,        -2.240826280515e-03,        -2.400325815614e+00,        -8.514804323487e-01,        -9.617516844448e-01,        +1.738902736275e+00,        -1.211002623855e+00,        +1.189250349859e+00,        +2.420559856775e+00,        -3.711401131578e+00,        +5.646807512950e+00,        +7.672848981432e-01,        -1.188436307258e+00,        -1.683363507163e+00,        +7.071067811865e+00,        +1.086151574875e-03,        +1.635469655837e-03,        +1.969172039671e+00,        -1.188984414311e+00,        -1.788157611897e+00,        -5.932040027148e-01,        -1.250868152754e+00,        -9.174698905798e-01,        -4.971143841630e-01,        -1.640174429331e+00,        -1.188436307258e+00,        -1.683363507162e+00,        +6.933408330746e+00,        +2.094195933541e+00
 8.16000000e+01,        +7.071067811865e+00,        +2.907915578865e+00,        -5.494999441237e+00,        -1.594658955792e-05,        +3.107484987830e-03,        -4.867175201907e-03,        +3.502152761838e-03,        -3.383454743318e-03,        +5.401529769690e-03,        +1.263018774832e-03,        -2.208624152323e-03,        +2.915122634226e-03,        -2.569285736168e-03,        +1.221009951071e-03,        +1.405029014426e-03,        +7.071067811865e+00,        -1.594658956427e-05,        +3.107484987826e-03,        +5.142168941993e+00,        +2.719785410081e+00,        -1.815883171806e+00,        -1.989730089884e+00,        -8.534686005527e-01,        -1.997494640394e+00,        -1.738141752166e+00,        -1.162063467998e+00,        -2.487009410711e+00,        -6.939983548605e-01,        +2.006371966082e+00,        -1.245626836246e+00,        +7.071067811865e+00,        -4.867175201905e-03,        +3.502152761829e-03,        -1.815883171805e+00,        -1.989730089884e+00,        +5.712086971867e+00,        +6.150778350582e-01,        +2.348655835165e+00,        -3.814267306956e+00,        -1.087699780985e+00,        +1.271024967099e+00,        -7.778994016053e-01,        +1.796356606972e+00,        -1.850892417428e+00,        -4.755659118880e-01,        +7.071067811865e+00,        -3.383454743322e-03,        +5.401529769676e-03,        -8.534686005526e-01,        -1.997494640394e+00,        +2.348655835165e+00,        -3.814267306957e+00,        +4.202143475034e+00,        +1.289367835824e+00,        -1.164796711999e+00,        +7.670192691595e-01,        -1.085104010754e+00,        +1.261840042317e+00,        -1.293908193520e+00,        -8.301446274124e-01,        +7.071067811865e+00,        +1.263018774828e-03,        -2.208624152323e-03,        -1.738141752165e+00,        -1.162063467998e+00,        -1.087699780985e+00,        +1.271024967099e+00,        -1.164796711999e+00,        +7.670192691598e-01,        +4.115271410258e+00,        +1.244081313713e+00,        +2.239137005392e+00,        -3.804133572392e+00,        -5.768693195928e-01,        -1.591535238195e+00,        +7.071067811865e+00,        +2.915122634221e-03,        -2.569285736166e-03,        -2.487009410710e+00,        -6.939983548600e-01,        -7.778994016055e-01,        +1.796356606973e+00,        -1.085104010754e+00,        +1.261840042317e+00,        +2.239137005392e+00,        -3.804133572391e+00,        +5.584013953746e+00,        +7.020041785458e-01,        -1.310386750628e+00,        -1.619892266135e+00,        +7.071067811865e+00,        +1.221009951068e-03,        +1.405029014428e-03,        +2.006371966082e+00,        -1.245626836246e+00,        -1.850892417428e+00,        -4.755659118880e-01,        -1.293908193521e+00,        -8.301446274124e-01,        -5.768693195925e-01,        -1.591535238195e+00,        -1.310386750628e+00,        -1.619892266135e+00,        +7.014938899540e+00,        +2.101290015264e+00
 8.32000000e+01,        +7.071067811865e+00,        +2.746976254045e+00,        -5.361906700721e+00,        +1.786769636166e-04,        +2.958029466389e-03,        -4.592343530238e-03,        +3.832876554426e-03,        -2.990097241424e-03,        +5.628290358850e-03,        +1.123902560461e-03,        -2.556407658746e-03,        +2.843835185819e-03,        -2.883658691991e-03,        +1.327177596982e-03,        +1.176769693389e-03,        +7.071067811865e+00,        +1.786769636122e-04,        +2.958029466396e-03,        +5.266662910632e+00,        +2.698355154233e+00,        -1.958494555676e+00,        -1.880111983314e+00,        -9.434318816880e-01,        -1.917654651208e+00,        -1.788201353673e+00,        -1.042703206482e+00,        -2.564292867930e+00,        -5.287625006455e-01,        +2.042668838037e+00,        -1.313065131795e+00,        +7.071067811865e+00,        -4.592343530254e-03,        +3.832876554421e-03,        -1.958494555677e+00,        -1.880111983314e+00,        +5.642491864803e+00,        +5.401994989578e-01,        +2.164859271584e+00,        -3.908376769323e+00,        -9.585706919106e-01,        +1.327195517949e+00,        -5.914133566997e-01,        +1.831575424181e+00,        -1.906611928317e+00,        -3.521403303458e-01,        +7.071067811865e+00,        -2.990097241440e-03,        +5.628290358858e-03,        -9.434318816885e-01,        -1.917654651208e+00,        +2.164859271584e+00,        -3.908376769323e+00,        +4.127615303713e+00,        +1.331612312272e+00,        -1.068914623713e+00,        +8.367375346652e-01,        -9.566227381088e-01,        +1.318043857152e+00,        -1.330317230507e+00,        -7.416797363337e-01,        +7.071067811865e+00,        +1.123902560474e-03,        -2.556407658750e-03,        -1.788201353672e+00,        -1.042703206482e+00,        -9.585706919102e-01,        +1.327195517950e+00,        -1.068914623713e+00,        +8.367375346656e-01,        +4.037182388726e+00,        +1.297275073449e+00,        +2.055217470929e+00,        -3.884118782162e+00,        -6.517324162760e-01,        -1.538105402061e+00,        +7.071067811865e+00,        +2.843835185833e-03,        -2.883658691994e-03,        -2.564292867929e+00,        -5.287625006458e-01,        -5.914133566999e-01,        +1.831575424183e+00,        -9.566227381085e-01,        +1.318043857153e+00,        +2.055217470929e+00,        -3.884118782162e+00,        +5.520112503364e+00,        +6.458852051863e-01,        -1.428839088713e+00,        -1.546514549135e+00,        +7.071067811865e+00,        +1.327177596985e-03,        +1.176769693396e-03,        +2.042668838037e+00,        -1.313065131794e+00,        -1.906611928317e+00,        -3.521403303455e-01,        -1.330317230506e+00,        -7.416797363334e-01,        -6.517324162762e-01,        -1.538105402061e+00,        -1.428839088713e+00,        -1.546514549135e+00,        +7.097570049086e+00,        +2.100295346516e+00
 8.48000000e+01,        +7.071067811865e+00,        +2.591745649520e+00,        -5.225212673860e+00,        +3.517447002913e-04,        +2.810887863579e-03,        -4.301426861838e-03,        +4.142060293458e-03,        -2.584690850859e-03,        +5.834789045624e-03,        +9.405762803402e-04,        -2.878871680763e-03,        +2.738272435127e-03,        -3.180950320256e-03,        +1.406913676657e-03,        +9.520370061548e-04,        +7.071067811865e+00,        +3.517447002806e-04,        +2.810887863585e-03,        +5.389226020815e+00,        +2.662810020966e+00,        -2.093667095760e+00,        -1.758192309558e+00,        -1.025570507832e+00,        -1.832414767354e+00,        -1.829378805699e+00,        -9.221928054535e-01,        -2.631582950135e+00,        -3.557870069154e-01,        +2.076416625566e+00,        -1.391304820933e+00,        +7.071067811865e+00,        -4.301426861838e-03,        +4.142060293462e-03,        -2.093667095760e+00,        -1.758192309559e+00,        +5.569888294148e+00,        +4.739749434935e-01,        +1.977457781844e+00,        -3.990073060261e+00,        -8.293165532842e-01,        +1.367548462542e+00,        -4.052619461024e-01,        +1.844832347146e+00,        -1.954854233589e+00,        -2.229586343375e-01,        +7.071067811865e+00,        -2.584690850869e-03,        +5.834789045627e-03,        -1.025570507833e+00,        -1.832414767355e+00,        +1.977457781845e+00,        -3.990073060262e+00,        +4.056532109643e+00,        +1.385629901183e+00,        -9.713826928297e-01,        +8.937828396762e-01,        -8.279686145208e-01,        +1.358423332047e+00,        -1.360132665974e+00,        -6.522850340130e-01,        +7.071067811865e+00,        +9.405762803388e-04,        -2.878871680771e-03,        -1.829378805697e+00,        -9.221928054537e-01,        -8.293165532841e-01,        +1.367548462543e+00,        -9.713826928292e-01,        +8.937828396761e-01,        +3.964049845200e+00,        +1.362151197304e+00,        +1.869636829442e+00,        -3.951914197148e+00,        -7.212851913048e-01,        -1.480099220428e+00,        +7.071067811865e+00,        +2.738272435132e-03,        -3.180950320262e-03,        -2.631582950134e+00,        -3.557870069156e-01,        -4.052619461024e-01,        +1.844832347146e+00,        -8.279686145202e-01,        +1.358423332046e+00,        +1.869636829442e+00,        -3.951914197147e+00,        +5.455948592459e+00,        +5.979358000765e-01,        -1.542910719391e+00,        -1.463186728169e+00,        +7.071067811865e+00,        +1.406913676641e-03,        +9.520370061516e-04,        +2.076416625567e+00,        -1.391304820933e+00,        -1.954854233589e+00,        -2.229586343367e-01,        -1.360132665973e+00,        -6.522850340124e-01,        -7.212851913056e-01,        -1.480099220428e+00,        -1.542910719392e+00,        -1.463186728169e+00,        +7.180220841605e+00,        +2.091106768244e+00
 8.64000000e+01,        +7.071067811865e+00,        +2.442155156634e+00,        -5.085073337768e+00,        +5.054373998191e-04,        +2.666766186667e-03,        -3.996068467625e-03,        +4.428608778567e-03,        -2.167698355779e-03,        +6.019649145094e-03,        +7.179782953458e-04,        -3.173458830198e-03,        +2.603194611832e-03,        -3.459121991673e-03,        +1.462160498892e-03,        +7.321076740343e-04,        +7.071067811865e+00,        +5.054373998050e-04,        +2.666766186669e-03,        +5.507840991200e+00,        +2.613452062767e+00,        -2.220082524373e+00,        -1.624284156801e+00,        -1.099278821958e+00,        -1.742287738150e+00,        -1.861636301079e+00,        -8.008482033278e-01,        -2.688101269158e+00,        -1.751683914462e-01,        +2.105957992169e+00,        -1.480182923738e+00,        +7.071067811865e+00,        -3.996068467614e-03,        +4.428608778562e-03,        -2.220082524373e+00,        -1.624284156800e+00,        +5.494895932927e+00,        +4.157465700469e-01,        +1.787198667041e+00,        -4.059681985694e+00,        -7.021004822699e-01,        +1.392963844634e+00,        -2.222453538619e-01,        +1.836767799586e+00,        -1.995028930015e+00,        -8.811440214634e-02,        +7.071067811865e+00,        -2.167698355778e-03,        +6.019649145087e-03,        -1.099278821958e+00,        -1.742287738149e+00,        +1.787198667041e+00,        -4.059681985694e+00,        +3.989921319536e+00,        +1.451024590759e+00,        -8.739196565630e-01,        +9.390238552078e-01,        -7.013172343304e-01,        +1.383849423405e+00,        -1.383309185393e+00,        -5.622141002891e-01,        +7.071067811865e+00,        +7.179782953471e-04,        -3.173458830188e-03,        -1.861636301078e+00,        -8.008482033276e-01,        -7.021004822711e-01,        +1.392963844635e+00,        -8.739196565635e-01,        +9.390238552086e-01,        +3.896790811284e+00,        +1.438120113334e+00,        +1.683036300971e+00,        -4.008106453183e+00,        -7.850572118082e-01,        -1.417828750710e+00,        +7.071067811865e+00,        +2.603194611831e-03,        -3.459121991661e-03,        -2.688101269157e+00,        -1.751683914456e-01,        -2.222453538634e-01,        +1.836767799588e+00,        -7.013172343311e-01,        +1.383849423406e+00,        +1.683036300971e+00,        -4.008106453183e+00,        +5.392067552916e+00,        +5.571174865458e-01,        -1.651626496618e+00,        -1.369979323497e+00,        +7.071067811865e+00,        +1.462160498884e-03,        +7.321076740359e-04,        +2.105957992169e+00,        -1.480182923738e+00,        -1.995028930016e+00,        -8.811440214709e-02,        -1.383309185393e+00,        -5.622141002895e-01,        -7.850572118077e-01,        -1.417828750710e+00,        -1.651626496617e+00,        -1.369979323498e+00,        +7.261791862537e+00,        +2.073725264861e+00
 8.80000000e+01,        +7.071067811865e+00,        +2.298136965417e+00,        -4.941626453466e+00,        +6.416612999528e-04,        +2.526479939551e-03,        -3.678187686739e-03,        +4.691682467868e-03,        -1.739938376837e-03,        +6.181758869690e-03,        +4.605829385400e-04,        -3.438146162885e-03,        +2.442941364866e-03,        -3.716943090631e-03,        +1.494652378776e-03,        +5.182417498150e-04,        +7.071067811865e+00,        +6.416612999594e-04,        +2.526479939558e-03,        +5.620502598744e+00,        +2.550823231840e+00,        -2.336364910261e+00,        -1.478903692148e+00,        -1.163940647174e+00,        -1.647936563588e+00,        -1.884847835623e+00,        -6.790726481150e-01,        -2.732911046347e+00,        +1.286652306796e-02,        +2.129631809000e+00,        -1.579346719955e+00,        +7.071067811865e+00,        -3.678187686759e-03,        +4.691682467875e-03,        -2.336364910260e+00,        -1.478903692147e+00,        +5.417884109777e+00,        +3.648698396820e-01,        +1.594669622001e+00,        -4.117529565458e+00,        -5.788336672150e-01,        +1.404577140463e+00,        -4.497245390182e-02,        +1.808344427194e+00,        -2.026435939871e+00,        +5.220286490946e-02,        +7.071067811865e+00,        -1.739938376846e-03,        +6.181758869703e-03,        -1.163940647174e+00,        -1.647936563588e+00,        +1.594669622001e+00,        -4.117529565459e+00,        +3.928725994946e+00,        +1.527351855542e+00,        -7.779655297461e-01,        +9.735102250188e-01,        -5.785932333881e-01,        +1.395450433069e+00,        -1.399741836262e+00,        -4.717844789604e-01,        +7.071067811865e+00,        +4.605829385391e-04,        -3.438146162903e-03,        -1.884847835623e+00,        -6.790726481160e-01,        -5.788336672139e-01,        +1.404577140463e+00,        -7.779655297456e-01,        +9.735102250184e-01,        +3.836219868906e+00,        +1.524570451984e+00,        +1.495868019576e+00,        -4.053257465901e+00,        -8.425533814567e-01,        -1.351713428193e+00,        +7.071067811865e+00,        +2.442941364883e-03,        -3.716943090649e-03,        -2.732911046348e+00,        +1.286652306687e-02,        -4.497245390070e-02,        +1.808344427195e+00,        -5.785932333874e-01,        +1.395450433068e+00,        +1.495868019575e+00,        -4.053257465901e+00,        +5.328719693151e+00,        +5.224182934743e-01,        -1.753941960852e+00,        -1.267098308862e+00,        +7.071067811865e+00,        +1.494652378776e-03,        +5.182417498163e-04,        +2.129631809000e+00,        -1.579346719955e+00,        -2.026435939871e+00,        +5.220286490935e-02,        -1.399741836261e+00,        -4.717844789607e-01,        -8.425533814564e-01,        -1.351713428192e+00,        -1.753941960851e+00,        -1.267098308861e+00,        +7.341168227231e+00,        +2.048275592228e+00
 8.96000000e+01,        +7.071067811865e+00,        +2.159625251427e+00,        -4.794991848840e+00,        +7.622084826706e-04,        +2.390964511044e-03,        -3.349916605675e-03,        +4.930709634279e-03,        -1.302473200092e-03,        +6.320290991422e-03,        +1.724077895375e-04,        -3.671291568280e-03,        +2.261355356324e-03,        -3.953843538612e-03,        +1.506014067501e-03,        +3.117128962834e-04,        +7.071067811865e+00,        +7.622084826808e-04,        +2.390964511058e-03,        +5.725243456697e+00,        +2.475731929114e+00,        -2.441120407975e+00,        -1.322788535547e+00,        -1.218966514960e+00,        -1.550177301891e+00,        -1.898834609523e+00,        -5.573789257218e-01,        -2.764951580913e+00,        +2.079186176822e-01,        +2.145790912880e+00,        -1.688233898680e+00,        +7.071067811865e+00,        -3.349916605682e-03,        +4.930709634310e-03,        -2.441120407975e+00,        -1.322788535546e+00,        +5.338993375969e+00,        +3.207774113687e-01,        +1.400315477800e+00,        -4.163895599407e+00,        -4.611648324613e-01,        +1.403732951042e+00,        +1.241558528041e-01,        +1.760808437307e+00,        -2.048289943900e+00,        +1.976781199547e-01,        +7.071067811865e+00,        -1.302473200081e-03,        +6.320290991452e-03,        -1.218966514961e+00,        -1.550177301890e+00,        +1.400315477800e+00,        -4.163895599406e+00,        +3.873814749079e+00,        +1.614150204578e+00,        -6.846805531092e-01,        +9.984231961636e-01,        -4.614598206364e-01,        +1.394565789676e+00,        -1.409291042968e+00,        -3.813934243658e-01,        +7.071067811865e+00,        +1.724077895107e-04,        -3.671291568296e-03,        -1.898834609523e+00,        -5.573789257224e-01,        -4.611648324612e-01,        +1.403732951042e+00,        -6.846805531092e-01,        +9.984231961635e-01,        +3.783062928809e+00,        +1.620901265319e+00,        +1.308415099461e+00,        -4.087855755770e+00,        -8.932803494530e-01,        -1.282286099717e+00,        +7.071067811865e+00,        +2.261355356299e-03,        -3.953843538633e-03,        -2.764951580913e+00,        +2.079186176816e-01,        +1.241558528048e-01,        +1.760808437308e+00,        -4.614598206362e-01,        +1.394565789675e+00,        +1.308415099461e+00,        -4.087855755770e+00,        +5.265882951169e+00,        +4.929203297944e-01,        -1.848768978293e+00,        -1.154903310029e+00,        +7.071067811865e+00,        +1.506014067507e-03,        +3.117128962752e-04,        +2.145790912880e+00,        -1.688233898680e+00,        -2.048289943901e+00,        +1.976781199546e-01,        -1.409291042968e+00,        -3.813934243653e-01,        -8.932803494527e-01,        -1.282286099717e+00,        -1.848768978292e+00,        -1.154903310029e+00,        +7.417230638961e+00,        +2.015023342858e+00
 9.12000000e+01,        +7.071067811865e+00,        +2.026557337108e+00,        -4.645271647987e+00,        +8.688979589351e-04,        +2.261256181812e-03,        -3.013564955914e-03,        +5.145396038683e-03,        -8.565220193826e-04,        +6.434715837596e-03,        -1.429652331045e-04,        -3.871483953610e-03,        +2.061718946923e-03,        -4.169764237064e-03,        +1.497852182907e-03,        +1.138190808945e-04,        +7.071067811865e+00,        +8.688979589439e-04,        +2.261256181820e-03,        +5.820172499193e+00,        +2.389273007105e+00,        -2.532980292243e+00,        -1.156910050834e+00,        -1.263829721229e+00,        -1.449976647453e+00,        -1.903402935258e+00,        -4.364044818183e-01,        -2.783080212720e+00,        +4.093819634416e-01,        +2.152828989876e+00,        -1.806056609602e+00,        +7.071067811865e+00,        -3.013564955903e-03,        +5.145396038685e-03,        -2.532980292244e+00,        -1.156910050834e+00,        +5.258171804368e+00,        +2.830339880671e-01,        +1.204466537282e+00,        -4.198975442992e+00,        -3.504736549491e-01,        +1.391944079095e+00,        +2.829600119816e-01,        +1.695656809517e+00,        -2.059750268487e+00,        +3.478464269929e-01,        +7.071067811865e+00,        -8.565220193799e-04,        +6.434715837592e-03,        -1.263829721229e+00,        -1.449976647453e+00,        +1.204466537283e+00,        -4.198975442992e+00,        +3.826001404682e+00,        +1.710965123126e+00,        -5.949478570661e-01,        +1.015031350427e+00,        -3.513122376909e-01,        +1.382705294311e+00,        -1.411809515090e+00,        -2.915286742373e-01,        +7.071067811865e+00,        -1.429652331047e-04,        -3.871483953588e-03,        -1.903402935258e+00,        -4.364044818185e-01,        -3.504736549495e-01,        +1.391944079094e+00,        -5.949478570662e-01,        +1.015031350427e+00,        +3.737980699406e+00,        +1.726546359796e+00,        +1.120823335874e+00,        -4.112275998211e+00,        -9.367727023045e-01,        -1.210195472660e+00,        +7.071067811865e+00,        +2.061718946920e-03,        -4.169764237046e-03,        -2.783080212720e+00,        +4.093819634416e-01,        +2.829600119812e-01,        +1.695656809516e+00,        -3.513122376912e-01,        +1.382705294311e+00,        +1.120823335874e+00,        -4.112275998211e+00,        +5.203300210051e+00,        +4.678585129721e-01,        -1.935004443023e+00,        -1.033922136720e+00,        +7.071067811865e+00,        +1.497852182915e-03,        +1.138190809024e-04,        +2.152828989876e+00,        -1.806056609602e+00,        -2.059750268487e+00,        +3.478464269928e-01,        -1.411809515090e+00,        -2.915286742371e-01,        -9.367727023041e-01,        -1.210195472660e+00,        -1.935004443023e+00,        -1.033922136720e+00,        +7.488873741476e+00,        +1.974389484141e+00
 9.28000000e+01,        +7.071067811865e+00,        +1.898874845734e+00,        -4.492550435811e+00,        +9.636999565188e-04,        +2.138446355289e-03,        -2.671607082524e-03,        +5.335743537250e-03,        -4.033907762163e-04,        +6.524817092920e-03,        -4.823511753202e-04,        -4.037395689442e-03,        +1.846704270358e-03,        -4.365002879575e-03,        +1.471841210179e-03,        -7.412589650564e-05,        +7.071067811865e+00,        +9.636999565353e-04,        +2.138446355297e-03,        +5.903523734549e+00,        +2.292837951305e+00,        -2.610647121534e+00,        -9.824782346686e-01,        -1.298101312362e+00,        -1.348443933825e+00,        -1.898383971357e+00,        -3.169186836912e-01,        -2.786120846904e+00,        +6.164185456565e-01,        +2.149215100441e+00,        -1.931791804672e+00,        +7.071067811865e+00,        -2.671607082533e-03,        +5.335743537261e-03,        -2.610647121533e+00,        -9.824782346687e-01,        +5.175222545892e+00,        +2.513791846962e-01,        +1.007375159943e+00,        -4.222851884064e+00,        -2.478662717427e-01,        +1.370855011433e+00,        +4.294943317368e-01,        +1.614608971648e+00,        -2.059955533070e+00,        +5.020752158796e-01,        +7.071067811865e+00,        -4.033907762105e-04,        +6.524817092936e-03,        -1.298101312362e+00,        -1.348443933825e+00,        +1.007375159944e+00,        -4.222851884063e+00,        +3.786071134213e+00,        +1.817363928055e+00,        -5.093784897204e-01,        +1.024650646474e+00,        -2.492732778013e-01,        +1.361512849559e+00,        -1.407170558132e+00,        -2.027736737437e-01,        +7.071067811865e+00,        -4.823511753291e-04,        -4.037395689457e-03,        -1.898383971357e+00,        -3.169186836911e-01,        -2.478662717432e-01,        +1.370855011433e+00,        -5.093784897203e-01,        +1.024650646474e+00,        +3.701598610971e+00,        +1.840989275377e+00,        +9.331413308507e-01,        -4.126748658550e+00,        -9.726191489681e-01,        -1.136204653393e+00,        +7.071067811865e+00,        +1.846704270355e-03,        -4.365002879596e-03,        -2.786120846904e+00,        +6.164185456565e-01,        +4.294943317369e-01,        +1.614608971647e+00,        -2.492732778010e-01,        +1.361512849558e+00,        +9.331413308505e-01,        -4.126748658549e+00,        +5.140528073469e+00,        +4.466678657645e-01,        -2.011562184943e+00,        -9.048606272904e-01,        +7.071067811865e+00,        +1.471841210188e-03,        -7.412589650517e-05,        +2.149215100441e+00,        -1.931791804672e+00,        -2.059955533070e+00,        +5.020752158797e-01,        -1.407170558132e+00,        -2.027736737435e-01,        -9.726191489680e-01,        -1.136204653393e+00,        -2.011562184943e+00,        -9.048606272906e-01,        +7.555030733856e+00,        +1.926960496072e+00
 9.44000000e+01,        +7.071067811865e+00,        +1.776524867992e+00,        -4.336895346453e+00,        +1.048844134568e-03,        +2.023610150323e-03,        -2.326683551962e-03,        +5.502086410563e-03,        +5.559097888757e-05,        +6.590716778043e-03,        -8.429019734001e-04,        -4.167636398727e-03,        +1.618337289383e-03,        -4.540052320432e-03,        +1.429804155620e-03,        -2.508204726326e-04,        +7.071067811865e+00,        +1.048844134579e-03,        +2.023610150325e-03,        +5.973712138601e+00,        +2.188112434052e+00,        -2.672943052319e+00,        -8.009377431786e-01,        -1.321483524451e+00,        -1.246817152815e+00,        -1.883674085131e+00,        -1.998216066686e-01,        -2.772917362152e+00,        +8.279439174445e-01,        +2.133533839371e+00,        -2.064180003425e+00,        +7.071067811865e+00,        -2.326683551969e-03,        +5.502086410532e-03,        -2.672943052317e+00,        -8.009377431787e-01,        +5.089858984342e+00,        +2.257567156148e-01,        +8.092573443345e-01,        -4.235478042380e+00,        -1.541716608365e-01,        +1.342208482287e+00,        +5.620601217446e-01,        +1.519580994324e+00,        -2.048061815140e+00,        +6.595543868847e-01,        +7.071067811865e+00,        +5.559097887639e-05,        +6.590716778021e-03,        -1.321483524450e+00,        -1.246817152815e+00,        +8.092573443345e-01,        -4.235478042381e+00,        +3.754810092395e+00,        +1.932940925064e+00,        -4.283178752024e-01,        +1.028607727487e+00,        -1.561896351913e-01,        +1.332733348227e+00,        -1.395296920065e+00,        -1.158067864262e-01,        +7.071067811865e+00,        -8.429019733979e-04,        -4.167636398720e-03,        -1.883674085132e+00,        -1.998216066686e-01,        -1.541716608366e-01,        +1.342208482287e+00,        -4.283178752029e-01,        +1.028607727486e+00,        +3.674540246556e+00,        +1.963768278996e+00,        +7.453659489049e-01,        -4.131340668084e+00,        -1.000488465845e+00,        -1.061185340346e+00,        +7.071067811865e+00,        +1.618337289394e-03,        -4.540052320423e-03,        -2.772917362153e+00,        +8.279439174444e-01,        +5.620601217446e-01,        +1.519580994323e+00,        -1.561896351917e-01,        +1.332733348225e+00,        +7.453659489046e-01,        -4.131340668084e+00,        +5.076993754798e+00,        +4.290176639321e-01,        -2.077407616635e+00,        -7.686065819930e-01,        +7.071067811865e+00,        +1.429804155621e-03,        -2.508204726110e-04,        +2.133533839371e+00,        -2.064180003425e+00,        -2.048061815140e+00,        +6.595543868851e-01,        -1.395296920066e+00,        -1.158067864263e-01,        -1.000488465844e+00,        -1.061185340346e+00,        -2.077407616635e+00,        -7.686065819935e-01,        +7.614702824590e+00,        +1.873492411592e+00
 9.60000000e+01,        +7.071067811865e+00,        +1.659461163688e+00,        -4.178356063425e+00,        +1.126911020739e-03,        +1.917709727801e-03,        -1.981609123663e-03,        +5.645152059512e-03,        +5.191364294119e-04,        +6.632913141589e-03,        -1.222020582961e-03,        -4.260607643178e-03,        +1.377977167029e-03,        -4.695428260581e-03,        +1.373786803318e-03,        -4.150237691788e-04,        +7.071067811865e+00,        +1.126911020739e-03,        +1.917709727810e-03,        +6.029392836752e+00,        +2.077059185546e+00,        -2.718858515876e+00,        -6.139538219981e-01,        -1.333840717854e+00,        -1.146442770251e+00,        -1.859274255580e+00,        -8.613405858697e-02,        -2.742389515378e+00,        +1.042625110996e+00,        +2.104528550613e+00,        -2.201734144915e+00,        +7.071067811865e+00,        -1.981609123648e-03,        +5.645152059503e-03,        -2.718858515876e+00,        -6.139538219985e-01,        +5.001763775062e+00,        +2.063291073726e-01,        +6.103362846570e-01,        -4.236671399732e+00,        -6.993834799762e-02,        +1.307813724603e+00,        +6.792199103974e-01,        +1.412660220287e+00,        -2.023282572774e+00,        +8.192952338438e-01,        +7.071067811865e+00,        +5.191364294038e-04,        +6.632913141576e-03,        -1.333840717855e+00,        -1.146442770251e+00,        +6.103362846580e-01,        -4.236671399731e+00,        +3.733035911228e+00,        +2.057312913721e+00,        -3.518532225982e-01,        +1.028205373507e+00,        -7.262852275762e-02,        +1.298181330786e+00,        -1.376189024729e+00,        -3.139427667306e-02,        +7.071067811865e+00,        -1.222020582944e-03,        -4.260607643167e-03,        -1.859274255579e+00,        -8.613405858672e-02,        -6.993834799763e-02,        +1.307813724602e+00,        -3.518532225981e-01,        +1.028205373506e+00,        +3.657461682052e+00,        +2.094471359496e+00,        +5.574902230267e-01,        -4.125947358098e+00,        -1.020154575359e+00,        -9.861073237443e-01,        +7.071067811865e+00,        +1.377977167043e-03,        -4.695428260573e-03,        -2.742389515378e+00,        +1.042625110996e+00,        +6.792199103977e-01,        +1.412660220286e+00,        -7.262852275765e-02,        +1.298181330785e+00,        +5.574902230272e-01,        -4.125947358098e+00,        +5.012056665062e+00,        +4.148314965843e-01,        -2.131594016509e+00,        -6.262266290979e-01,        +7.071067811865e+00,        +1.373786803322e-03,        -4.150237691652e-04,        +2.104528550613e+00,        -2.201734144915e+00,        -2.023282572774e+00,        +8.192952338445e-01,        -1.376189024728e+00,        -3.139427667250e-02,        -1.020154575360e+00,        -9.861073237449e-01,        -2.131594016509e+00,        -6.262266290992e-01,        +7.666991665959e+00,        +1.814907388423e+00
 9.76000000e+01,        +7.071067811865e+00,        +1.547645424282e+00,        -4.016964718246e+00,        +1.200904897997e-03,        +1.821472366392e-03,        -1.639378241345e-03,        +5.766151076683e-03,        +9.860819627371e-04,        +6.652332905595e-03,        -1.617243687436e-03,        -4.314358655195e-03,        +1.126313353801e-03,        -4.831482545664e-03,        +1.306123726230e-03,        -5.656253082354e-04,        +7.071067811865e+00,        +1.200904897997e-03,        +1.821472366406e-03,        +6.069519133683e+00,        +1.961885191370e+00,        -2.747598795291e+00,        -4.233874793522e-01,        -1.335226533763e+00,        -1.048749510076e+00,        -1.825326702627e+00,        +2.302096560076e-02,        -2.693588374476e+00,        +1.258891482423e+00,        +2.061144516689e+00,        -2.342759471435e+00,        +7.071067811865e+00,        -1.639378241360e-03,        +5.766151076680e-03,        -2.747598795291e+00,        -4.233874793512e-01,        +4.910648119566e+00,        +1.934780223476e-01,        +4.108852179587e-01,        -4.226118383178e+00,        +4.568528109312e-03,        +1.269515197258e+00,        +7.798122454380e-01,        +1.296078504095e+00,        -1.984928145562e+00,        +9.801386631330e-01,        +7.071067811865e+00,        +9.860819627423e-04,        +6.652332905581e-03,        -1.335226533763e+00,        -1.048749510076e+00,        +4.108852179592e-01,        -4.226118383179e+00,        +3.721626840783e+00,        +2.190105561216e+00,        -2.798218080940e-01,        +1.024689054493e+00,        +1.125427803785e-03,        +1.259710202211e+00,        -1.349951285728e+00,        +4.962279501128e-02,        +7.071067811865e+00,        -1.617243687440e-03,        -4.314358655194e-03,        -1.825326702628e+00,        +2.302096559998e-02,        +4.568528109968e-03,        +1.269515197259e+00,        -2.798218080937e-01,        +1.024689054492e+00,        +3.651084519587e+00,        +2.232721655242e+00,        +3.695511248372e-01,        -4.110295246543e+00,        -1.031519842907e+00,        -9.120231958260e-01,        +7.071067811865e+00,        +1.126313353804e-03,        -4.831482545677e-03,        -2.693588374476e+00,        +1.258891482422e+00,        +7.798122454381e-01,        +1.296078504096e+00,        +1.125427803696e-03,        +1.259710202210e+00,        +3.695511248375e-01,        -4.110295246543e+00,        +4.945071284486e+00,        +4.042930622506e-01,        -2.173298772251e+00,        -4.789552077036e-01,        +7.071067811865e+00,        +1.306123726236e-03,        -5.656253082226e-04,        +2.061144516689e+00,        -2.342759471435e+00,        -1.984928145563e+00,        +9.801386631324e-01,        -1.349951285729e+00,        +4.962279501086e-02,        -1.031519842907e+00,        -9.120231958253e-01,        -2.173298772251e+00,        -4.789552077029e-01,        +7.711132514961e+00,        +1.752281946696e+00
 9.92000000e+01,        +7.071067811865e+00,        +1.441048626151e+00,        -3.852735672797e+00,        +1.274305635394e-03,        +1.735243074781e-03,        -1.303158711256e-03,        +5.866900624026e-03,        +1.455493630594e-03,        +6.650397193646e-03,        -2.026085635294e-03,        -4.326444153329e-03,        +8.633841262438e-04,        -4.948197849457e-03,        +1.229493693940e-03,        -7.017369582634e-04,        +7.071067811865e+00,        +1.274305635387e-03,        +1.735243074792e-03,        +6.093394659886e+00,        +1.844993562237e+00,        -2.758625626581e+00,        -2.312601023875e-01,        -1.325905909987e+00,        -9.552167964128e-01,        -1.782146916260e+00,        +1.264446374516e-01,        -2.625747965465e+00,        +1.474958262526e+00,        +2.002568743458e+00,        -2.485384446135e+00,        +7.071067811865e+00,        -1.303158711256e-03,        +5.866900624018e-03,        -2.758625626582e+00,        -2.312601023866e-01,        +4.816307851222e+00,        +1.877911521048e-01,        +2.112673287681e-01,        -4.203388356523e+00,        +6.936936190901e-02,        +1.229160937930e+00,        +8.629658516419e-01,        +1.172182833936e+00,        -1.932442412500e+00,        +1.140772513471e+00,        +7.071067811865e+00,        +1.455493630593e-03,        +6.650397193651e-03,        -1.325905909987e+00,        -9.552167964119e-01,        +2.112673287679e-01,        -4.203388356524e+00,        +3.721547762125e+00,        +2.330931473225e+00,        -2.118203481297e-01,        +1.019213711146e+00,        +6.507257537941e-02,        +1.219181161680e+00,        -1.316815195548e+00,        +1.263472019650e-01,        +7.071067811865e+00,        -2.026085635301e-03,        -4.326444153321e-03,        -1.782146916260e+00,        +1.264446374509e-01,        +6.936936191073e-02,        +1.229160937930e+00,        -2.118203481288e-01,        +1.019213711145e+00,        +3.656225794572e+00,        +2.378154038802e+00,        +1.816749918415e-01,        -4.083954744193e+00,        -1.034635542233e+00,        -8.400485436349e-01,        +7.071067811865e+00,        +8.633841262375e-04,        -4.948197849452e-03,        -2.625747965465e+00,        +1.474958262525e+00,        +8.629658516434e-01,        +1.172182833935e+00,        +6.507257538034e-02,        +1.219181161678e+00,        +1.816749918416e-01,        -4.083954744192e+00,        +4.875448010212e+00,        +3.978383111567e-01,        -2.201857494254e+00,        -3.281754312150e-01,        +7.071067811865e+00,        +1.229493693944e-03,        -7.017369582611e-04,        +2.002568743458e+00,        -2.485384446135e+00,        -1.932442412499e+00,        +1.140772513471e+00,        -1.316815195548e+00,        +1.263472019649e-01,        -1.034635542233e+00,        -8.400485436351e-01,        -2.201857494254e+00,        -3.281754312157e-01,        +7.746525605975e+00,        +1.686826683251e+00
 1.00800000e+02,        +7.071067811865e+00,        +1.339652509907e+00,        -3.685665168497e+00,        +1.351096459137e-03,        +1.658811141950e-03,        -9.762635782142e-04,        +5.949984599240e-03,        +1.926812881414e-03,        +6.629098353152e-03,        -2.445833942836e-03,        -4.293786623338e-03,        +5.886219692185e-04,        -5.044958816651e-03,        +1.146961806207e-03,        -8.228083434311e-04,        +7.071067811865e+00,        +1.351096459118e-03,        +1.658811141945e-03,        +6.100715055196e+00,        +1.728921912726e+00,        -2.751690901051e+00,        -3.970875357761e-02,        -1.306370767772e+00,        -8.673390889402e-01,        -1.730249492799e+00,        +2.228951174591e-01,        -2.538329813698e+00,        +1.688861517396e+00,        +1.928262975546e+00,        -2.627601617007e+00,        +7.071067811865e+00,        -9.762635781931e-04,        +5.949984599206e-03,        -2.751690901051e+00,        -3.970875357737e-02,        +4.718673333820e+00,        +1.900374850775e-01,        +1.197104318417e-02,        -4.167955442481e+00,        +1.247708469071e-01,        +1.188570136776e+00,        +9.281115164512e-01,        +1.043402935372e+00,        -1.865434193901e+00,        +1.299756993357e+00,        +7.071067811865e+00,        +1.926812881410e-03,        +6.629098353105e-03,        -1.306370767772e+00,        -8.673390889392e-01,        +1.197104318484e-02,        -4.167955442482e+00,        +3.733871747745e+00,        +2.479360930799e+00,        -1.472158494504e-01,        +1.012810081849e+00,        +1.194994258576e-01,        +1.178431445155e+00,        -1.277158068637e+00,        +1.978487211193e-01,        +7.071067811865e+00,        -2.445833942850e-03,        -4.293786623319e-03,        -1.730249492799e+00,        +2.228951174584e-01,        +1.247708469063e-01,        +1.188570136776e+00,        -1.472158494511e-01,        +1.012810081849e+00,        +3.673823333652e+00,        +2.530383730752e+00,        -5.881111851998e-03,        -4.046361420303e+00,        -1.029718496553e+00,        -7.713383132516e-01,        +7.071067811865e+00,        +5.886219691827e-04,        -5.044958816637e-03,        -2.538329813698e+00,        +1.688861517396e+00,        +9.281115164503e-01,        +1.043402935370e+00,        +1.194994258561e-01,        +1.178431445154e+00,        -5.881111851510e-03,        -4.046361420303e+00,        +4.802708953571e+00,        +3.961353571866e-01,        -2.216793742811e+00,        -1.753923492715e-01,        +7.071067811865e+00,        +1.146961806210e-03,        -8.228083434131e-04,        +1.928262975547e+00,        -2.627601617007e+00,        -1.865434193902e+00,        +1.299756993358e+00,        -1.277158068637e+00,        +1.978487211195e-01,        -1.029718496553e+00,        -7.713383132519e-01,        -2.216793742812e+00,        -1.753923492725e-01,        +7.772763178480e+00,        +1.619858071276e+00
 1.02400000e+02,        +7.071067811865e+00,        +1.243451228322e+00,        -3.515730822563e+00,        +1.435764187600e-03,        +1.591209202456e-03,        -6.620900308782e-04,        +6.018954331503e-03,        +2.400057040733e-03,        +6.591082464030e-03,        -2.873283636801e-03,        -4.212547473436e-03,        +3.009333909086e-04,        -5.120293696975e-03,        +1.062005387395e-03,        -9.287676333404e-04,        +7.071067811865e+00,        +1.435764187606e-03,        +1.591209202458e-03,        +6.091595283960e+00,        +1.616270550945e+00,        -2.726859929435e+00,        +1.490655558084e-01,        -1.277348621584e+00,        -7.865878058028e-01,        -1.670366669768e+00,        +3.111250230688e-01,        -2.431057462086e+00,        +1.898502122870e+00,        +1.837986979128e+00,        -2.767316231963e+00,        +7.071067811865e+00,        -6.620900309042e-04,        +6.018954331502e-03,        -2.726859929436e+00,        +1.490655558079e-01,        +4.617850845591e+00,        +2.011335096221e-01,        -1.863602811995e-01,        -4.119226340244e+00,        +1.713648623065e-01,        +1.149499941928e+00,        +9.749900700557e-01,        +9.122163768836e-01,        -1.783701294429e+00,        +1.455556446234e+00,        +7.071067811865e+00,        +2.400057040701e-03,        +6.591082464048e-03,        -1.277348621585e+00,        -7.865878058028e-01,        -1.863602811992e-01,        -4.119226340244e+00,        +3.759796266550e+00,        +2.634886225910e+00,        -8.515838137975e-02,        +1.006350029593e+00,        +1.649780741243e-01,        +1.139241897551e+00,        -1.231516687523e+00,        +2.631905061503e-01,        +7.071067811865e+00,        -2.873283636789e-03,        -4.212547473412e-03,        -1.670366669767e+00,        +3.111250230690e-01,        +1.713648623062e-01,        +1.149499941927e+00,        -8.515838138032e-02,        +1.006350029593e+00,        +3.704955514779e+00,        +2.688967806945e+00,        -1.926932271959e-01,        -3.996844180664e+00,        -1.017163165391e+00,        -7.070604155484e-01,        +7.071067811865e+00,        +3.009333909129e-04,        -5.120293696955e-03,        -2.431057462085e+00,        +1.898502122870e+00,        +9.749900700548e-01,        +9.122163768830e-01,        +1.649780741233e-01,        +1.139241897552e+00,        -1.926932271956e-01,        -3.996844180664e+00,        +4.726536176780e+00,        +4.000543706757e-01,        -2.217842260278e+00,        -2.219995026069e-02,        +7.071067811865e+00,        +1.062005387396e-03,        -9.287676333393e-04,        +1.837986979128e+00,        -2.767316231962e+00,        -1.783701294430e+00,        +1.455556446235e+00,        -1.231516687523e+00,        +2.631905061509e-01,        -1.017163165392e+00,        -7.070604155490e-01,        -2.217842260279e+00,        -2.219995026132e-02,        +7.789649840530e+00,        +1.552763784593e+00
 1.04000000e+02,        +7.071067811865e+00,        +1.152453214846e+00,        -3.342890948026e+00,        +1.533267635517e-03,        +1.530481885439e-03,        -3.640119587632e-04,        +6.078574546603e-03,        +2.876093336095e-03,        +6.539729129633e-03,        -3.304393621913e-03,        -4.078014578463e-03,        -1.176066849228e-06,        -5.171578968949e-03,        +9.785201085962e-04,        -1.020190929972e-03,        +7.071067811865e+00,        +1.533267635492e-03,        +1.530481885471e-03,        +6.066579873272e+00,        +1.509625006509e+00,        -2.684522543258e+00,        +3.328534113264e-01,        -1.239804026181e+00,        -7.143727841485e-01,        -1.603459149464e+00,        +3.899214382649e-01,        -2.303938878817e+00,        +2.101695390038e+00,        +1.731809930119e+00,        -2.902399441429e+00,        +7.071067811865e+00,        -3.640119587327e-04,        +6.078574546569e-03,        -2.684522543257e+00,        +3.328534113262e-01,        +4.514154042369e+00,        +2.221034855734e-01,        -3.829045106090e-01,        -4.056572275190e+00,        +2.100252943622e-01,        +1.113611778141e+00,        +1.003655236700e+00,        +7.811125483811e-01,        -1.687245706199e+00,        +1.606574948816e+00,        +7.071067811865e+00,        +2.876093336092e-03,        +6.539729129587e-03,        -1.239804026182e+00,        -7.143727841488e-01,        -3.829045106091e-01,        -4.056572275191e+00,        +3.800653472257e+00,        +2.796880304407e+00,        -2.459622176992e-02,        +1.000510337507e+00,        +2.023637977391e-01,        +1.103304161157e+00,        -1.180595631190e+00,        +3.214571300506e-01,        +7.071067811865e+00,        -3.304393621933e-03,        -4.078014578452e-03,        -1.603459149464e+00,        +3.899214382651e-01,        +2.100252943624e-01,        +1.113611778141e+00,        -2.459622177016e-02,        +1.000510337507e+00,        +3.750854687493e+00,        +2.853360284502e+00,        -3.781399518128e-01,        -3.934658623691e+00,        -9.975488965345e-01,        -6.483678991120e-01,        +7.071067811865e+00,        -1.176066867655e-06,        -5.171578968985e-03,        -2.303938878817e+00,        +2.101695390038e+00,        +1.003655236700e+00,        +7.811125483807e-01,        +2.023637977387e-01,        +1.103304161157e+00,        -3.781399518129e-01,        -3.934658623691e+00,        +4.646810646295e+00,        +4.106303331925e-01,        -2.204964083371e+00,        +1.297559859914e-01,        +7.071067811865e+00,        +9.785201085780e-04,        -1.020190929944e-03,        +1.731809930119e+00,        -2.902399441429e+00,        -1.687245706199e+00,        +1.606574948817e+00,        -1.180595631189e+00,        +3.214571300510e-01,        -9.975488965346e-01,        -6.483678991120e-01,        -2.204964083372e+00,        +1.297559859911e-01,        +7.797214484247e+00,        +1.486963736415e+00
 1.05600000e+02,        +7.071067811865e+00,        +1.066683337353e+00,        -3.167083669451e+00,        +1.648968186610e-03,        +1.473418772102e-03,        -8.520883202301e-05,        +6.135121008083e-03,        +3.357010109856e-03,        +6.479215408035e-03,        -3.733842788923e-03,        -3.884518606981e-03,        -3.194160132691e-04,        -5.194697380474e-03,        +9.008015267743e-04,        -1.098505528993e-03,        +7.071067811865e+00,        +1.648968186595e-03,        +1.473418772100e-03,        +6.026634987763e+00,        +1.411478203027e+00,        -2.625391484268e+00,        +5.094925733576e-01,        -1.194933571029e+00,        -6.520051838193e-01,        -1.530719633084e+00,        +4.581463799215e-01,        -2.157275870554e+00,        +2.296222314541e+00,        +1.610108890470e+00,        -3.030742254218e+00,        +7.071067811865e+00,        -8.520883201079e-05,        +6.135121008111e-03,        -2.625391484268e+00,        +5.094925733578e-01,        +4.408125226317e+00,        +2.540371993601e-01,        -5.766422088091e-01,        -3.979363474288e+00,        +2.419030667560e-01,        +1.082437482504e+00,        +1.014470916086e+00,        +6.525575068212e-01,        -1.576279385455e+00,        +1.751192767949e+00,        +7.071067811865e+00,        +3.357010109845e-03,        +6.479215408071e-03,        -1.194933571029e+00,        -6.520051838192e-01,        -5.766422088087e-01,        -3.979363474288e+00,        +3.857914200187e+00,        +2.964550013517e+00,        +3.570613006141e-02,        +9.957342946132e-01,        +2.327911489246e-01,        +1.072187785382e+00,        -1.125270696141e+00,        +3.717827910312e-01,        +7.071067811865e+00,        -3.733842788899e-03,        -3.884518606987e-03,        -1.530719633084e+00,        +4.581463799212e-01,        +2.419030667554e-01,        +1.082437482505e+00,        +3.570613006155e-02,        +9.957342946136e-01,        +3.812913680485e+00,        +3.022861114150e+00,        -5.613771898760e-01,        -3.859024020320e+00,        -9.716426444549e-01,        -5.963710624072e-01,        +7.071067811865e+00,        -3.194160132475e-04,        -5.194697380457e-03,        -2.157275870554e+00,        +2.296222314541e+00,        +1.014470916086e+00,        +6.525575068214e-01,        +2.327911489246e-01,        +1.072187785382e+00,        -5.613771898760e-01,        -3.859024020320e+00,        +4.563641227415e+00,        +4.290219724489e-01,        -2.178352702995e+00,        +2.788164990287e-01,        +7.071067811865e+00,        +9.008015267933e-04,        -1.098505529014e-03,        +1.610108890470e+00,        -3.030742254218e+00,        -1.576279385456e+00,        +1.751192767949e+00,        -1.125270696142e+00,        +3.717827910313e-01,        -9.716426444552e-01,        -5.963710624075e-01,        -2.178352702995e+00,        +2.788164990283e-01,        +7.795712771592e+00,        +1.423869574598e+00
 1.07200000e+02,        +7.071067811865e+00,        +9.861854186033e-01,        -2.988225800460e+00,        +1.788513191398e-03,        +1.415243194618e-03,        +1.715931020281e-04,        +6.196738315117e-03,        +3.846615635196e-03,        +6.414543265225e-03,        -4.154456364418e-03,        -3.625398328598e-03,        -6.554414327199e-04,        -5.183637375977e-03,        +8.334946280130e-04,        -1.166235209365e-03,        +7.071067811865e+00,        +1.788513191393e-03,        +1.415243194660e-03,        +5.973123120728e+00,        +1.324157757628e+00,        -2.550488933876e+00,        +6.769196770197e-01,        -1.144155935781e+00,        -6.006633316961e-01,        -1.453570331702e+00,        +5.147760223720e-01,        -1.991661075978e+00,        +2.479878202246e+00,        +1.473554721960e+00,        -3.150306165414e+00,        +7.071067811865e+00,        +1.715931020063e-04,        +6.196738315125e-03,        -2.550488933877e+00,        +6.769196770199e-01,        +4.300547405086e+00,        +2.980485156002e-01,        -7.663422134819e-01,        -3.887005142365e+00,        +2.684201467068e-01,        +1.057345259935e+00,        +1.008103510508e+00,        +5.289619399227e-01,        -1.451221096601e+00,        +1.887800548550e+00,        +7.071067811865e+00,        +3.846615635151e-03,        +6.414543265230e-03,        -1.144155935781e+00,        -6.006633316953e-01,        -7.663422134808e-01,        -3.887005142365e+00,        +3.933185230567e+00,        +3.136883676167e+00,        +9.714638570189e-02,        +9.921900802057e-01,        +2.576694122375e-01,        +1.047307250631e+00,        -1.066588465625e+00,        +4.133784807055e-01,        +7.071067811865e+00,        -4.154456364410e-03,        -3.625398328593e-03,        -1.453570331702e+00,        +5.147760223709e-01,        +2.684201467060e-01,        +1.057345259935e+00,        +9.714638570157e-02,        +9.921900802055e-01,        +3.892684756690e+00,        +3.196558885094e+00,        -7.413171652118e-01,        -3.769162870613e+00,        -9.403980853339e-01,        -5.521106518280e-01,        +7.071067811865e+00,        -6.554414326991e-04,        -5.183637375989e-03,        -1.991661075977e+00,        +2.479878202245e+00,        +1.008103510507e+00,        +5.289619399215e-01,        +2.576694122363e-01,        +1.047307250629e+00,        -7.413171652115e-01,        -3.769162870612e+00,        +4.477384290748e+00,        +4.564702845561e-01,        -2.138431460649e+00,        +4.233465657107e-01,        +7.071067811865e+00,        +8.334946279894e-04,        -1.166235209332e-03,        +1.473554721961e+00,        -3.150306165415e+00,        -1.451221096600e+00,        +1.887800548551e+00,        -1.066588465624e+00,        +4.133784807060e-01,        -9.403980853348e-01,        -5.521106518283e-01,        -2.138431460650e+00,        +4.233465657097e-01,        +7.785620197084e+00,        +1.364845630915e+00
 1.08800000e+02,        +7.071067811865e+00,        +9.110252277884e-01,        -2.806211441592e+00,        +1.957656878837e-03,        +1.349244594744e-03,        +4.045020291666e-04,        +6.273868201520e-03,        +4.351103917010e-03,        +6.351497843195e-03,        -4.556463774171e-03,        -3.293047657251e-03,        -1.010464123429e-03,        -5.130019549437e-03,        +7.814992104913e-04,        -1.227299281829e-03,        +7.071067811865e+00,        +1.957656878866e-03,        +1.349244594709e-03,        +5.907763057987e+00,        +1.249763393437e+00,        -2.461123483482e+00,        +8.332145527997e-01,        -1.089099185259e+00,        -5.613622155136e-01,        -1.373656431288e+00,        +5.589377592745e-01,        -1.807964663102e+00,        +2.650514736950e+00,        +1.323087211480e+00,        -3.259166619219e+00,        +7.071067811865e+00,        +4.045020291993e-04,        +6.273868201576e-03,        -2.461123483482e+00,        +8.332145527994e-01,        +4.192449389260e+00,        +3.552374891132e-01,        -9.505496104289e-01,        -3.778974835422e+00,        +2.912636734074e-01,        +1.039504796977e+00,        +9.855111073805e-01,        +4.126542911354e-01,        -1.312685963418e+00,        +2.014828343230e+00,        +7.071067811865e+00,        +4.351103917065e-03,        +6.351497843224e-03,        -1.089099185259e+00,        -5.613622155135e-01,        -9.505496104293e-01,        -3.778974835423e+00,        +4.028198939934e+00,        +3.312592037908e+00,        +1.612581734408e-01,        +9.897245190382e-01,        +2.786787122826e-01,        +1.029888211161e+00,        -1.005763635229e+00,        +4.455575177695e-01,        +7.071067811865e+00,        -4.556463774241e-03,        -3.293047657251e-03,        -1.373656431288e+00,        +5.589377592747e-01,        +2.912636734077e-01,        +1.039504796978e+00,        +1.612581734405e-01,        +9.897245190386e-01,        +3.991869952254e+00,        +3.373266418057e+00,        -9.166101067036e-01,        -3.664342860802e+00,        -9.049526260421e-01,        -5.165327615622e-01,        +7.071067811865e+00,        -1.010464123500e-03,        -5.130019549446e-03,        -1.807964663101e+00,        +2.650514736950e+00,        +9.855111073800e-01,        +4.126542911358e-01,        +2.786787122819e-01,        +1.029888211161e+00,        -9.166101067035e-01,        -3.664342860802e+00,        +4.388655840743e+00,        +4.942596997654e-01,        -2.085843504529e+00,        +5.617678855420e-01,        +7.071067811865e+00,        +7.814992104974e-04,        -1.227299281866e-03,        +1.323087211480e+00,        -3.259166619219e+00,        -1.312685963418e+00,        +2.014828343230e+00,        -1.005763635229e+00,        +4.455575177693e-01,        -9.049526260425e-01,        -5.165327615625e-01,        -2.085843504529e+00,        +5.617678855414e-01,        +7.767616794347e+00,        +1.311174221057e+00
 1.10400000e+02,        +7.071067811865e+00,        +8.412940786811e-01,        -2.620910247672e+00,        +2.161993610110e-03,        +1.266338287545e-03,        +6.130154235057e-04,        +6.379759179140e-03,        +4.879937984866e-03,        +6.296484322696e-03,        -4.926538142571e-03,        -2.879097321588e-03,        -1.384692811251e-03,        -5.022534655700e-03,        +7.498109324713e-04,        -1.287381048383e-03,        +7.071067811865e+00,        +2.161993610130e-03,        +1.266338287606e-03,        +5.832579417048e+00,        +1.190118308754e+00,        -2.358861155817e+00,        +9.766346143076e-01,        -1.031587856145e+00,        -5.349261956009e-01,        -1.292837909562e+00,        +5.899453288530e-01,        -1.607314308799e+00,        +2.806072425384e+00,        +1.159882489623e+00,        -3.355546202811e+00,        +7.071067811865e+00,        +6.130154234722e-04,        +6.379759179058e-03,        -2.358861155816e+00,        +9.766346143072e-01,        +4.085107305620e+00,        +4.266577807800e-01,        -1.127574252435e+00,        -3.654862370792e+00,        +3.123814551655e-01,        +1.029849846851e+00,        +9.479325011314e-01,        +3.058603635042e-01,        -1.161470447690e+00,        +2.130767240244e+00,        +7.071067811865e+00,        +4.879937984818e-03,        +6.296484322691e-03,        -1.031587856146e+00,        -5.349261956012e-01,        -1.127574252435e+00,        -3.654862370792e+00,        +4.144793526737e+00,        +3.490040967491e+00,        +2.296779213154e-01,        +9.878103249643e-01,        +2.977682013002e-01,        +1.020931192139e+00,        -9.441760488061e-01,        +4.677597450342e-01,        +7.071067811865e+00,        -4.926538142517e-03,        -2.879097321573e-03,        -1.292837909562e+00,        +5.899453288533e-01,        +3.123814551659e-01,        +1.029849846851e+00,        +2.296779213157e-01,        +9.878103249642e-01,        +4.112300814925e+00,        +3.551447792017e+00,        -1.085626768487e+00,        -3.543922286314e+00,        -8.666241897438e-01,        -4.904652149256e-01,        +7.071067811865e+00,        -1.384692811197e-03,        -5.022534655683e-03,        -1.607314308799e+00,        +2.806072425384e+00,        +9.479325011318e-01,        +3.058603635028e-01,        +2.977682012998e-01,        +1.020931192138e+00,        -1.085626768487e+00,        -3.543922286314e+00,        +4.298339377828e+00,        +5.436840964942e-01,        -2.021436742109e+00,        +6.925850297749e-01,        +7.071067811865e+00,        +7.498109324700e-04,        -1.287381048367e-03,        +1.159882489623e+00,        -3.355546202811e+00,        -1.161470447690e+00,        +2.130767240245e+00,        -9.441760488051e-01,        +4.677597450349e-01,        -8.666241897446e-01,        -4.904652149260e-01,        -2.021436742109e+00,        +6.925850297739e-01,        +7.742565559321e+00,        +1.264027725115e+00
 1.12000000e+02,        +7.071067811865e+00,        +7.771132130348e-01,        -2.432165302058e+00,        +2.406562911380e-03,        +1.154533644735e-03,        +7.988243714385e-04,        +6.531065389872e-03,        +5.447013650798e-03,        +6.256159992871e-03,        -5.246555336682e-03,        -2.374816000421e-03,        -1.776523068163e-03,        -4.846279915815e-03,        +7.432651051710e-04,        -1.354384808008e-03,        +7.071067811865e+00,        +2.406562911350e-03,        +1.154533644725e-03,        +5.749847278431e+00,        +1.146736670982e+00,        -2.245495089233e+00,        +1.105638193010e+00,        -9.736323225793e-01,        -5.219630783046e-01,        -1.213182075014e+00,        +6.073336815676e-01,        -1.391073230691e+00,        +2.944601747735e+00,        +9.853168646399e-01,        -3.437835624981e+00,        +7.071067811865e+00,        +7.988243714557e-04,        +6.531065389879e-03,        -2.245495089233e+00,        +1.105638193011e+00,        +3.980046761769e+00,        +5.132896347867e-01,        -1.295478324284e+00,        -3.514414930136e+00,        +3.339797125250e-01,        +1.029035255811e+00,        +8.968800339786e-01,        +2.106894589768e-01,        -9.985363697021e-01,        +2.234182378194e+00,        +7.071067811865e+00,        +5.447013650762e-03,        +6.256159992894e-03,        -9.736323225783e-01,        -5.219630783037e-01,        -1.295478324284e+00,        -3.514414930137e+00,        +4.284880424743e+00,        +3.667173824786e+00,        +3.041013014923e-01,        +9.854846617477e-01,        +3.171574386047e-01,        +1.021169557212e+00,        -8.833694192971e-01,        +4.795758378015e-01,        +7.071067811865e+00,        -5.246555336684e-03,        -2.374816000494e-03,        -1.213182075015e+00,        +6.073336815672e-01,        +3.339797125256e-01,        +1.029035255811e+00,        +3.041013014929e-01,        +9.854846617467e-01,        +4.255903989903e+00,        +3.729134910206e+00,        -1.246440193484e+00,        -3.407401589799e+00,        -8.269097378091e-01,        -4.745940934326e-01,        +7.071067811865e+00,        -1.776523068144e-03,        -4.846279915876e-03,        -1.391073230691e+00,        +2.944601747734e+00,        +8.968800339797e-01,        +2.106894589768e-01,        +3.171574386064e-01,        +1.021169557210e+00,        -1.246440193485e+00,        -3.407401589799e+00,        +4.207593825778e+00,        +6.060184854512e-01,        -1.946247192185e+00,        +8.144035991973e-01,        +7.071067811865e+00,        +7.432651051737e-04,        -1.354384808014e-03,        +9.853168646397e-01,        -3.437835624981e+00,        -9.985363697028e-01,        +2.234182378194e+00,        -8.833694192982e-01,        +4.795758378011e-01,        -8.269097378075e-01,        -4.745940934326e-01,        -1.946247192184e+00,        +8.144035991978e-01,        +7.711487502216e+00,        +1.224449080310e+00
 1.13600000e+02,        +7.071067811865e+00,        +7.186392081516e-01,        -2.239790520596e+00,        +2.695262737346e-03,        +9.982919200019e-04,        +9.669787323657e-04,        +6.748532433496e-03,        +6.072178185893e-03,        +6.236729186901e-03,        -5.491999681895e-03,        -1.771865698359e-03,        -2.181359953207e-03,        -4.581989610128e-03,        +7.661308910286e-04,        -1.439002096303e-03,        +7.071067811865e+00,        +2.695262737354e-03,        +9.982919199663e-04,        +5.662038075334e+00,        +1.120807352804e+00,        -2.123019059800e+00,        +1.218897537432e+00,        -9.174222753244e-01,        -5.228360841227e-01,        -1.136958561512e+00,        +6.108969300038e-01,        -1.160821831411e+00,        +3.064273195035e+00,        +8.009318620683e-01,        -3.504602016095e+00,        +7.071067811865e+00,        +9.669787324240e-04,        +6.748532433508e-03,        -2.123019059801e+00,        +1.218897537433e+00,        +3.879050347325e+00,        +6.160167407892e-01,        -1.452062507600e+00,        -3.357591709116e+00,        +3.585228862787e-01,        +1.037383834134e+00,        +8.341408943887e-01,        +1.291253103769e-01,        -8.249981956564e-01,        +2.323717512173e+00,        +7.071067811865e+00,        +6.072178185949e-03,        +6.236729186872e-03,        -9.174222753242e-01,        -5.228360841222e-01,        -1.452062507599e+00,        -3.357591709116e+00,        +4.450393174486e+00,        +3.841421431070e+00,        +3.862233573738e-01,        +9.812770239376e-01,        +3.393410639777e-01,        +1.031016872838e+00,        -8.250532781135e-01,        +4.807745207836e-01,        +7.071067811865e+00,        -5.491999681904e-03,        -1.771865698373e-03,        -1.136958561513e+00,        +6.108969300029e-01,        +3.585228862796e-01,        +1.037383834134e+00,        +3.862233573739e-01,        +9.812770239364e-01,        +4.424646741743e+00,        +3.903831765590e+00,        -1.396806093315e+00,        -3.254485514531e+00,        -7.874871197835e-01,        -4.694377425576e-01,        +7.071067811865e+00,        -2.181359953184e-03,        -4.581989610127e-03,        -1.160821831412e+00,        +3.064273195033e+00,        +8.341408943892e-01,        +1.291253103772e-01,        +3.393410639783e-01,        +1.031016872837e+00,        -1.396806093315e+00,        -3.254485514531e+00,        +4.117866645761e+00,        +6.824952491548e-01,        -1.861484850880e+00,        +9.259403680484e-01,        +7.071067811865e+00,        +7.661308910141e-04,        -1.439002096289e-03,        +8.009318620682e-01,        -3.504602016095e+00,        -8.249981956565e-01,        +2.323717512174e+00,        -8.250532781143e-01,        +4.807745207836e-01,        -7.874871197826e-01,        -4.694377425573e-01,        -1.861484850879e+00,        +9.259403680490e-01,        +7.675536831533e+00,        +1.193341250167e+00
 1.15200000e+02,        +7.071067811865e+00,        +6.660707330434e-01,        -2.043567490564e+00,        +3.029974320660e-03,        +7.777616920218e-04,        +1.127574371008e-03,        +7.057744479564e-03,        +6.783183524655e-03,        +6.242693296635e-03,        -5.629939686806e-03,        -1.063622771510e-03,        -2.589902221681e-03,        -4.205178756583e-03,        +8.214749692219e-04,        -1.555404715193e-03,        +7.071067811865e+00,        +3.029974320626e-03,        +7.777616919416e-04,        +5.571772929111e+00,        +1.113191759044e+00,        -1.993610035714e+00,        +1.315304361705e+00,        -8.653247400122e-01,        -5.376285780737e-01,        -1.066637081526e+00,        +6.007344500773e-01,        -9.183487881724e-01,        +3.163378630632e+00,        +6.084055018278e-01,        -3.554585796469e+00,        +7.071067811865e+00,        +1.127574371046e-03,        +7.057744479533e-03,        -1.993610035715e+00,        +1.315304361707e+00,        +3.784175042532e+00,        +7.356029296488e-01,        -1.594852297961e+00,        -3.184634189166e+00,        +3.887333081076e-01,        +1.054816854053e+00,        +7.617916569653e-01,        +6.301771237894e-02,        -6.421180624877e-01,        +2.398092985532e+00,        +7.071067811865e+00,        +6.783183524639e-03,        +6.242693296587e-03,        -8.653247400124e-01,        -5.376285780714e-01,        -1.594852297962e+00,        -3.184634189168e+00,        +4.643208808977e+00,        +4.009598540820e+00,        +4.776533227042e-01,        +9.731255431224e-01,        +3.670948737153e-01,        +1.050496983400e+00,        -7.711086601323e-01,        +4.713369591460e-01,        +7.071067811865e+00,        -5.629939686815e-03,        -1.063622771472e-03,        -1.066637081525e+00,        +6.007344500764e-01,        +3.887333081084e-01,        +1.054816854055e+00,        +4.776533227044e-01,        +9.731255431223e-01,        +4.620453243858e+00,        +4.072405592867e+00,        -1.534143194558e+00,        -3.085162344424e+00,        -7.502208665342e-01,        -4.753141041714e-01,        +7.071067811865e+00,        -2.589902221706e-03,        -4.205178756555e-03,        -9.183487881717e-01,        +3.163378630631e+00,        +7.617916569656e-01,        +6.301771238040e-02,        +3.670948737155e-01,        +1.050496983399e+00,        -1.534143194558e+00,        -3.085162344424e+00,        +4.030917539865e+00,        +7.742812960095e-01,        -1.768526550065e+00,        +1.026027087025e+00,        +7.071067811865e+00,        +8.214749692239e-04,        -1.555404715195e-03,        +6.084055018283e-01,        -3.554585796469e+00,        -6.421180624881e-01,        +2.398092985532e+00,        -7.711086601325e-01,        +4.713369591456e-01,        -7.502208665341e-01,        -4.753141041714e-01,        -1.768526550065e+00,        +1.026027087025e+00,        +7.635980070057e+00,        +1.171464956886e+00
 1.16800000e+02,        +7.071067811865e+00,        +6.196571006574e-01,        -1.843241629357e+00,        +3.409256069182e-03,        +4.678991542009e-04,        +1.298191244791e-03,        +7.489859819630e-03,        +7.618141648924e-03,        +6.274734498104e-03,        -5.616511591820e-03,        -2.473909833049e-04,        -2.985642885828e-03,        -3.685266041632e-03,        +9.101730473028e-04,        -1.722069431611e-03,        +7.071067811865e+00,        +3.409256069202e-03,        +4.678991541686e-04,        +5.481788983493e+00,        +1.124431213780e+00,        -1.859624314838e+00,        +1.393973283167e+00,        -8.198846728582e-01,        -5.660949100213e-01,        -1.004885781623e+00,        +5.773117868383e-01,        -6.656570431250e-01,        +3.240329049776e+00,        +4.095346274982e-01,        -3.586689238933e+00,        +7.071067811865e+00,        +1.298191244785e-03,        +7.489859819660e-03,        -1.859624314838e+00,        +1.393973283167e+00,        +3.697783196647e+00,        +8.726618282424e-01,        -1.721089301395e+00,        -2.996159560913e+00,        +4.275851988883e-01,        +1.080760593308e+00,        +6.822302236439e-01,        +1.406782318660e-02,        -4.513127914204e-01,        +2.456100963653e+00,        +7.071067811865e+00,        +7.618141648929e-03,        +6.274734498103e-03,        -8.198846728583e-01,        -5.660949100210e-01,        -1.721089301395e+00,        -2.996159560913e+00,        +4.865028737833e+00,        +4.167788318699e+00,        +5.797911965723e-01,        +9.582835695913e-01,        +4.034780467290e-01,        +1.079148465338e+00,        -7.235961789854e-01,        +4.515040428940e-01,        +7.071067811865e+00,        -5.616511591866e-03,        -2.473909832898e-04,        -1.004885781624e+00,        +5.773117868388e-01,        +4.275851988891e-01,        +1.080760593308e+00,        +5.797911965729e-01,        +9.582835695915e-01,        +4.845078332605e+00,        +4.230966827118e+00,        -1.655518279921e+00,        -2.899808499380e+00,        -7.171707364975e-01,        -4.922957436205e-01,        +7.071067811865e+00,        -2.985642885866e-03,        -3.685266041625e-03,        -6.656570431257e-01,        +3.240329049776e+00,        +6.822302236446e-01,        +1.406782318700e-02,        +4.034780467289e-01,        +1.079148465339e+00,        -1.655518279921e+00,        -2.899808499380e+00,        +3.948857656477e+00,        +8.824493113665e-01,        -1.668920190208e+00,        +1.113611688622e+00,        +7.071067811865e+00,        +9.101730473087e-04,        -1.722069431603e-03,        +4.095346274989e-01,        -3.586689238933e+00,        -4.513127914206e-01,        +2.456100963653e+00,        -7.235961789849e-01,        +4.515040428944e-01,        -7.171707364975e-01,        -4.922957436210e-01,        -1.668920190208e+00,        +1.113611688621e+00,        +7.594182872720e+00,        +1.159442505913e+00
 1.18400000e+02,        +7.071067811865e+00,        +5.797092435350e-01,        -1.638517525516e+00,        +3.826403247691e-03,        +3.752213987932e-05,        +1.507398228508e-03,        +8.082174422930e-03,        +8.628500294596e-03,        +6.326245784276e-03,        -5.393902435451e-03,        +6.719996683151e-04,        -3.341243945616e-03,        -2.984832100758e-03,        +1.029392027553e-03,        -1.962708646323e-03,        +7.071067811865e+00,        +3.826403247720e-03,        +3.752213985087e-05,        +5.394922937595e+00,        +1.154756935431e+00,        -1.723610278614e+00,        +1.454251213180e+00,        -7.838225134739e-01,        -6.075896922102e-01,        -9.545642500701e-01,        +5.415440798229e-01,        -4.049888914982e-01,        +3.293656837325e+00,        +2.062323638924e-01,        -3.599961892726e+00,        +7.071067811865e+00,        +1.507398228511e-03,        +8.082174422961e-03,        -1.723610278615e+00,        +1.454251213179e+00,        +3.622588649327e+00,        +1.027609346151e+00,        -1.827737292110e+00,        -2.793285461462e+00,        +4.782823965137e-01,        +1.114020822485e+00,        +5.982275098510e-01,        -1.620342412935e-02,        -2.541762779918e-01,        +2.496604130595e+00,        +7.071067811865e+00,        +8.628500294605e-03,        +6.326245784297e-03,        -7.838225134746e-01,        -6.075896922095e-01,        -1.827737292109e+00,        -2.793285461463e+00,        +5.117201486244e+00,        +4.311221608187e+00,        +6.936486792121e-01,        +9.332238219089e-01,        +4.518210555703e-01,        +1.115894215685e+00,        -6.847621862099e-01,        +4.218434652367e-01,        +7.071067811865e+00,        -5.393902435484e-03,        +6.719996682856e-04,        -9.545642500701e-01,        +5.415440798221e-01,        +4.782823965130e-01,        +1.114020822487e+00,        +6.936486792121e-01,        +9.332238219092e-01,        +5.099920743356e+00,        +4.374745311600e+00,        -1.757645921469e+00,        -2.699327800711e+00,        -6.905988924535e-01,        -5.201457229329e-01,        +7.071067811865e+00,        -3.341243945630e-03,        -2.984832100805e-03,        -4.049888914978e-01,        +3.293656837325e+00,        +5.982275098491e-01,        -1.620342412927e-02,        +4.518210555687e-01,        +1.115894215685e+00,        -1.757645921469e+00,        -2.699327800711e+00,        +3.874207498791e+00,        +1.007932408926e+00,        -1.564403975884e+00,        +1.187763127387e+00,        +7.071067811865e+00,        +1.029392027555e-03,        -1.962708646331e-03,        +2.062323638927e-01,        -3.599961892726e+00,        -2.541762779912e-01,        +2.496604130596e+00,        -6.847621862086e-01,        +4.218434652364e-01,        -6.905988924540e-01,        -5.201457229324e-01,        -1.564403975885e+00,        +1.187763127388e+00,        +7.551607900027e+00,        +1.157763877481e+00
 1.20000000e+02,        +7.071067811865e+00,        +5.466140077109e-01,        -1.429053304546e+00,        +4.266595328053e-03,        -5.515736548212e-04,        +1.799744436623e-03,        +8.878199266716e-03,        +9.882433794143e-03,        +6.377786876838e-03,        -4.886955055213e-03,        +1.676480901588e-03,        -3.613324925270e-03,        -2.059330021052e-03,        +1.170294092418e-03,        -2.307219281513e-03,        +7.071067811865e+00,        +4.266595328038e-03,        -5.515736548052e-04,        +5.314113715463e+00,        +1.204093143812e+00,        -1.588338006912e+00,        +1.495743690204e+00,        -7.600178097668e-01,        -6.609679858747e-01,        -9.186997575869e-01,        +4.949095628775e-01,        -1.388717908977e-01,        +3.322034005869e+00,        +5.433442168428e-04,        -3.593590263990e+00,        +7.071067811865e+00,        +1.799744436637e-03,        +8.878199266737e-03,        -1.588338006911e+00,        +1.495743690205e+00,        +3.561715655772e+00,        +1.200585359673e+00,        -1.911519835925e+00,        -2.577792970444e+00,        +5.442020296345e-01,        +1.152618530130e+00,        +5.129975051836e-01,        -2.651836077152e-02,        -5.251879179399e-02,        +2.518546739560e+00,        +7.071067811865e+00,        +9.882433794166e-03,        +6.377786876858e-03,        -7.600178097662e-01,        -6.609679858744e-01,        -1.911519835926e+00,        -2.577792970444e+00,        +5.400465399802e+00,        +4.434167164052e+00,        +8.195930777989e-01,        +8.935569782650e-01,        +5.156812343453e-01,        +1.158867825925e+00,        -6.570342759952e-01,        +3.833438852059e-01,        +7.071067811865e+00,        -4.886955055235e-03,        +1.676480901577e-03,        -9.186997575873e-01,        +4.949095628774e-01,        +5.442020296359e-01,        +1.152618530130e+00,        +8.195930778001e-01,        +8.935569782646e-01,        +5.385753629127e+00,        +4.497979983185e+00,        -1.836920560698e+00,        -2.485333918521e+00,        -6.729671611595e-01,        -5.582270554219e-01,        +7.071067811865e+00,        -3.613324925253e-03,        -2.059330021084e-03,        -1.388717908974e-01,        +3.322034005868e+00,        +5.129975051839e-01,        -2.651836077071e-02,        +5.156812343462e-01,        +1.158867825925e+00,        -1.836920560699e+00,        -2.485333918520e+00,        +3.809973045584e+00,        +1.151446990802e+00,        -1.456942494598e+00,        +1.247689022184e+00,        +7.071067811865e+00,        +1.170294092417e-03,        -2.307219281536e-03,        +5.433442164699e-04,        -3.593590263990e+00,        -5.251879179337e-02,        +2.518546739561e+00,        -6.570342759946e-01,        +3.833438852061e-01,        -6.729671611596e-01,        -5.582270554222e-01,        -1.456942494599e+00,        +1.247689022184e+00,        +7.509826143313e+00,        +1.166789362276e+00
 1.21600000e+02,        +7.071067811865e+00,        +5.208530643498e-01,        -1.214453853138e+00,        +4.702771374799e-03,        -1.345167669840e-03,        +2.242764100794e-03,        +9.926679902672e-03,        +1.146828630238e-02,        +6.388437398268e-03,        -3.999787060232e-03,        +2.725886675340e-03,        -3.735078076630e-03,        -8.578382107687e-04,        +1.314630329250e-03,        -2.792447964041e-03,        +7.071067811865e+00,        +4.702771374784e-03,        -1.345167669859e-03,        +5.242422624993e+00,        +1.272041443771e+00,        -1.456841274567e+00,        +1.518371959071e+00,        -7.514609559355e-01,        -7.244513853050e-01,        -9.004279709327e-01,        +4.395980575990e-01,        +1.298181101187e-01,        +3.324321366690e+00,        -2.053231567284e-01,        -3.566901518798e+00,        +7.071067811865e+00,        +2.242764100848e-03,        +9.926679902732e-03,        -1.456841274567e+00,        +1.518371959071e+00,        +3.518761588369e+00,        +1.391327801023e+00,        -1.969015447690e+00,        -2.352329961206e+00,        +6.287769894984e-01,        +1.193585333397e+00,        +4.302776590320e-01,        -1.595553317652e-02,        +1.515787244051e-01,        +2.520989772972e+00,        +7.071067811865e+00,        +1.146828630240e-02,        +6.388437398240e-03,        -7.514609559358e-01,        -7.244513853048e-01,        -1.969015447689e+00,        -2.352329961207e+00,        +5.714587732048e+00,        +4.529864175288e+00,        +9.569914991225e-01,        +8.339969694773e-01,        +5.987378430352e-01,        +1.205193000271e+00,        -6.429911812922e-01,        +3.375420717724e-01,        +7.071067811865e+00,        -3.999787060205e-03,        +2.725886675382e-03,        -9.004279709328e-01,        +4.395980575991e-01,        +6.287769894983e-01,        +1.193585333396e+00,        +9.569914991215e-01,        +8.339969694764e-01,        +5.702348708459e+00,        +4.593855011105e+00,        -1.889508843409e+00,        -2.260379922849e+00,        -6.669096039008e-01,        -6.053798744989e-01,        +7.071067811865e+00,        -3.735078076570e-03,        -8.578382107320e-04,        +1.298181101194e-01,        +3.324321366689e+00,        +4.302776590312e-01,        -1.595553317741e-02,        +5.987378430341e-01,        +1.205193000270e+00,        -1.889508843409e+00,        -2.260379922849e+00,        +3.759732742302e+00,        +1.313364035802e+00,        -1.348778003430e+00,        +1.292778502177e+00,        +7.071067811865e+00,        +1.314630329233e-03,        -2.792447964063e-03,        -2.053231567287e-01,        -3.566901518798e+00,        +1.515787244054e-01,        +2.520989772972e+00,        -6.429911812918e-01,        +3.375420717719e-01,        -6.669096039006e-01,        -6.053798744991e-01,        -1.348778003430e+00,        +1.292778502177e+00,        +7.470542268724e+00,        +1.186740873119e+00
 1.23200000e+02,        +7.071067811865e+00,        +5.030283625759e-01,        -9.942627590270e-01,        +5.089806666035e-03,        -2.396338391322e-03,        +2.936599463442e-03,        +1.127857697498e-02,        +1.349722000152e-02,        +6.282647520032e-03,        -2.613319388751e-03,        +3.744547525426e-03,        -3.606021884423e-03,        +6.741122787943e-04,        +1.429810458503e-03,        -3.462376077791e-03,        +7.071067811865e+00,        +5.089806666034e-03,        -2.396338391391e-03,        +5.183063787137e+00,        +1.357832801710e+00,        -1.332459887788e+00,        +1.522476406347e+00,        -7.611465751912e-01,        -7.954618588904e-01,        -9.028705688016e-01,        +3.786922230397e-01,        +3.977854405445e-01,        +3.299666270717e+00,        -4.089462445442e-01,        -3.519393166500e+00,        +7.071067811865e+00,        +2.936599463328e-03,        +1.127857697504e-02,        -1.332459887788e+00,        +1.522476406347e+00,        +3.497843784502e+00,        +1.598981058260e+00,        -1.996846632700e+00,        -2.120645664459e+00,        +7.352794852063e-01,        +1.232728767810e+00,        +3.544005607314e-01,        +1.586667359906e-02,        +3.557031620510e-01,        +2.503184369670e+00,        +7.071067811865e+00,        +1.349722000145e-02,        +6.282647520093e-03,        -7.611465751913e-01,        -7.954618588908e-01,        -1.996846632700e+00,        -2.120645664459e+00,        +6.057881639522e+00,        +4.590550567074e+00,        +1.103738417564e+00,        +7.484276238723e-01,        +7.045865328889e-01,        +1.250723623261e+00,        -6.452841928592e-01,        +2.866840428205e-01,        +7.071067811865e+00,        -2.613319388710e-03,        +3.744547525353e-03,        -9.028705688021e-01,        +3.786922230416e-01,        +7.352794852072e-01,        +1.232728767809e+00,        +1.103738417564e+00,        +7.484276238727e-01,        +6.047976164295e+00,        +4.654538279472e+00,        -1.911542154751e+00,        -2.028227413040e+00,        -6.751577104400e-01,        -6.597653972175e-01,        +7.071067811865e+00,        -3.606021884391e-03,        +6.741122787867e-04,        +3.977854405439e-01,        +3.299666270718e+00,        +3.544005607320e-01,        +1.586667359907e-02,        +7.045865328886e-01,        +1.250723623261e+00,        -1.911542154751e+00,        -2.028227413040e+00,        +3.727716477451e+00,        +1.493505856621e+00,        -1.242489153760e+00,        +1.322685569218e+00,        +7.071067811865e+00,        +1.429810458556e-03,        -3.462376077826e-03,        -4.089462445441e-01,        -3.519393166499e+00,        +3.557031620507e-01,        +2.503184369671e+00,        -6.452841928587e-01,        +2.866840428212e-01,        -6.751577104396e-01,        -6.597653972181e-01,        -1.242489153760e+00,        +1.322685569218e+00,        +7.435631278428e+00,        +1.217671879626e+00
 1.24800000e+02,        +7.071067811865e+00,        +4.938970282617e-01,        -7.679529270855e-01,        +5.356554026998e-03,        -3.763510887408e-03,        +4.026829053449e-03,        +1.298040916830e-02,        +1.610338104650e-02,        +5.930808161736e-03,        -5.854780329702e-04,        +4.601579441191e-03,        -3.078197978693e-03,        +2.587927358541e-03,        +1.461990424768e-03,        -4.367021047868e-03,        +7.071067811865e+00,        +5.356554027021e-03,        -3.763510887397e-03,        +5.139429311114e+00,        +1.460233429456e+00,        -1.218859101726e+00,        +1.508980754798e+00,        -7.918739809914e-01,        -8.704392034921e-01,        -9.289138323677e-01,        +3.163648077317e-01,        +6.612606254873e-01,        +3.247666407532e+00,        -6.076433078840e-01,        -3.450801741094e+00,        +7.071067811865e+00,        +4.026829053490e-03,        +1.298040916825e-02,        -1.218859101726e+00,        +1.508980754798e+00,        +3.503595635781e+00,        +1.821824187726e+00,        -1.992007585580e+00,        -1.887826116565e+00,        +8.664594936790e-01,        +1.264399614900e+00,        +2.903215495007e-01,        +6.851744514770e-02,        +5.570576253781e-01,        +2.464698049183e+00,        +7.071067811865e+00,        +1.610338104654e-02,        +5.930808161705e-03,        -7.918739809913e-01,        -8.704392034923e-01,        -1.992007585580e+00,        -1.887826116566e+00,        +6.426601676797e+00,        +4.607668832375e+00,        +1.255669849661e+00,        +6.301536728390e-01,        +8.363824867775e-01,        +1.289774217473e+00,        -6.664788501556e-01,        +2.339103054304e-01,        +7.071067811865e+00,        -5.854780329851e-04,        +4.601579441196e-03,        -9.289138323681e-01,        +3.163648077321e-01,        +8.664594936784e-01,        +1.264399614900e+00,        +1.255669849660e+00,        +6.301536728381e-01,        +6.418782875801e+00,        +4.671407087902e+00,        -1.899459917212e+00,        -1.794125305074e+00,        -7.003872068864e-01,        -7.186868222297e-01,        +7.071067811865e+00,        -3.078197978667e-03,        +2.587927358502e-03,        +6.612606254868e-01,        +3.247666407531e+00,        +2.903215495002e-01,        +6.851744514680e-02,        +8.363824867772e-01,        +1.289774217471e+00,        -1.899459917212e+00,        -1.794125305073e+00,        +3.718840068441e+00,        +1.690846888028e+00,        -1.141039504100e+00,        +1.337469266190e+00,        +7.071067811865e+00,        +1.461990424732e-03,        -4.367021047877e-03,        -6.076433078837e-01,        -3.450801741094e+00,        +5.570576253775e-01,        +2.464698049183e+00,        -6.664788501556e-01,        +2.339103054303e-01,        -7.003872068861e-01,        -7.186868222299e-01,        -1.141039504100e+00,        +1.337469266190e+00,        +7.407178322351e+00,        +1.259404412591e+00
 1.26400000e+02,        +7.071067811865e+00,        +4.944201897202e-01,        -5.349161194314e-01,        +5.395431373700e-03,        -5.505497743580e-03,        +5.720875555875e-03,        +1.506148783503e-02,        +1.943855056788e-02,        +5.121505372932e-03,        +2.242783122713e-03,        +5.082889756150e-03,        -1.938318367283e-03,        +4.918874720746e-03,        +1.326770362292e-03,        -5.558905055008e-03,        +7.071067811865e+00,        +5.395431373709e-03,        -5.505497743525e-03,        +5.115082433977e+00,        +1.577395202087e+00,        -1.119988209821e+00,        +1.479623589551e+00,        -8.459171866163e-01,        -9.446818924768e-01,        -9.808492460509e-01,        +2.580504236169e-01,        +9.159990329420e-01,        +3.168610337238e+00,        -7.984371278912e-01,        -3.361221393393e+00,        +7.071067811865e+00,        +5.720875555868e-03,        +1.506148783507e-02,        -1.119988209820e+00,        +1.479623589551e+00,        +3.541058127695e+00,        +2.056918005857e+00,        -1.952374554497e+00,        -1.660466048467e+00,        +1.023992975982e+00,        +1.281328619992e+00,        +2.435459100102e-01,        +1.403863692656e-01,        +7.524495953199e-01,        +2.405603592426e+00,        +7.071067811865e+00,        +1.943855056791e-02,        +5.121505373017e-03,        -8.459171866153e-01,        -9.446818924769e-01,        -1.952374554498e+00,        -1.660466048468e+00,        +6.814261298786e+00,        +4.572359064434e+00,        +1.405911908731e+00,        +4.724467175778e-01,        +9.962796470409e-01,        +1.314907229331e+00,        -7.087804289946e-01,        +1.834354923520e-01,        +7.071067811865e+00,        +2.242783122718e-03,        +5.082889756121e-03,        -9.808492460524e-01,        +2.580504236172e-01,        +1.023992975984e+00,        +1.281328619991e+00,        +1.405911908731e+00,        +4.724467175773e-01,        +6.808096903025e+00,        +4.635574062097e+00,        -1.850555764037e+00,        -1.565031257635e+00,        -7.449504712317e-01,        -7.784173574355e-01,        +7.071067811865e+00,        -1.938318367219e-03,        +4.918874720749e-03,        +9.159990329417e-01,        +3.168610337237e+00,        +2.435459100105e-01,        +1.403863692655e-01,        +9.962796470407e-01,        +1.314907229330e+00,        -1.850555764037e+00,        -1.565031257635e+00,        +3.738635483850e+00,        +1.903109153751e+00,        -1.047784075209e+00,        +1.337802780111e+00,        +7.071067811865e+00,        +1.326770362305e-03,        -5.558905055000e-03,        -7.984371278918e-01,        -3.361221393393e+00,        +7.524495953208e-01,        +2.405603592427e+00,        -7.087804289941e-01,        +1.834354923512e-01,        -7.449504712315e-01,        -7.784173574354e-01,        -1.047784075209e+00,        +1.337802780111e+00,        +7.387505215543e+00,        +1.311422432964e+00
 1.28000000e+02,        +7.071067811865e+00,        +5.058327998143e-01,        -2.944523704042e-01,        +5.049566757493e-03,        -7.671610734138e-03,        +8.307837634305e-03,        +1.751141847283e-02,        +2.365625911511e-02,        +3.523493946508e-03,        +6.030453203636e-03,        +4.853071216487e-03,        +1.140751349680e-04,        +7.662549812942e-03,        +8.973201761107e-04,        -7.085360893932e-03,        +7.071067811865e+00,        +5.049566757560e-03,        -7.671610734143e-03,        +5.113679286613e+00,        +1.706653707314e+00,        -1.039925468550e+00,        +1.437244242283e+00,        -9.245381245065e-01,        -1.012285324172e+00,        -1.059848677874e+00,        +2.105150897244e-01,        +1.157390118676e+00,        +3.063786324756e+00,        -9.780721230074e-01,        -3.251274676174e+00,        +7.071067811865e+00,        +8.307837634367e-03,        +1.751141847276e-02,        -1.039925468550e+00,        +1.437244242283e+00,        +3.615396039353e+00,        +2.299700164234e+00,        -1.877420178319e+00,        -1.446667058566e+00,        +1.207718380016e+00,        +1.274646918268e+00,        +2.198789813812e-01,        +2.282463051483e-01,        +9.383631868247e-01,        +2.326726162371e+00,        +7.071067811865e+00,        +2.365625911507e-02,        +3.523493946445e-03,        -9.245381245078e-01,        -1.012285324172e+00,        -1.877420178318e+00,        -1.446667058566e+00,        +7.210991838746e+00,        +4.476359485763e+00,        +1.544289658986e+00,        +2.695060923112e-01,        +1.184634031419e+00,        +1.316894467814e+00,        -7.736121660377e-01,        +1.406626310913e-01,        +7.071067811865e+00,        +6.030453203627e-03,        +4.853071216597e-03,        -1.059848677873e+00,        +2.105150897245e-01,        +1.207718380016e+00,        +1.274646918268e+00,        +1.544289658987e+00,        +2.695060923120e-01,        +7.205785618269e+00,        +4.538835611745e+00,        -1.763757243014e+00,        -1.349657457140e+00,        -8.104645241511e-01,        -8.340958914166e-01,        +7.071067811865e+00,        +1.140751348996e-04,        +7.662549812971e-03,        +1.157390118676e+00,        +3.063786324755e+00,        +2.198789813805e-01,        +2.282463051477e-01,        +1.184634031418e+00,        +1.316894467815e+00,        -1.763757243013e+00,        -1.349657457139e+00,        +3.792993098253e+00,        +2.126273916880e+00,        -9.663857222583e-01,        +1.325249280767e+00,        +7.071067811865e+00,        +8.973201761920e-04,        -7.085360893896e-03,        -9.780721230070e-01,        -3.251274676174e+00,        +9.383631868256e-01,        +2.326726162372e+00,        -7.736121660356e-01,        +1.406626310919e-01,        -8.104645241519e-01,        -8.340958914172e-01,        -9.663857222586e-01,        +1.325249280766e+00,        +7.379156541740e+00,        +1.372716983253e+00
 1.29600000e+02,        +7.071067811865e+00,        +5.297458740443e-01,        -4.576187420599e-02,        +4.098094208542e-03,        -1.028429272362e-02,        +1.218066889698e-02,        +2.024276762232e-02,        +2.887761005514e-02,        +6.360398050979e-04,        +1.090046088919e-02,        +3.406115136072e-03,        +3.491354860733e-03,        +1.073518364421e-02,        -9.795832633906e-06,        -8.974266933646e-03,        +7.071067811865e+00,        +4.098094208489e-03,        -1.028429272370e-02,        +5.138771702580e+00,        +1.844301686350e+00,        -9.825500681690e-01,        +1.386074320758e+00,        -1.027355028872e+00,        -1.066288912685e+00,        -1.165286020357e+00,        +1.817083012830e-01,        +1.380742115377e+00,        +2.935814235814e+00,        -1.143121069168e+00,        -3.122318707662e+00,        +7.071067811865e+00,        +1.218066889700e-02,        +2.024276762238e-02,        -9.825500681680e-01,        +1.386074320758e+00,        +3.731366089860e+00,        +2.543608237907e+00,        -1.769091831671e+00,        -1.255707234630e+00,        +1.414703129977e+00,        +1.234250189663e+00,        +2.249164286497e-01,        +3.268243904485e-01,        +1.111168996829e+00,        +2.229915710823e+00,        +7.071067811865e+00,        +2.887761005508e-02,        +6.360398051629e-04,        -1.027355028872e+00,        -1.066288912685e+00,        -1.769091831670e+00,        -1.255707234630e+00,        +7.603169946972e+00,        +4.313396749632e+00,        +1.657032041090e+00,        +1.791352253031e-02,        +1.399000903223e+00,        +1.285023051300e+00,        -8.610427930705e-01,        +1.121364046339e-01,        +7.071067811865e+00,        +1.090046088921e-02,        +3.406115136022e-03,        -1.165286020357e+00,        +1.817083012832e-01,        +1.414703129976e+00,        +1.234250189662e+00,        +1.657032041088e+00,        +1.791352253022e-02,        +7.597906292597e+00,        +4.375123119674e+00,        -1.640606275565e+00,        -1.158169576645e+00,        -8.972532657643e-01,        -8.797867263994e-01,        +7.071067811865e+00,        +3.491354860673e-03,        +1.073518364411e-02,        +1.380742115376e+00,        +2.935814235814e+00,        +2.249164286499e-01,        +3.268243904473e-01,        +1.399000903222e+00,        +1.285023051300e+00,        -1.640606275565e+00,        -1.158169576645e+00,        +3.887621732193e+00,        +2.354087808747e+00,        -9.005810621721e-01,        +1.302572299001e+00,        +7.071067811865e+00,        -9.795832556644e-06,        -8.974266933602e-03,        -1.143121069167e+00,        -3.122318707662e+00,        +1.111168996828e+00,        +2.229915710823e+00,        -8.610427930702e-01,        +1.121364046342e-01,        -8.972532657649e-01,        -8.797867263999e-01,        -9.005810621720e-01,        +1.302572299000e+00,        +7.384808228415e+00,        +1.441593706319e+00
 1.31200000e+02,        +7.071067811865e+00,        +5.683000380019e-01,        +2.120542280112e-01,        +2.240907707784e-03,        -1.331109812998e-02,        +1.785838145400e-02,        +2.303172437453e-02,        +3.512737110748e-02,        -4.272552359119e-03,        +1.687300797454e-02,        +5.298690707732e-06,        +8.742892410533e-03,        +1.390971496371e-02,        -1.650202592375e-03,        -1.121004622253e-02,        +7.071067811865e+00,        +2.240907707796e-03,        -1.331109813004e-02,        +5.193450778146e+00,        +1.985402830510e+00,        -9.509996941024e-01,        +1.331936170672e+00,        -1.151654250100e+00,        -1.099162871199e+00,        -1.293995302888e+00,        +1.802624183815e-01,        +1.581793026280e+00,        +2.788901561441e+00,        -1.290221613960e+00,        -2.976638849426e+00,        +7.071067811865e+00,        +1.785838145408e-02,        +2.303172437457e-02,        -9.509996941024e-01,        +1.331936170673e+00,        +3.892499115604e+00,        +2.779876556999e+00,        -1.632703438297e+00,        -1.097215711821e+00,        +1.638295279365e+00,        +1.149678261865e+00,        +2.632234636714e-01,        +4.285312627725e-01,        +1.267515732274e+00,        +2.118268820225e+00,        +7.071067811865e+00,        +3.512737110756e-02,        -4.272552359156e-03,        -1.151654250101e+00,        -1.099162871198e+00,        -1.632703438296e+00,        -1.097215711821e+00,        +7.973649176359e+00,        +4.081021213241e+00,        +1.727118653627e+00,        -2.814720480042e-01,        +1.633072541993e+00,        +1.207938374454e+00,        -9.691212749970e-01,        +1.052144608086e-01,        +7.071067811865e+00,        +1.687300797443e-02,        +5.298690692038e-06,        -1.293995302888e+00,        +1.802624183833e-01,        +1.638295279365e+00,        +1.149678261865e+00,        +1.727118653627e+00,        -2.814720480037e-01,        +7.966998768259e+00,        +4.142401758223e+00,        -1.486288253799e+00,        -1.001347062858e+00,        -1.003705568730e+00,        -9.088243710924e-01,        +7.071067811865e+00,        +8.742892410489e-03,        +1.390971496356e-02,        +1.581793026280e+00,        +2.788901561440e+00,        +2.632234636712e-01,        +4.285312627733e-01,        +1.633072541993e+00,        +1.207938374454e+00,        -1.486288253800e+00,        -1.001347062858e+00,        +4.027160296620e+00,        +2.577721260330e+00,        -8.537422451535e-01,        +1.274001601444e+00,        +7.071067811865e+00,        -1.650202592346e-03,        -1.121004622251e-02,        -1.290221613960e+00,        -2.976638849426e+00,        +1.267515732274e+00,        +2.118268820226e+00,        -9.691212749972e-01,        +1.052144608089e-01,        -1.003705568729e+00,        -9.088243710928e-01,        -8.537422451536e-01,        +1.274001601444e+00,        +7.407059720959e+00,        +1.515479808543e+00
 1.32800000e+02,        +7.071067811865e+00,        +6.244023445008e-01,        +4.799687145728e-01,        -9.153558156117e-04,        -1.662190403311e-02,        +2.600451034120e-02,        +2.542576511837e-02,        +4.222317888348e-02,        -1.223716846020e-02,        +2.375085234216e-02,        -6.385704944205e-03,        +1.657604789888e-02,        +1.671530995027e-02,        -4.367298675063e-03,        -1.369564000595e-02,        +7.071067811865e+00,        -9.153558155978e-04,        -1.662190403305e-02,        +5.279828371744e+00,        +2.123750316445e+00,        -9.469325842240e-01,        +1.282202981540e+00,        -1.291841546686e+00,        -1.103729460948e+00,        -1.439665312909e+00,        +2.145408982114e-01,        +1.757438826012e+00,        +2.628871377429e+00,        -1.416455237779e+00,        -2.817546050800e+00,        +7.071067811865e+00,        +2.600451034127e-02,        +2.542576511828e-02,        -9.469325842236e-01,        +1.282202981541e+00,        +4.100051353070e+00,        +2.997704243371e+00,        -1.477547680077e+00,        -9.797577370298e-01,        +1.867461240760e+00,        +1.011607878515e+00,        +3.372458767110e-01,        +5.235603133181e-01,        +1.404903025795e+00,        +1.996179593582e+00,        +7.071067811865e+00,        +4.222317888341e-02,        -1.223716846026e-02,        -1.291841546686e+00,        -1.103729460948e+00,        -1.477547680077e+00,        -9.797577370297e-01,        +8.302964090194e+00,        +3.782604562621e+00,        +1.735645054868e+00,        -6.214786457173e-01,        +1.875861383367e+00,        +1.075152725965e+00,        -1.093270406812e+00,        +1.273528683070e-01,        +7.071067811865e+00,        +2.375085234209e-02,        -6.385704944143e-03,        -1.439665312909e+00,        +2.145408982118e-01,        +1.867461240761e+00,        +1.011607878514e+00,        +1.735645054868e+00,        -6.214786457175e-01,        +8.293399024928e+00,        +3.844712206664e+00,        -1.310397521741e+00,        -8.890807049858e-01,        -1.125706342559e+00,        -9.145451630594e-01,        +7.071067811865e+00,        +1.657604789883e-02,        +1.671530995028e-02,        +1.757438826012e+00,        +2.628871377429e+00,        +3.372458767118e-01,        +5.235603133179e-01,        +1.875861383368e+00,        +1.075152725965e+00,        -1.310397521741e+00,        -8.890807049856e-01,        +4.213970306807e+00,        +2.785810856616e+00,        -8.282250786926e-01,        +1.245323948021e+00,        +7.071067811865e+00,        -4.367298675130e-03,        -1.369564000589e-02,        -1.416455237779e+00,        -2.817546050800e+00,        +1.404903025795e+00,        +1.996179593582e+00,        -1.093270406812e+00,        +1.273528683069e-01,        -1.125706342559e+00,        -9.145451630592e-01,        -8.282250786928e-01,        +1.245323948021e+00,        +7.448089169196e+00,        +1.590801001210e+00
 1.34400000e+02,        +7.071067811865e+00,        +7.021012602383e-01,        +7.589415532477e-01,        -5.868512394634e-03,        -1.992442947723e-02,        +3.743565822124e-02,        +2.659828942052e-02,        +4.958883415044e-02,        -2.467707906279e-02,        +3.092742751256e-02,        -1.717687532385e-02,        +2.786543131311e-02,        +1.827830860261e-02,        -8.606316083790e-03,        -1.619335250790e-02,        +7.071067811865e+00,        -5.868512394678e-03,        -1.992442947720e-02,        +5.398428508599e+00,        +2.252089080730e+00,        -9.697197409105e-01,        +1.245371586174e+00,        -1.439322565908e+00,        -1.074484013062e+00,        -1.592665992952e+00,        +2.912685884478e-01,        +1.906557827699e+00,        +2.462798707680e+00,        -1.519821314197e+00,        -2.649274780954e+00,        +7.071067811865e+00,        +3.743565822131e-02,        +2.659828942047e-02,        -9.697197409101e-01,        +1.245371586175e+00,        +4.351927257888e+00,        +3.184973551920e+00,        -1.316833246296e+00,        -9.089340959374e-01,        +2.086814602293e+00,        +8.138539112012e-01,        +4.461525458588e-01,        +6.005606792870e-01,        +1.522347274699e+00,        +1.869085386794e+00,        +7.071067811865e+00,        +4.958883415042e-02,        -2.467707906289e-02,        -1.439322565907e+00,        -1.074484013062e+00,        -1.316833246296e+00,        -9.089340959377e-01,        +8.571719009464e+00,        +3.428921320497e+00,        +1.664419791537e+00,        -9.870474530990e-01,        +2.111559523085e+00,        +8.791476046512e-01,        -1.225983578586e+00,        +1.849975511759e-01,        +7.071067811865e+00,        +3.092742751246e-02,        -1.717687532380e-02,        -1.592665992952e+00,        +2.912685884480e-01,        +2.086814602295e+00,        +8.138539112020e-01,        +1.664419791539e+00,        -9.870474531006e-01,        +8.557783069387e+00,        +3.493743631343e+00,        -1.127001067741e+00,        -8.282907066905e-01,        -1.256390998564e+00,        -8.914076207007e-01,        +7.071067811865e+00,        +2.786543131317e-02,        +1.827830860268e-02,        +1.906557827699e+00,        +2.462798707680e+00,        +4.461525458583e-01,        +6.005606792879e-01,        +2.111559523086e+00,        +8.791476046518e-01,        -1.127001067740e+00,        -8.282907066908e-01,        +4.446806342818e+00,        +2.965122175372e+00,        -8.245863004345e-01,        +1.223645531663e+00,        +7.071067811865e+00,        -8.606316083776e-03,        -1.619335250793e-02,        -1.519821314198e+00,        -2.649274780954e+00,        +1.522347274700e+00,        +1.869085386794e+00,        -1.225983578586e+00,        +1.849975511751e-01,        -1.256390998563e+00,        -8.914076207005e-01,        -8.245863004351e-01,        +1.223645531663e+00,        +7.509199031201e+00,        +1.663022318490e+00
 1.36000000e+02,        +7.071067811865e+00,        +8.071937768323e-01,        +1.049679889954e+00,        -1.322736162069e-02,        -2.266232334628e-02,        +5.310515080730e-02,        +2.510791725988e-02,        +5.593283515727e-02,        -4.348130232821e-02,        +3.705938414157e-02,        -3.422274859449e-02,        +4.363239239432e-02,        +1.705899681115e-02,        -1.492464433383e-02,        -1.822928516235e-02,        +7.071067811865e+00,        -1.322736162080e-02,        -2.266232334630e-02,        +5.547652659003e+00,        +2.362673436939e+00,        -1.015809162271e+00,        +1.230186071953e+00,        -1.583091938130e+00,        -1.009063911436e+00,        -1.740590963918e+00,        +4.139973106818e-01,        +2.030681820332e+00,        +2.298175684444e+00,        -1.599678490960e+00,        -2.476609033253e+00,        +7.071067811865e+00,        +5.310515080742e-02,        +2.510791725979e-02,        -1.015809162271e+00,        +1.230186071954e+00,        +4.641914137769e+00,        +3.329550699415e+00,        -1.166614375839e+00,        -8.853935057993e-01,        +2.277676918397e+00,        +5.554747568948e-01,        +5.849653339539e-01,        +6.479432492811e-01,        +1.620947817703e+00,        +1.742833625833e+00,        +7.071067811865e+00,        +5.593283515708e-02,        -4.348130232825e-02,        -1.583091938129e+00,        -1.009063911435e+00,        -1.166614375841e+00,        -8.853935057992e-01,        +8.763960674555e+00,        +3.038558781686e+00,        +1.499580648184e+00,        -1.354904850954e+00,        +2.320466294353e+00,        +6.176822090628e-01,        -1.357085651063e+00,        +2.822527578639e-01,        +7.071067811865e+00,        +3.705938414170e-02,        -3.422274859446e-02,        -1.740590963918e+00,        +4.139973106813e-01,        +2.277676918397e+00,        +5.554747568944e-01,        +1.499580648182e+00,        -1.354904850954e+00,        +8.744715340412e+00,        +3.109147508923e+00,        -9.536069678212e-01,        -8.206716684333e-01,        -1.386488142469e+00,        -8.363187654952e-01,        +7.071067811865e+00,        +4.363239239427e-02,        +1.705899681116e-02,        +2.030681820332e+00,        +2.298175684443e+00,        +5.849653339543e-01,        +6.479432492813e-01,        +2.320466294352e+00,        +6.176822090620e-01,        -9.536069678209e-01,        -8.206716684331e-01,        +4.719739963111e+00,        +3.101930581155e+00,        -8.408692925872e-01,        +1.216727436898e+00,        +7.071067811865e+00,        -1.492464433373e-02,        -1.822928516232e-02,        -1.599678490960e+00,        -2.476609033254e+00,        +1.620947817704e+00,        +1.742833625833e+00,        -1.357085651063e+00,        +2.822527578629e-01,        -1.386488142469e+00,        -8.363187654955e-01,        -8.408692925873e-01,        +1.216727436897e+00,        +7.590350142239e+00,        +1.726931132347e+00
 1.37600000e+02,        +7.071067811865e+00,        +9.482165533397e-01,        +1.352012564591e+00,        -2.370385108225e-02,        -2.383678180485e-02,        +7.401064366246e-02,        +1.847013093920e-02,        +5.865842987046e-02,        -7.106878292144e-02,        +3.947221055567e-02,        -5.985369860668e-02,        +6.493621507457e-02,        +1.038595214268e-02,        -2.398852200947e-02,        -1.892479066898e-02,        +7.071067811865e+00,        -2.370385108225e-02,        -2.383678180476e-02,        +5.723532598161e+00,        +2.448105255520e+00,        -1.078540659625e+00,        +1.244438337724e+00,        -1.711110305530e+00,        -9.094104854881e-01,        -1.869597329369e+00,        +5.818640802813e-01,        +2.134213567315e+00,        +2.141722192354e+00,        -1.656972783363e+00,        -2.304264499467e+00,        +7.071067811865e+00,        +7.401064366248e-02,        +1.847013093927e-02,        -1.078540659625e+00,        +1.244438337724e+00,        +4.959566338188e+00,        +3.420933605473e+00,        -1.043704016137e+00,        -9.033809710641e-01,        +2.420182756052e+00,        +2.423516178404e-01,        +7.443487394011e-01,        +6.555974400818e-01,        +1.704112641822e+00,        +1.622748120226e+00,        +7.071067811865e+00,        +5.865842987061e-02,        -7.106878292136e-02,        -1.711110305529e+00,        -9.094104854874e-01,        -1.043704016138e+00,        -9.033809710635e-01,        +8.870789222434e+00,        +2.636595283097e+00,        +1.235458368401e+00,        -1.695064807768e+00,        +2.481057114623e+00,        +2.956589692179e-01,        -1.474677979873e+00,        +4.196848661305e-01,        +7.071067811865e+00,        +3.947221055543e-02,        -5.985369860681e-02,        -1.869597329370e+00,        +5.818640802804e-01,        +2.420182756053e+00,        +2.423516178401e-01,        +1.235458368400e+00,        -1.695064807768e+00,        +8.846408873907e+00,        +2.717011902126e+00,        -8.089737410547e-01,        -8.609363934011e-01,        -1.505368166164e+00,        -7.497921502571e-01,        +7.071067811865e+00,        +6.493621507451e-02,        +1.038595214258e-02,        +2.134213567315e+00,        +2.141722192352e+00,        +7.443487394017e-01,        +6.555974400820e-01,        +2.481057114621e+00,        +2.956589692175e-01,        -8.089737410538e-01,        -8.609363934004e-01,        +5.021754535203e+00,        +3.183923460527e+00,        -8.722220279510e-01,        +1.231951133850e+00,        +7.071067811865e+00,        -2.398852200955e-02,        -1.892479066905e-02,        -1.656972783363e+00,        -2.304264499468e+00,        +1.704112641823e+00,        +1.622748120226e+00,        -1.474677979872e+00,        +4.196848661299e-01,        -1.505368166164e+00,        -7.497921502570e-01,        -8.722220279516e-01,        +1.231951133849e+00,        +7.689837902539e+00,        +1.777164181755e+00
 1.39200000e+02,        +7.071067811865e+00,        +1.138011365939e+00,        +1.663275299474e+00,        -3.803911140133e-02,        -2.166190263609e-02,        +1.008425185284e-01,        +2.355431835028e-03,        +5.270234828469e-02,        -1.102692100109e-01,        +3.300570708861e-02,        -9.669869984369e-02,        +9.247365949501e-02,        -6.407707226685e-03,        -3.650712863355e-02,        -1.667172338668e-02,        +7.071067811865e+00,        -3.803911140131e-02,        -2.166190263607e-02,        +5.919917682937e+00,        +2.502238217726e+00,        -1.148548502532e+00,        +1.293776914757e+00,        -1.812184023948e+00,        -7.821696152524e-01,        -1.966257096479e+00,        +7.890945275896e-01,        +2.224027341949e+00,        +1.998184553829e+00,        -1.694113870230e+00,        -2.136194807864e+00,        +7.071067811865e+00,        +1.008425185286e-01,        +2.355431835075e-03,        -1.148548502532e+00,        +1.293776914758e+00,        +5.290805973242e+00,        +3.451772132640e+00,        -9.630603090016e-01,        -9.503238514689e-01,        +2.495941045791e+00,        -1.122630700251e-01,        +9.111628613507e-01,        +6.165297366121e-01,        +1.777302582654e+00,        +1.512656128014e+00,        +7.071067811865e+00,        +5.270234828486e-02,        -1.102692100111e-01,        -1.812184023948e+00,        -7.821696152517e-01,        -9.630603090013e-01,        -9.503238514695e-01,        +8.893191061117e+00,        +2.251661893021e+00,        +8.776368086448e-01,        -1.974061680420e+00,        +2.572744186623e+00,        -7.401389787792e-02,        -1.566592078117e+00,        +5.936535739647e-01,        +7.071067811865e+00,        +3.300570708845e-02,        -9.669869984351e-02,        -1.966257096479e+00,        +7.890945275894e-01,        +2.495941045791e+00,        -1.122630700245e-01,        +8.776368086453e-01,        -1.974061680420e+00,        +8.865628080233e+00,        +2.346615454568e+00,        -7.102309154659e-01,        -9.361370078846e-01,        -1.602611365689e+00,        -6.365298061818e-01,        +7.071067811865e+00,        +9.247365949482e-02,        -6.407707226545e-03,        +2.224027341949e+00,        +1.998184553829e+00,        +9.111628613507e-01,        +6.165297366116e-01,        +2.572744186623e+00,        -7.401389787830e-02,        -7.102309154656e-01,        -9.361370078846e-01,        +5.337169885911e+00,        +3.202130445211e+00,        -9.110223634209e-01,        +1.275169485910e+00,        +7.071067811865e+00,        -3.650712863359e-02,        -1.667172338664e-02,        -1.694113870230e+00,        -2.136194807865e+00,        +1.777302582654e+00,        +1.512656128014e+00,        -1.566592078118e+00,        +5.936535739641e-01,        -1.602611365689e+00,        -6.365298061814e-01,        -9.110223634214e-01,        +1.275169485910e+00,        +7.804245451687e+00,        +1.808861758522e+00
 1.40800000e+02,        +7.071067811865e+00,        +1.395791263267e+00,        +1.974129653974e+00,        -5.664804013778e-02,        -1.288299702178e-02,        +1.327531702987e-01,        -3.086973415508e-02,        +2.819806168832e-02,        -1.633658498573e-01,        +7.731149664068e-03,        -1.466136681118e-01,        +1.252087499354e-01,        -4.153686065787e-02,        -5.290345345240e-02,        -8.492952473387e-03,        +7.071067811865e+00,        -5.664804013759e-02,        -1.288299702185e-02,        +6.129036215798e+00,        +2.520857166366e+00,        -1.214554701698e+00,        +1.380893949154e+00,        -1.877757617809e+00,        -6.382419804327e-01,        -2.019335935810e+00,        +1.025332155036e+00,        +2.308641832422e+00,        +1.869523003236e+00,        -1.714530595051e+00,        -1.975071530425e+00,        +7.071067811865e+00,        +1.327531702989e-01,        -3.086973415510e-02,        -1.214554701698e+00,        +1.380893949155e+00,        +5.618778066264e+00,        +3.418877695259e+00,        -9.354126884648e-01,        -1.007287189638e+00,        +2.490500095047e+00,        -4.880586530459e-01,        +1.069324762426e+00,        +5.280089189589e-01,        +1.847431795692e+00,        +1.414193823716e+00,        +7.071067811865e+00,        +2.819806168837e-02,        -1.633658498577e-01,        -1.877757617808e+00,        -6.382419804316e-01,        -9.354126884635e-01,        -1.007287189638e+00,        +8.843622527859e+00,        +1.912302866744e+00,        +4.447016564740e-01,        -2.159013249623e+00,        +2.578567063039e+00,        -4.704462271746e-01,        -1.621903092931e+00,        +7.962856555438e-01,        +7.071067811865e+00,        +7.731149663933e-03,        -1.466136681114e-01,        -2.019335935810e+00,        +1.025332155036e+00,        +2.490500095047e+00,        -4.880586530461e-01,        +4.447016564750e-01,        -2.159013249623e+00,        +8.817222984174e+00,        +2.026383466415e+00,        -6.700939274976e-01,        -1.025957151224e+00,        -1.669630916354e+00,        -5.053021351899e-01,        +7.071067811865e+00,        +1.252087499353e-01,        -4.153686065787e-02,        +2.308641832422e+00,        +1.869523003235e+00,        +1.069324762424e+00,        +5.280089189588e-01,        +2.578567063039e+00,        -4.704462271737e-01,        -6.700939274970e-01,        -1.025957151225e+00,        +5.646475668465e+00,        +3.152438330776e+00,        -9.474014167548e-01,        +1.349773717756e+00,        +7.071067811865e+00,        -5.290345345240e-02,        -8.492952473307e-03,        -1.714530595051e+00,        -1.975071530425e+00,        +1.847431795693e+00,        +1.414193823716e+00,        -1.621903092931e+00,        +7.962856555436e-01,        -1.669630916354e+00,        -5.053021351901e-01,        -9.474014167558e-01,        +1.349773717756e+00,        +7.928678231969e+00,        +1.818250304625e+00
 1.42400000e+02,        +7.071067811865e+00,        +1.747580259198e+00,        +2.258021229887e+00,        -7.821832913196e-02,        +8.388578101858e-03,        +1.633236785378e-01,        -9.417807905330e-02,        -3.371583379066e-02,        -2.278583443878e-01,        -5.501402635972e-02,        -2.062495011140e-01,        +1.559521077583e-01,        -1.088684528743e-01,        -7.201032228172e-02,        +1.104909151476e-02,        +7.071067811865e+00,        -7.821832913190e-02,        +8.388578101645e-03,        +6.342101942684e+00,        +2.501989905570e+00,        -1.263973782547e+00,        +1.505093379248e+00,        -1.903207178761e+00,        -4.920871502404e-01,        -2.021114275911e+00,        +1.276185615314e+00,        +2.397573207429e+00,        +1.754510108378e+00,        -1.722179226831e+00,        -1.822077621463e+00,        +7.071067811865e+00,        +1.633236785376e-01,        -9.417807905320e-02,        -1.263973782547e+00,        +1.505093379250e+00,        +5.924007707104e+00,        +3.324199654409e+00,        -9.651762092867e-01,        -1.049050004425e+00,        +2.395612854403e+00,        -8.576185125746e-01,        +1.199991505967e+00,        +3.927080167641e-01,        +1.922411125215e+00,        +1.326408747265e+00,        +7.071067811865e+00,        -3.371583379070e-02,        -2.278583443878e-01,        -1.903207178760e+00,        -4.920871502395e-01,        -9.651762092887e-01,        -1.049050004425e+00,        +8.747523712579e+00,        +1.643370804525e+00,        -3.020711457350e-02,        -2.221823387704e+00,        +2.487793146494e+00,        -8.644279554182e-01,        -1.632181660866e+00,        +1.015616043504e+00,        +7.071067811865e+00,        -5.501402635965e-02,        -2.062495011139e-01,        -2.021114275913e+00,        +1.276185615313e+00,        +2.395612854405e+00,        -8.576185125740e-01,        -3.020711457248e-02,        -2.221823387704e+00,        +8.729401474532e+00,        +1.779725665379e+00,        -6.941959026635e-01,        -1.102755303492e+00,        -1.701018488010e+00,        -3.685896956313e-01,        +7.071067811865e+00,        +1.559521077582e-01,        -1.088684528743e-01,        +2.397573207428e+00,        +1.754510108376e+00,        +1.199991505967e+00,        +3.927080167648e-01,        +2.487793146493e+00,        -8.644279554173e-01,        -6.941959026622e-01,        -1.102755303492e+00,        +5.926585259764e+00,        +3.037188772596e+00,        -9.696859433054e-01,        +1.456004404298e+00,        +7.071067811865e+00,        -7.201032228169e-02,        +1.104909151478e-02,        -1.722179226831e+00,        -1.822077621463e+00,        +1.922411125216e+00,        +1.326408747266e+00,        -1.632181660865e+00,        +1.015616043503e+00,        -1.701018488011e+00,        -3.685896956313e-01,        -9.696859433067e-01,        +1.456004404298e+00,        +8.057076811153e+00,        +1.803032357718e+00
 1.44000000e+02,        +7.071067811865e+00,        +2.212948706124e+00,        +2.448754539184e+00,        -9.509620630083e-02,        +5.128598937557e-02,        +1.690726869139e-01,        -2.047815899364e-01,        -1.641728714354e-01,        -2.815944783361e-01,        -1.851467271742e-01,        -2.520768747061e-01,        +1.589416258934e-01,        -2.264369179236e-01,        -8.676793979614e-02,        +5.043181428079e-02,        +7.071067811865e+00,        -9.509620630066e-02,        +5.128598937551e-02,        +6.549538839632e+00,        +2.446246886842e+00,        -1.282835697223e+00,        +1.661127668620e+00,        -1.889612645767e+00,        -3.618748745838e-01,        -1.969275415004e+00,        +1.522954006039e+00,        +2.501389795553e+00,        +1.647565045440e+00,        -1.721388697217e+00,        -1.676678730847e+00,        +7.071067811865e+00,        +1.690726869139e-01,        -2.047815899365e-01,        -1.282835697222e+00,        +1.661127668621e+00,        +6.183711949594e+00,        +3.178553976503e+00,        -1.045509761974e+00,        -1.042422127963e+00,        +2.214487085093e+00,        -1.184794955388e+00,        +1.280961330208e+00,        +2.228032241948e-01,        +2.011272119844e+00,        +1.244673140880e+00,        +7.071067811865e+00,        -1.641728714355e-01,        -2.815944783360e-01,        -1.889612645767e+00,        -3.618748745834e-01,        -1.045509761973e+00,        -1.042422127964e+00,        +8.647621507140e+00,        +1.459430011569e+00,        -4.954174490291e-01,        -2.146620800065e+00,        +2.301817610586e+00,        -1.216389727715e+00,        -1.593394403316e+00,        +1.234974551041e+00,        +7.071067811865e+00,        -1.851467271741e-01,        -2.520768747057e-01,        -1.969275415005e+00,        +1.522954006039e+00,        +2.214487085093e+00,        -1.184794955388e+00,        -4.954174490284e-01,        -2.146620800066e+00,        +8.647206374595e+00,        +1.617614648532e+00,        -7.751708273831e-01,        -1.130173939627e+00,        -1.696514379800e+00,        -2.428572441466e-01,        +7.071067811865e+00,        +1.589416258934e-01,        -2.264369179235e-01,        +2.501389795553e+00,        +1.647565045439e+00,        +1.280961330207e+00,        +2.228032241935e-01,        +2.301817610587e+00,        -1.216389727716e+00,        -7.751708273825e-01,        -1.130173939626e+00,        +6.150496049975e+00,        +2.869981511085e+00,        -9.643399928513e-01,        +1.589469779068e+00,        +7.071067811865e+00,        -8.676793979611e-02,        +5.043181428077e-02,        -1.721388697218e+00,        -1.676678730847e+00,        +2.011272119844e+00,        +1.244673140880e+00,        -1.593394403317e+00,        +1.234974551040e+00,        -1.696514379800e+00,        -2.428572441465e-01,        -9.643399928514e-01,        +1.589469779068e+00,        +8.182298751439e+00,        +1.762874674856e+00
 1.45600000e+02,        +7.071067811865e+00,        +2.738611953775e+00,        +2.425037576352e+00,        -8.348121664961e-02,        +1.205404312191e-01,        +8.996448245356e-02,        -3.601890396233e-01,        -3.843873026662e-01,        -2.485938809660e-01,        -4.000178951577e-01,        -2.074589813989e-01,        +6.934462145780e-02,        -3.899981350483e-01,        -7.506081005165e-02,        +1.140553389661e-01,        +7.071067811865e+00,        -8.348121664954e-02,        +1.205404312191e-01,        +6.741420303325e+00,        +2.358544621835e+00,        -1.257379272444e+00,        +1.834606385820e+00,        -1.850200931690e+00,        -2.687765629391e-01,        -1.873463241904e+00,        +1.743435154822e+00,        +2.629899106399e+00,        +1.533983383152e+00,        -1.716509699578e+00,        -1.535141571281e+00,        +7.071067811865e+00,        +8.996448245353e-02,        -3.601890396230e-01,        -1.257379272444e+00,        +1.834606385820e+00,        +6.377608369380e+00,        +3.012946152499e+00,        -1.141625495392e+00,        -9.498372734759e-01,        +1.978530783205e+00,        -1.428952882680e+00,        +1.293317948259e+00,        +5.205708357640e-02,        +2.122705411645e+00,        +1.156439192102e+00,        +7.071067811865e+00,        -3.843873026663e-01,        -2.485938809659e-01,        -1.850200931690e+00,        -2.687765629387e-01,        -1.141625495392e+00,        -9.498372734759e-01,        +8.605916610762e+00,        +1.341465911671e+00,        -8.801347668646e-01,        -1.953746240324e+00,        +2.052757392004e+00,        -1.480541174288e+00,        -1.512323934441e+00,        +1.433270236897e+00,        +7.071067811865e+00,        -4.000178951578e-01,        -2.074589813989e-01,        -1.873463241903e+00,        +1.743435154821e+00,        +1.978530783206e+00,        -1.428952882680e+00,        -8.801347668646e-01,        -1.953746240325e+00,        +8.631809577905e+00,        +1.514992743580e+00,        -8.745853766361e-01,        -1.068569564359e+00,        -1.667325082417e+00,        -1.476464503122e-01,        +7.071067811865e+00,        +6.934462145770e-02,        -3.899981350485e-01,        +2.629899106398e+00,        +1.533983383151e+00,        +1.293317948259e+00,        +5.205708357645e-02,        +2.052757392004e+00,        -1.480541174288e+00,        -8.745853766351e-01,        -1.068569564359e+00,        +6.295156218304e+00,        +2.688845706988e+00,        -9.178212187177e-01,        +1.736298383606e+00,        +7.071067811865e+00,        -7.506081005162e-02,        +1.140553389662e-01,        -1.716509699579e+00,        -1.535141571281e+00,        +2.122705411645e+00,        +1.156439192103e+00,        -1.512323934441e+00,        +1.433270236896e+00,        -1.667325082418e+00,        -1.476464503116e-01,        -9.178212187187e-01,        +1.736298383606e+00,        +8.296495003624e+00,        +1.701102148229e+00
 1.47200000e+02,        +7.071067811865e+00,        +3.088705673870e+00,        +2.143432342394e+00,        -9.263419254804e-03,        +1.853183236474e-01,        -1.393634400343e-01,        -4.659060331121e-01,        -6.020702314226e-01,        -9.083431958547e-03,        -6.017369364527e-01,        +4.213409840774e-02,        -1.810055739202e-01,        -4.954802549038e-01,        -5.109728953888e-03,        +1.731341830208e-01,        +7.071067811865e+00,        -9.263419254816e-03,        +1.853183236475e-01,        +6.912619896848e+00,        +2.250374387735e+00,        -1.187682134481e+00,        +1.998721510965e+00,        -1.819676546413e+00,        -2.206370526013e-01,        -1.764022923921e+00,        +1.928439656962e+00,        +2.777412978138e+00,        +1.386952303619e+00,        -1.707216115822e+00,        -1.388581885120e+00,        +7.071067811865e+00,        -1.393634400343e-01,        -4.659060331119e-01,        -1.187682134481e+00,        +1.998721510966e+00,        +6.522554421564e+00,        +2.880011877649e+00,        -1.175253822724e+00,        -7.731516023266e-01,        +1.761010157915e+00,        -1.589237547650e+00,        +1.259014511302e+00,        -6.361330360541e-02,        +2.252382928108e+00,        +1.038259610011e+00,        +7.071067811865e+00,        -6.020702314223e-01,        -9.083431958426e-03,        -1.819676546412e+00,        -2.206370526011e-01,        -1.175253822725e+00,        -7.731516023257e-01,        +8.654464471819e+00,        +1.199069511056e+00,        -1.145846698955e+00,        -1.735587899027e+00,        +1.819819101189e+00,        -1.652716506834e+00,        -1.415830430602e+00,        +1.599983028193e+00,        +7.071067811865e+00,        -6.017369364529e-01,        +4.213409840774e-02,        -1.764022923922e+00,        +1.928439656962e+00,        +1.761010157915e+00,        -1.589237547650e+00,        -1.145846698955e+00,        -1.735587899027e+00,        +8.707543651924e+00,        +1.378133058550e+00,        -9.094917774192e-01,        -9.238077291984e-01,        -1.644386668664e+00,        -8.986479456701e-02,        +7.071067811865e+00,        -1.810055739202e-01,        -4.954802549039e-01,        +2.777412978138e+00,        +1.386952303618e+00,        +1.259014511303e+00,        -6.361330360578e-02,        +1.819819101187e+00,        -1.652716506834e+00,        -9.094917774182e-01,        -9.238077291982e-01,        +6.382669817091e+00,        +2.555982903787e+00,        -8.306648281702e-01,        +1.870007344045e+00,        +7.071067811865e+00,        -5.109728953893e-03,        +1.731341830209e-01,        -1.707216115822e+00,        -1.388581885121e+00,        +2.252382928109e+00,        +1.038259610013e+00,        -1.415830430600e+00,        +1.599983028192e+00,        -1.644386668666e+00,        -8.986479456711e-02,        -8.306648281716e-01,        +1.870007344044e+00,        +8.395666644613e+00,        +1.626830003743e+00
 1.48800000e+02,        +7.071067811865e+00,        +3.084225691940e+00,        +1.912039401801e+00,        +1.053686125403e-01,        +1.797931104417e-01,        -4.286535564229e-01,        -3.728904080980e-01,        -5.933401764737e-01,        +3.826136320198e-01,        -5.701399470641e-01,        +4.311397618367e-01,        -4.900610172225e-01,        -3.837832052593e-01,        +1.023029818545e-01,        +1.660738190772e-01,        +7.071067811865e+00,        +1.053686125403e-01,        +1.797931104420e-01,        +7.070401049793e+00,        +2.130095638048e+00,        -1.100822902040e+00,        +2.141433590915e+00,        -1.824785924596e+00,        -1.840853122243e-01,        -1.661668180841e+00,        +2.107913636479e+00,        +2.909435094664e+00,        +1.197562233099e+00,        -1.681601530107e+00,        -1.232206695944e+00,        +7.071067811865e+00,        -4.286535564228e-01,        -3.728904080980e-01,        -1.100822902039e+00,        +2.141433590915e+00,        +6.689607346312e+00,        +2.781858238928e+00,        -1.109128035398e+00,        -6.049752935919e-01,        +1.590804902546e+00,        -1.751389012600e+00,        +1.257416124636e+00,        -1.249005695602e-01,        +2.370723262034e+00,        +8.812829437464e-01,        +7.071067811865e+00,        -5.933401764737e-01,        +3.826136320198e-01,        -1.824785924596e+00,        -1.840853122245e-01,        -1.109128035398e+00,        -6.049752935926e-01,        +8.696129008546e+00,        +9.556274030242e-01,        -1.381628989954e+00,        -1.567228816313e+00,        +1.637103495754e+00,        -1.823984281355e+00,        -1.324032321812e+00,        +1.761189020233e+00,        +7.071067811865e+00,        -5.701399470644e-01,        +4.311397618370e-01,        -1.661668180840e+00,        +2.107913636480e+00,        +1.590804902547e+00,        -1.751389012599e+00,        -1.381628989954e+00,        -1.567228816314e+00,        +8.771726964201e+00,        +1.138993712231e+00,        -8.476062504693e-01,        -7.961749631658e-01,        -1.649969841212e+00,        -3.895468424564e-02,        +7.071067811865e+00,        -4.900610172227e-01,        -3.837832052590e-01,        +2.909435094663e+00,        +1.197562233099e+00,        +1.257416124636e+00,        -1.249005695601e-01,        +1.637103495754e+00,        -1.823984281354e+00,        -8.476062504688e-01,        -7.961749631661e-01,        +6.496691383139e+00,        +2.471877702185e+00,        -7.304382291566e-01,        +1.979313171235e+00,        +7.071067811865e+00,        +1.023029818545e-01,        +1.660738190771e-01,        -1.681601530107e+00,        -1.232206695944e+00,        +2.370723262034e+00,        +8.812829437464e-01,        -1.324032321813e+00,        +1.761189020233e+00,        -1.649969841212e+00,        -3.895468424592e-02,        -7.304382291567e-01,        +1.979313171235e+00,        +8.486423848298e+00,        +1.546596036677e+00
 1.50400000e+02,        +7.071067811865e+00,        +3.013597096910e+00,        +2.000469592205e+00,        +1.864210092858e-01,        +1.051135136886e-01,        -5.977369884036e-01,        -1.211815213029e-01,        -3.363953959686e-01,        +6.815275115448e-01,        -2.960991104713e-01,        +7.142079112535e-01,        -6.630259507621e-01,        -1.033373415054e-01,        +1.777045560098e-01,        +9.372678458957e-02,        +7.071067811865e+00,        +1.864210092857e-01,        +1.051135136889e-01,        +7.219499015259e+00,        +1.991475692779e+00,        -1.008695468455e+00,        +2.284770833568e+00,        -1.842212747709e+00,        -1.297896314985e-01,        -1.538347968218e+00,        +2.303674442249e+00,        +3.009275263151e+00,        +9.947504096165e-01,        -1.630414204393e+00,        -1.076204399520e+00,        +7.071067811865e+00,        -5.977369884039e-01,        -1.211815213031e-01,        -1.008695468455e+00,        +2.284770833567e+00,        +6.891575888593e+00,        +2.647061995642e+00,        -1.022335366745e+00,        -4.968269100924e-01,        +1.384600313780e+00,        -1.952686231308e+00,        +1.302641055154e+00,        -2.111791922219e-01,        +2.462457037786e+00,        +7.094911802712e-01,        +7.071067811865e+00,        -3.363953959686e-01,        +6.815275115450e-01,        -1.842212747710e+00,        -1.297896314983e-01,        -1.022335366743e+00,        -4.968269100920e-01,        +8.639613120809e+00,        +6.964359711679e-01,        -1.663122016120e+00,        -1.365965179170e+00,        +1.416063094530e+00,        -2.036148353024e+00,        -1.211548831553e+00,        +1.937505171320e+00,        +7.071067811865e+00,        -2.960991104711e-01,        +7.142079112535e-01,        -1.538347968218e+00,        +2.303674442249e+00,        +1.384600313779e+00,        -1.952686231307e+00,        -1.663122016119e+00,        -1.365965179171e+00,        +8.742779503819e+00,        +8.885564403012e-01,        -7.780370226222e-01,        -7.324140347071e-01,        -1.660673400724e+00,        +2.938004397020e-02,        +7.071067811865e+00,        -6.630259507620e-01,        -1.033373415050e-01,        +3.009275263151e+00,        +9.947504096172e-01,        +1.302641055155e+00,        -2.111791922225e-01,        +1.416063094531e+00,        -2.036148353025e+00,        -7.780370226227e-01,        -7.324140347054e-01,        +6.649365344726e+00,        +2.354260427995e+00,        -6.287887556258e-01,        +2.086858752810e+00,        +7.071067811865e+00,        +1.777045560095e-01,        +9.372678458958e-02,        -1.630414204393e+00,        -1.076204399520e+00,        +2.462457037786e+00,        +7.094911802719e-01,        -1.211548831552e+00,        +1.937505171321e+00,        -1.660673400726e+00,        +2.938004396886e-02,        -6.287887556263e-01,        +2.086858752810e+00,        +8.573113718899e+00,        +1.454306907183e+00
 1.52000000e+02,        +7.071067811865e+00,        +3.164307986463e+00,        +2.244463981292e+00,        +2.145387576799e-01,        +1.081787470666e-02,        -6.218389791616e-01,        +1.629462535986e-01,        +1.712166224327e-02,        +8.024302041062e-01,        +6.452976663687e-02,        +8.138946406742e-01,        -6.757168509642e-01,        +2.074140122713e-01,        +2.022746181876e-01,        +2.456385170117e-03,        +7.071067811865e+00,        +2.145387576801e-01,        +1.081787470665e-02,        +7.352009056885e+00,        +1.830818228631e+00,        -8.929524643046e-01,        +2.437668389974e+00,        -1.851158088807e+00,        -7.087724915711e-02,        -1.372199373369e+00,        +2.493938443193e+00,        +3.093617036280e+00,        +7.937238297662e-01,        -1.556987750262e+00,        -9.298023638022e-01,        +7.071067811865e+00,        -6.218389791616e-01,        +1.629462535989e-01,        -8.929524643045e-01,        +2.437668389973e+00,        +7.072284371055e+00,        +2.453735511711e+00,        -9.605435321708e-01,        -3.957822164911e-01,        +1.099973991662e+00,        -2.126717894121e+00,        +1.334936181462e+00,        -3.467298166885e-01,        +2.541103725786e+00,        +5.357067919842e-01,        +7.071067811865e+00,        +1.712166224362e-02,        +8.024302041064e-01,        -1.851158088807e+00,        -7.087724915678e-02,        -9.605435321698e-01,        -3.957822164923e-01,        +8.539636421870e+00,        +5.055765773571e-01,        -1.922215693685e+00,        -1.060804784606e+00,        +1.110217160231e+00,        -2.217627552363e+00,        -1.057208598494e+00,        +2.108425929201e+00,        +7.071067811865e+00,        +6.452976663644e-02,        +8.138946406741e-01,        -1.372199373368e+00,        +2.493938443193e+00,        +1.099973991660e+00,        -2.126717894120e+00,        -1.922215693685e+00,        -1.060804784606e+00,        +8.682312524001e+00,        +7.016777131481e-01,        -7.447218200026e-01,        -6.697211228986e-01,        -1.658135695334e+00,        +1.000613508881e-01,        +7.071067811865e+00,        -6.757168509642e-01,        +2.074140122711e-01,        +3.093617036281e+00,        +7.937238297663e-01,        +1.334936181462e+00,        -3.467298166885e-01,        +1.110217160232e+00,        -2.217627552365e+00,        -7.447218200038e-01,        -6.697211228977e-01,        +6.775844098672e+00,        +2.182889956270e+00,        -5.073179344061e-01,        +2.201270205454e+00,        +7.071067811865e+00,        +2.022746181877e-01,        +2.456385170167e-03,        -1.556987750262e+00,        -9.298023638020e-01,        +2.541103725785e+00,        +5.357067919843e-01,        -1.057208598494e+00,        +2.108425929202e+00,        -1.658135695334e+00,        +1.000613508871e-01,        -5.073179344055e-01,        +2.201270205454e+00,        +8.648972409160e+00,        +1.346113382243e+00
 1.53600000e+02,        +7.071067811865e+00,        +3.546604680458e+00,        +2.398024712708e+00,        +2.026498917765e-01,        -8.120442485830e-02,        -5.330186196336e-01,        +4.363204324838e-01,        +3.932085538618e-01,        +7.658158941648e-01,        +4.382088144332e-01,        +7.544354355339e-01,        -5.638067888251e-01,        +5.006339990100e-01,        +1.871783790641e-01,        -8.655750545578e-02,        +7.071067811865e+00,        +2.026498917766e-01,        -8.120442485832e-02,        +7.460670646427e+00,        +1.653394004812e+00,        -7.407034388834e-01,        +2.587199758208e+00,        -1.858366950844e+00,        -2.207960400310e-02,        -1.171049990844e+00,        +2.655740573435e+00,        +3.174015043211e+00,        +5.871120741224e-01,        -1.465334267138e+00,        -7.950569259569e-01,        +7.071067811865e+00,        -5.330186196338e-01,        +4.363204324841e-01,        -7.407034388834e-01,        +2.587199758209e+00,        +7.198009949070e+00,        +2.232937024716e+00,        -8.954132304940e-01,        -2.584723857839e-01,        +7.706882810960e-01,        -2.219683971949e+00,        +1.319884785278e+00,        -4.992702438367e-01,        +2.615921800847e+00,        +3.531657040539e-01,        +7.071067811865e+00,        +3.932085538620e-01,        +7.658158941650e-01,        -1.858366950841e+00,        -2.207960400335e-02,        -8.954132304948e-01,        -2.584723857833e-01,        +8.468916221551e+00,        +3.681993733837e-01,        -2.080689506194e+00,        -6.828139092197e-01,        +7.566707643009e-01,        -2.309241601809e+00,        -8.681840913603e-01,        +2.251116922995e+00,        +7.071067811865e+00,        +4.382088144329e-01,        +7.544354355335e-01,        -1.171049990846e+00,        +2.655740573435e+00,        +7.706882810978e-01,        -2.219683971949e+00,        -2.080689506194e+00,        -6.828139092198e-01,        +8.658345013553e+00,        +5.537776403729e-01,        -7.120629609580e-01,        -5.624262742860e-01,        -1.650510162920e+00,        +1.581559808778e-01,        +7.071067811865e+00,        -5.638067888250e-01,        +5.006339990096e-01,        +3.174015043211e+00,        +5.871120741210e-01,        +1.319884785278e+00,        -4.992702438380e-01,        +7.566707642991e-01,        -2.309241601808e+00,        -7.120629609559e-01,        -5.624262742867e-01,        +6.842213127720e+00,        +1.997863052873e+00,        -3.540453261574e-01,        +2.309178075040e+00,        +7.071067811865e+00,        +1.871783790641e-01,        -8.655750545580e-02,        -1.465334267139e+00,        -7.950569259562e-01,        +2.615921800848e+00,        +3.531657040533e-01,        -8.681840913616e-01,        +2.251116922995e+00,        -1.650510162919e+00,        +1.581559808779e-01,        -3.540453261586e-01,        +2.309178075041e+00,        +8.707726232583e+00,        +1.226082450451e+00
 1.55200000e+02,        +7.071067811865e+00,        +4.020812189769e+00,        +2.294328980853e+00,        +1.537523720003e-01,        -1.636703297639e-01,        -3.231774171059e-01,        +6.762946478753e-01,        +7.544442943717e-01,        +5.552570360308e-01,        +7.857343491480e-01,        +5.222468912533e-01,        -3.206214550922e-01,        +7.486720222871e-01,        +1.346335470996e-01,        -1.646708230659e-01,        +7.071067811865e+00,        +1.537523720001e-01,        -1.636703297638e-01,        +7.543278096363e+00,        +1.466894935337e+00,        -5.522881086517e-01,        +2.716126726222e+00,        -1.878666299385e+00,        +1.657867755996e-02,        -9.526406323572e-01,        +2.780967621671e+00,        +3.249217368634e+00,        +3.638175008789e-01,        -1.356401695575e+00,        -6.725930544837e-01,        +7.071067811865e+00,        -3.231774171058e-01,        +6.762946478756e-01,        -5.522881086514e-01,        +2.716126726222e+00,        +7.269407062361e+00,        +2.024148469685e+00,        -7.777739909751e-01,        -8.461843773607e-02,        +4.522712548689e-01,        -2.222086943387e+00,        +1.260292767552e+00,        -6.286677068358e-01,        +2.684677820087e+00,        +1.517231704369e-01,        +7.071067811865e+00,        +7.544442943724e-01,        +5.552570360311e-01,        -1.878666299384e+00,        +1.657867755997e-02,        -7.777739909756e-01,        -8.461843773755e-02,        +8.452426721302e+00,        +2.250787034769e-01,        -2.113916739832e+00,        -3.062449384497e-01,        +4.172535788559e-01,        -2.300660804767e+00,        -6.621526052368e-01,        +2.356888964390e+00,        +7.071067811865e+00,        +7.857343491475e-01,        +5.222468912533e-01,        -9.526406323574e-01,        +2.780967621671e+00,        +4.522712548697e-01,        -2.222086943386e+00,        -2.113916739833e+00,        -3.062449384511e-01,        +8.685709907780e+00,        +3.824294072384e-01,        -6.259110747269e-01,        -4.142844745489e-01,        -1.653341175566e+00,        +2.037574758631e-01,        +7.071067811865e+00,        -3.206214550921e-01,        +7.486720222867e-01,        +3.249217368632e+00,        +3.638175008787e-01,        +1.260292767551e+00,        -6.286677068363e-01,        +4.172535788536e-01,        -2.300660804766e+00,        -6.259110747244e-01,        -4.142844745506e-01,        +6.857141705792e+00,        +1.845304179365e+00,        -1.711233871860e-01,        +2.393518173338e+00,        +7.071067811865e+00,        +1.346335470994e-01,        -1.646708230660e-01,        -1.356401695576e+00,        -6.725930544831e-01,        +2.684677820088e+00,        +1.517231704366e-01,        -6.621526052367e-01,        +2.356888964389e+00,        -1.653341175566e+00,        +2.037574758631e-01,        -1.711233871869e-01,        +2.393518173339e+00,        +8.747578148452e+00,        +1.100467267501e+00
 1.56800000e+02,        +7.071067811865e+00,        +4.331943910459e+00,        +1.901298971183e+00,        +6.646768158127e-02,        -2.183541213466e-01,        +1.798613373611e-02,        +8.076767438162e-01,        +9.983306632128e-01,        +1.448342593113e-01,        +1.003374082221e+00,        +9.894072943583e-02,        +5.789818737838e-02,        +8.679330660416e-01,        +4.467648222711e-02,        -2.119843976595e-01,        +7.071067811865e+00,        +6.646768158125e-02,        -2.183541213468e-01,        +7.601747136544e+00,        +1.278183445612e+00,        -3.390562684701e-01,        +2.810535976400e+00,        -1.923637301212e+00,        +5.886415996251e-02,        -7.334625337937e-01,        +2.875788372698e+00,        +3.308032074528e+00,        +1.168520594556e-01,        -1.229191451496e+00,        -5.642133176686e-01,        +7.071067811865e+00,        +1.798613373605e-02,        +8.076767438163e-01,        -3.390562684697e-01,        +2.810535976401e+00,        +7.318488464391e+00,        +1.856065082611e+00,        -5.672007705410e-01,        +8.099407093747e-02,        +1.922278402272e-01,        -2.170039818601e+00,        +1.191937810392e+00,        -7.082520707911e-01,        +2.735775279383e+00,        -7.480936742311e-02,        +7.071067811865e+00,        +9.983306632125e-01,        +1.448342593111e-01,        -1.923637301211e+00,        +5.886415996280e-02,        -5.672007705426e-01,        +8.099407093621e-02,        +8.453358025780e+00,        +1.399655912158e-02,        -2.062854747862e+00,        -4.832883737806e-03,        +1.448667460908e-01,        -2.232425246453e+00,        -4.559922642528e-01,        +2.431667309274e+00,        +7.071067811865e+00,        +1.003374082221e+00,        +9.894072943613e-02,        -7.334625337944e-01,        +2.875788372698e+00,        +1.922278402277e-01,        -2.170039818600e+00,        -2.062854747863e+00,        -4.832883736437e-03,        +8.717419377056e+00,        +1.310040622611e-01,        -4.473374132744e-01,        -2.772151640885e-01,        -1.677999930726e+00,        +2.509418677967e-01,        +7.071067811865e+00,        +5.789818737845e-02,        +8.679330660417e-01,        +3.308032074528e+00,        +1.168520594549e-01,        +1.191937810391e+00,        -7.082520707898e-01,        +1.448667460906e-01,        -2.232425246452e+00,        -4.473374132756e-01,        -2.772151640895e-01,        +6.865562728646e+00,        +1.752820975979e+00,        +2.776036665397e-02,        +2.442172412724e+00,        +7.071067811865e+00,        +4.467648222699e-02,        -2.119843976591e-01,        -1.229191451496e+00,        -5.642133176685e-01,        +2.735775279384e+00,        -7.480936742289e-02,        -4.559922642521e-01,        +2.431667309273e+00,        -1.677999930727e+00,        +2.509418677978e-01,        +2.776036665289e-02,        +2.442172412725e+00,        +8.770468489364e+00,        +9.746021340035e-01
 1.58400000e+02,        +7.071067811865e+00,        +4.253623576752e+00,        +1.457419334116e+00,        -3.903319384908e-02,        -2.191626855514e-01,        +4.082674263073e-01,        +7.302166769270e-01,        +9.743196851604e-01,        -3.723457295771e-01,        +9.481581069463e-01,        -4.127828445034e-01,        +4.732150315526e-01,        +7.562379271591e-01,        -5.936235463152e-02,        -2.030365798238e-01,        +7.071067811865e+00,        -3.903319384924e-02,        -2.191626855513e-01,        +7.640702326447e+00,        +1.090701315923e+00,        -1.192358167112e-01,        +2.868537475963e+00,        -1.989204598696e+00,        +1.277388281614e-01,        -5.164139776206e-01,        +2.956293119033e+00,        +3.334429044886e+00,        -1.480271308395e-01,        -1.082357085420e+00,        -4.748353302898e-01,        +7.071067811865e+00,        +4.082674263071e-01,        +7.302166769272e-01,        -1.192358167098e-01,        +2.868537475963e+00,        +7.394932469345e+00,        +1.715125148104e+00,        -2.781521971672e-01,        +1.618549177860e-01,        -1.531154051382e-02,        -2.130039548487e+00,        +1.166096266773e+00,        -7.580064516897e-01,        +2.753096315992e+00,        -3.202737919302e-01,        +7.071067811865e+00,        +9.743196851602e-01,        -3.723457295767e-01,        -1.989204598696e+00,        +1.277388281594e-01,        -2.781521971678e-01,        +1.618549177852e-01,        +8.381042682148e+00,        -2.642608205484e-01,        -2.021563962639e+00,        +2.146886042162e-01,        -6.687523174807e-02,        -2.178587386771e+00,        -2.526763636224e-01,        +2.491583280340e+00,        +7.071067811865e+00,        +9.481581069462e-01,        -4.127828445039e-01,        -5.164139776203e-01,        +2.956293119035e+00,        -1.531154051275e-02,        -2.130039548488e+00,        -2.021563962641e+00,        +2.146886042150e-01,        +8.661825737627e+00,        -1.872705711997e-01,        -2.008426405105e-01,        -2.295135461324e-01,        -1.719115606445e+00,        +3.215673697007e-01,        +7.071067811865e+00,        +4.732150315527e-01,        +7.562379271592e-01,        +3.334429044885e+00,        -1.480271308392e-01,        +1.166096266771e+00,        -7.580064516898e-01,        -6.687523174909e-02,        -2.178587386769e+00,        -2.008426405095e-01,        -2.295135461350e-01,        +6.925905946652e+00,        +1.694110711029e+00,        +2.235611967134e-01,        +2.457328824756e+00,        +7.071067811865e+00,        -5.936235463149e-02,        -2.030365798238e-01,        -1.082357085420e+00,        -4.748353302895e-01,        +2.753096315992e+00,        -3.202737919301e-01,        -2.526763636226e-01,        +2.491583280340e+00,        -1.719115606445e+00,        +3.215673697010e-01,        +2.235611967133e-01,        +2.457328824756e+00,        +8.780380490935e+00,        +8.503166767135e-01
 1.60000000e+02,        +7.071067811865e+00,        +3.901849750677e+00,        +1.320156600822e+00,        -1.217433991529e-01,        -1.675355414345e-01,        +6.884189487768e-01,        +4.569798615271e-01,        +6.703525127703e-01,        -7.796036481984e-01,        +6.228037128662e-01,        -7.973396765818e-01,        +7.530946079120e-01,        +4.416229730421e-01,        -1.352485263541e-01,        -1.429726540082e-01,        +7.071067811865e+00,        -1.217433991528e-01,        -1.675355414346e-01,        +7.663242210789e+00,        +9.037399929915e-01,        +9.742085497575e-02,        +2.901723221697e+00,        -2.051566637210e+00,        +2.345343018677e-01,        -2.874231665486e-01,        +3.028457630059e+00,        +3.323978835006e+00,        -4.125258233636e-01,        -9.183363972113e-01,        -4.122288876940e-01,        +7.071067811865e+00,        +6.884189487770e-01,        +4.569798615273e-01,        +9.742085497675e-02,        +2.901723221698e+00,        +7.508395255473e+00,        +1.544367399375e+00,        +7.657334307046e-03,        +1.275735293072e-01,        -2.374548840790e-01,        -2.121984106568e+00,        +1.186993833618e+00,        -8.408321365722e-01,        +2.731700728902e+00,        -5.664239024875e-01,        +7.071067811865e+00,        +6.703525127704e-01,        -7.796036481981e-01,        -2.051566637211e+00,        +2.345343018674e-01,        +7.657334306367e-03,        +1.275735293082e-01,        +8.191949591089e+00,        -5.141161686574e-01,        -2.034258359422e+00,        +4.385161021087e-01,        -2.917056176770e-01,        -2.161699551757e+00,        -3.801293650152e-02,        +2.542110711259e+00,        +7.071067811865e+00,        +6.228037128661e-01,        -7.973396765820e-01,        -2.874231665491e-01,        +3.028457630059e+00,        -2.374548840788e-01,        -2.121984106569e+00,        -2.034258359422e+00,        +4.385161021099e-01,        +8.486135233296e+00,        -4.717336990133e-01,        +2.448111491087e-02,        -2.902776988540e-01,        -1.753316794352e+00,        +4.235506252539e-01,        +7.071067811865e+00,        +7.530946079122e-01,        +4.416229730421e-01,        +3.323978835005e+00,        -4.125258233627e-01,        +1.186993833618e+00,        -8.408321365725e-01,        -2.917056176764e-01,        -2.161699551757e+00,        +2.448111490981e-02,        -2.902776988548e-01,        +7.041425059865e+00,        +1.598323646284e+00,        +4.093088062580e-01,        +2.454245279422e+00,        +7.071067811865e+00,        -1.352485263538e-01,        -1.429726540083e-01,        -9.183363972121e-01,        -4.122288876938e-01,        +2.731700728902e+00,        -5.664239024869e-01,        -3.801293650121e-02,        +2.542110711259e+00,        -1.753316794352e+00,        +4.235506252534e-01,        +4.093088062576e-01,        +2.454245279423e+00,        +8.778911994999e+00,        +7.259413181995e-01
 1.61600000e+02,        +7.071067811865e+00,        +3.627621393314e+00,        +1.548657163524e+00,        -1.622925654454e-01,        -9.563410786796e-02,        +7.880825106774e-01,        +1.156642714844e-01,        +2.450676261736e-01,        -9.582846918700e-01,        +1.924702764601e-01,        -9.479466320606e-01,        +8.322383239353e-01,        +6.918954378250e-02,        -1.659035147179e-01,        -6.670240612813e-02,        +7.071067811865e+00,        -1.622925654455e-01,        -9.563410786812e-02,        +7.668876218216e+00,        +7.167402793550e-01,        +3.154333169268e-01,        +2.917995438395e+00,        -2.090095265434e+00,        +3.679039096066e-01,        -3.779722965535e-02,        +3.079263253756e+00,        +3.288095335217e+00,        -6.652506779965e-01,        -7.445436327288e-01,        -3.819257082876e-01,        +7.071067811865e+00,        +7.880825106777e-01,        +1.156642714850e-01,        +3.154333169271e-01,        +2.917995438394e+00,        +7.612456581250e+00,        +1.312104265508e+00,        +2.303772153606e-01,        +2.862083438024e-02,        -5.131503732674e-01,        -2.091435087732e+00,        +1.200672776594e+00,        -9.866682735303e-01,        +2.681782141872e+00,        -8.013780826161e-01,        +7.071067811865e+00,        +2.450676261737e-01,        -9.582846918703e-01,        -2.090095265435e+00,        +3.679039096064e-01,        +2.303772153609e-01,        +2.862083438080e-02,        +7.951786734788e+00,        -6.571550032182e-01,        -2.040254386093e+00,        +7.314969918865e-01,        -5.722597041177e-01,        -2.123065582159e+00,        +1.960038957500e-01,        +2.569378303687e+00,        +7.071067811865e+00,        +1.924702764597e-01,        -9.479466320604e-01,        -3.779722965444e-02,        +3.079263253755e+00,        -5.131503732675e-01,        -2.091435087733e+00,        -2.040254386093e+00,        +7.314969918864e-01,        +8.262467977984e+00,        -6.521153029474e-01,        +1.757703040616e-01,        -3.963427035541e-01,        -1.763823905968e+00,        +5.433099716948e-01,        +7.071067811865e+00,        +8.322383239349e-01,        +6.918954378226e-02,        +3.288095335217e+00,        -6.652506779955e-01,        +1.200672776594e+00,        -9.866682735306e-01,        -5.722597041173e-01,        -2.123065582159e+00,        +1.757703040611e-01,        -3.963427035541e-01,        +7.153862156605e+00,        +1.433867558210e+00,        +5.932519501993e-01,        +2.441014703582e+00,        +7.071067811865e+00,        -1.659035147178e-01,        -6.670240612794e-02,        -7.445436327287e-01,        -3.819257082877e-01,        +2.681782141873e+00,        -8.013780826157e-01,        +1.960038957500e-01,        +2.569378303687e+00,        -1.763823905969e+00,        +5.433099716951e-01,        +5.932519501992e-01,        +2.441014703582e+00,        +8.764118818743e+00,        +6.011679542748e-01
 1.63200000e+02,        +7.071067811865e+00,        +3.626583003802e+00,        +1.934333446138e+00,        -1.705182942762e-01,        -2.756626895378e-02,        +7.442845723328e-01,        -2.018571635401e-01,        -1.698255620193e-01,        -9.407324919184e-01,        -2.146626032594e-01,        -9.056591160203e-01,        +7.594038921714e-01,        -2.643296054021e-01,        -1.635556172274e-01,        +1.676538897672e-03,        +7.071067811865e+00,        -1.705182942763e-01,        -2.756626895377e-02,        +7.656784123588e+00,        +5.314996608978e-01,        +5.394665263808e-01,        +2.914220782797e+00,        -2.100777340266e+00,        +5.117109795395e-01,        +2.248852362626e-01,        +3.095345042685e+00,        +3.237429287289e+00,        -9.084546004981e-01,        -5.691569441699e-01,        -3.850344806745e-01,        +7.071067811865e+00,        +7.442845723326e-01,        -2.018571635403e-01,        +5.394665263814e-01,        +2.914220782798e+00,        +7.663455716030e+00,        +1.037246975031e+00,        +3.970977418167e-01,        -7.743326886426e-02,        -8.149547180788e-01,        -1.985859422379e+00,        +1.161421688167e+00,        -1.170498852369e+00,        +2.612996047345e+00,        -1.025898423538e+00,        +7.071067811865e+00,        -1.698255620195e-01,        -9.407324919180e-01,        -2.100777340265e+00,        +5.117109795395e-01,        +3.970977418167e-01,        -7.743326886695e-02,        +7.744413152337e+00,        -7.050060781673e-01,        -1.967843582155e+00,        +1.071403370843e+00,        -8.789910152121e-01,        -2.006649757508e+00,        +4.403897201108e-01,        +2.559860517883e+00,        +7.071067811865e+00,        -2.146626032591e-01,        -9.056591160208e-01,        +2.248852362616e-01,        +3.095345042686e+00,        -8.149547180775e-01,        -1.985859422378e+00,        -1.967843582156e+00,        +1.071403370841e+00,        +8.069463852897e+00,        -7.477099262723e-01,        +2.726304773506e-01,        -4.884203634965e-01,        -1.750826872864e+00,        +6.658659024188e-01,        +7.071067811865e+00,        +7.594038921716e-01,        -2.643296054021e-01,        +3.237429287289e+00,        -9.084546004985e-01,        +1.161421688165e+00,        -1.170498852370e+00,        -8.789910152132e-01,        -2.006649757508e+00,        +2.726304773522e-01,        -4.884203634978e-01,        +7.217041095187e+00,        +1.227126262746e+00,        +7.816762198059e-01,        +2.413075270877e+00,        +7.071067811865e+00,        -1.635556172272e-01,        +1.676538897722e-03,        -5.691569441707e-01,        -3.850344806743e-01,        +2.612996047345e+00,        -1.025898423538e+00,        +4.403897201105e-01,        +2.559860517884e+00,        -1.750826872864e+00,        +6.658659024177e-01,        +7.816762198057e-01,        +2.413075270877e+00,        +8.734531818265e+00,        +4.786189404526e-01
 1.64800000e+02,        +7.071067811865e+00,        +3.890144913407e+00,        +2.258316665213e+00,        -1.593194749331e-01,        +3.163740243217e-02,        +5.977556787150e-01,        -4.710615375895e-01,        -5.308960110962e-01,        -7.785089225297e-01,        -5.593175272086e-01,        -7.246655057089e-01,        +5.819748007539e-01,        -5.361752005856e-01,        -1.419655246611e-01,        +5.764325467966e-02,        +7.071067811865e+00,        -1.593194749328e-01,        +3.163740243239e-02,        +7.627503403463e+00,        +3.503100839511e-01,        +7.675286859339e-01,        +2.884482246060e+00,        -2.087195513720e+00,        +6.564079820139e-01,        +4.875646346617e-01,        +3.073177877857e+00,        +3.174697795038e+00,        -1.148214482045e+00,        -3.989120081094e-01,        -4.203613282497e-01,        +7.071067811865e+00,        +5.977556787153e-01,        -4.710615375896e-01,        +7.675286859340e-01,        +2.884482246059e+00,        +7.647923502013e+00,        +7.557013981261e-01,        +5.420174394191e-01,        -1.687820005546e-01,        -1.092729210924e+00,        -1.793954806950e+00,        +1.058607268751e+00,        -1.351847930995e+00,        +2.527831401369e+00,        -1.244122220679e+00,        +7.071067811865e+00,        -5.308960110959e-01,        -7.785089225303e-01,        -2.087195513720e+00,        +6.564079820142e-01,        +5.420174394191e-01,        -1.687820005552e-01,        +7.606623827941e+00,        -7.124255213491e-01,        -1.794488525034e+00,        +1.399561027104e+00,        -1.158573295100e+00,        -1.801409493487e+00,        +6.807512928109e-01,        +2.510782364293e+00,        +7.071067811865e+00,        -5.593175272088e-01,        -7.246655057082e-01,        +4.875646346619e-01,        +3.073177877857e+00,        -1.092729210924e+00,        -1.793954806949e+00,        -1.794488525035e+00,        +1.399561027104e+00,        +7.935191704475e+00,        -8.131460818358e-01,        +3.573271528115e-01,        -5.503800610913e-01,        -1.720270454758e+00,        +7.846281258915e-01,        +7.071067811865e+00,        +5.819748007538e-01,        -5.361752005857e-01,        +3.174697795037e+00,        -1.148214482046e+00,        +1.058607268750e+00,        -1.351847930995e+00,        -1.158573295101e+00,        -1.801409493487e+00,        +3.573271528115e-01,        -5.503800610928e-01,        +7.222293345717e+00,        +1.017861266533e+00,        +9.728023942942e-01,        +2.363707807447e+00,        +7.071067811865e+00,        -1.419655246612e-01,        +5.764325467984e-02,        -3.989120081092e-01,        -4.203613282500e-01,        +2.527831401369e+00,        -1.244122220678e+00,        +6.807512928102e-01,        +2.510782364293e+00,        -1.720270454757e+00,        +7.846281258912e-01,        +9.728023942942e-01,        +2.363707807447e+00,        +8.690693489234e+00,        +3.613855010721e-01
 1.66400000e+02,        +7.071067811865e+00,        +4.298942927625e+00,        +2.368621338176e+00,        -1.324554755905e-01,        +8.353424414854e-02,        +3.547723293068e-01,        -6.760468664410e-01,        -8.126132028573e-01,        -4.824812806340e-01,        -8.175469034054e-01,        -4.175937340342e-01,        +3.093849538077e-01,        -7.310560166675e-01,        -1.055024949360e-01,        +1.022732761050e-01,        +7.071067811865e+00,        -1.324554755909e-01,        +8.353424414868e-02,        +7.582150235344e+00,        +1.748929276062e-01,        +9.935944998116e-01,        +2.824897239885e+00,        -2.053934638085e+00,        +7.973797153336e-01,        +7.388806835877e-01,        +3.016150945067e+00,        +3.097677561681e+00,        -1.389030861431e+00,        -2.394706287830e-01,        -4.857040750909e-01,        +7.071067811865e+00,        +3.547723293070e-01,        -6.760468664415e-01,        +9.935944998118e-01,        +2.824897239885e+00,        +7.575949295928e+00,        +5.000497884735e-01,        +6.975607288644e-01,        -2.538311119980e-01,        -1.302883287525e+00,        -1.537313414260e+00,        +9.071790456697e-01,        -1.496706655727e+00,        +2.424494725227e+00,        -1.458512561119e+00,        +7.071067811865e+00,        -8.126132028578e-01,        -4.824812806340e-01,        -2.053934638087e+00,        +7.973797153328e-01,        +6.975607288654e-01,        -2.538311119979e-01,        +7.530682856405e+00,        -7.353988014977e-01,        -1.540541511817e+00,        +1.661464338786e+00,        -1.365680343575e+00,        -1.531361234936e+00,        +9.049537458966e-01,        +2.426947258205e+00,        +7.071067811865e+00,        -8.175469034051e-01,        -4.175937340342e-01,        +7.388806835890e-01,        +3.016150945068e+00,        -1.302883287525e+00,        -1.537313414260e+00,        -1.540541511816e+00,        +1.661464338787e+00,        +7.845471689626e+00,        -8.983182746237e-01,        +4.646732501053e-01,        -5.981111791634e-01,        -1.677230495965e+00,        +8.983221119398e-01,        +7.071067811865e+00,        +3.093849538074e-01,        -7.310560166672e-01,        +3.097677561680e+00,        -1.389030861430e+00,        +9.071790456694e-01,        -1.496706655728e+00,        -1.365680343574e+00,        -1.531361234937e+00,        +4.646732501043e-01,        -5.981111791629e-01,        +7.186062603598e+00,        +8.369771631030e-01,        +1.160537522011e+00,        +2.289057110297e+00,        +7.071067811865e+00,        -1.055024949362e-01,        +1.022732761047e-01,        -2.394706287829e-01,        -4.857040750897e-01,        +2.424494725226e+00,        -1.458512561120e+00,        +9.049537458962e-01,        +2.426947258206e+00,        -1.677230495966e+00,        +8.983221119391e-01,        +1.160537522012e+00,        +2.289057110298e+00,        +8.634190309449e+00,        +2.518153594130e-01
 1.68000000e+02,        +7.071067811865e+00,        +4.641168175641e+00,        +2.211441953997e+00,        -8.713593631525e-02,        +1.245845029957e-01,        +2.012498229715e-02,        -7.626780280324e-01,        -9.433435848532e-01,        -5.978121740257e-02,        -9.199620875356e-01,        +4.063318542223e-03,        -4.826972590573e-02,        -7.938648199897e-01,        -5.356596095295e-02,        +1.311780455725e-01,        +7.071067811865e+00,        -8.713593631523e-02,        +1.245845029954e-01,        +7.521896362536e+00,        +6.648168242551e-03,        +1.209093892991e+00,        +2.734192580367e+00,        -2.005407359298e+00,        +9.338927923944e-01,        +9.705918057442e-01,        +2.932441153267e+00,        +3.000830977208e+00,        -1.632968244035e+00,        -9.560210697064e-02,        -5.779734714738e-01,        +7.071067811865e+00,        +2.012498229706e-02,        -7.626780280323e-01,        +1.209093892992e+00,        +2.734192580365e+00,        +7.478241183602e+00,        +2.889613755503e-01,        +8.793588366394e-01,        -3.672509932110e-01,        -1.423460801718e+00,        -1.264395520791e+00,        +7.427840546991e-01,        -1.588544332011e+00,        +2.298612264321e+00,        -1.668944073001e+00,        +7.071067811865e+00,        -9.433435848535e-01,        -5.978121740251e-02,        -2.005407359299e+00,        +9.338927923923e-01,        +8.793588366404e-01,        -3.672509932110e-01,        +7.469674427198e+00,        -8.083744447106e-01,        -1.261931953063e+00,        +1.827902045156e+00,        -1.478778435142e+00,        -1.248349052694e+00,        +1.104995308213e+00,        +2.318182541036e+00,        +7.071067811865e+00,        -9.199620875356e-01,        +4.063318541966e-03,        +9.705918057462e-01,        +2.932441153269e+00,        -1.423460801719e+00,        -1.264395520792e+00,        -1.261931953064e+00,        +1.827902045156e+00,        +7.752133922035e+00,        -1.027720650470e+00,        +6.073240435034e-01,        -6.722656117920e-01,        -1.624697153305e+00,        +1.009109590898e+00,        +7.071067811865e+00,        -4.826972590581e-02,        -7.938648199898e-01,        +3.000830977207e+00,        -1.632968244033e+00,        +7.427840546985e-01,        -1.588544332011e+00,        -1.478778435140e+00,        -1.248349052692e+00,        +6.073240435010e-01,        -6.722656117940e-01,        +7.143707513364e+00,        +6.960992471166e-01,        +1.336474696545e+00,        +2.188734183688e+00,        +7.071067811865e+00,        -5.356596095304e-02,        +1.311780455725e-01,        -9.560210697107e-02,        -5.779734714741e-01,        +2.298612264322e+00,        -1.668944073002e+00,        +1.104995308212e+00,        +2.318182541035e+00,        -1.624697153305e+00,        +1.009109590898e+00,        +1.336474696545e+00,        +2.188734183689e+00,        +8.567063763178e+00,        +1.515742451622e-01
 1.69600000e+02,        +7.071067811865e+00,        +4.685436951272e+00,        +1.946211370052e+00,        -2.574041930467e-02,        +1.418377263653e-01,        -3.307305998388e-01,        -6.566989822663e-01,        -8.241359151341e-01,        +3.928105700854e-01,        -7.758795656509e-01,        +4.394970668549e-01,        -4.061668473720e-01,        -6.542595997569e-01,        +7.469289222282e-03,        +1.330729525338e-01,        +7.071067811865e+00,        -2.574041930470e-02,        +1.418377263649e-01,        +7.448205474283e+00,        -1.532584160992e-01,        +1.403284337374e+00,        +2.616275203710e+00,        -1.942157525446e+00,        +1.069414480151e+00,        +1.181143136593e+00,        +2.834139796456e+00,        +2.875990077724e+00,        -1.876727013724e+00,        +2.912534818946e-02,        -6.935682034072e-01,        +7.071067811865e+00,        -3.307305998387e-01,        -6.566989822666e-01,        +1.403284337374e+00,        +2.616275203710e+00,        +7.392843307277e+00,        +1.054406985317e-01,        +1.057769333579e+00,        -5.529607517114e-01,        -1.481169312464e+00,        -1.030927428823e+00,        +6.054956783261e-01,        -1.649680351638e+00,        +2.144544141931e+00,        -1.870122339454e+00,        +7.071067811865e+00,        -8.241359151343e-01,        +3.928105700858e-01,        -1.942157525446e+00,        +1.069414480152e+00,        +1.057769333580e+00,        -5.529607517127e-01,        +7.359958117380e+00,        -9.056032104750e-01,        -1.025675999030e+00,        +1.930592070131e+00,        -1.528159063730e+00,        -1.010596100272e+00,        +1.280619767466e+00,        +2.197318749290e+00,        +7.071067811865e+00,        -7.758795656507e-01,        +4.394970668547e-01,        +1.181143136593e+00,        +2.834139796455e+00,        -1.481169312465e+00,        -1.030927428823e+00,        -1.025675999031e+00,        +1.930592070132e+00,        +7.599082916175e+00,        -1.166674716617e+00,        +7.496349188691e-01,        -8.163860370859e-01,        -1.560300181711e+00,        +1.121204682294e+00,        +7.071067811865e+00,        -4.061668473718e-01,        -6.542595997569e-01,        +2.875990077724e+00,        -1.876727013724e+00,        +6.054956783256e-01,        -1.649680351638e+00,        -1.528159063730e+00,        -1.010596100273e+00,        +7.496349188678e-01,        -8.163860370856e-01,        +7.131156119625e+00,        +5.672256235100e-01,        +1.491452154274e+00,        +2.068231155771e+00,        +7.071067811865e+00,        +7.469289222347e-03,        +1.330729525335e-01,        +2.912534818947e-02,        -6.935682034071e-01,        +2.144544141931e+00,        -1.870122339455e+00,        +1.280619767465e+00,        +2.197318749291e+00,        -1.560300181710e+00,        +1.121204682294e+00,        +1.491452154275e+00,        +2.068231155771e+00,        +8.491728031163e+00,        +6.149090289680e-02
 1.71200000e+02,        +7.071067811865e+00,        +4.453647138566e+00,        +1.916060091918e+00,        +3.345999140408e-02,        +1.262219377726e-01,        -5.500271599015e-01,        -3.792850899700e-01,        -4.772577995172e-01,        +6.821270357451e-01,        -4.191471848100e-01,        +7.011433429178e-01,        -6.124554945291e-01,        -3.470001121090e-01,        +5.789612032173e-02,        +1.047637323199e-01,        +7.071067811865e+00,        +3.345999140402e-02,        +1.262219377723e-01,        +7.362641682163e+00,        -3.045135888886e-01,        +1.569222619339e+00,        +2.483093114934e+00,        -1.856449957418e+00,        +1.204609893207e+00,        +1.379179710469e+00,        +2.729359073447e+00,        +2.718933604754e+00,        -2.108958248605e+00,        +1.319733594194e-01,        -8.292030046229e-01,        +7.071067811865e+00,        -5.500271599022e-01,        -3.792850899700e-01,        +1.569222619341e+00,        +2.483093114933e+00,        +7.317346614691e+00,        -9.954373368143e-02,        +1.161407229649e+00,        -8.020271212517e-01,        -1.543941377185e+00,        -8.382615163442e-01,        +4.899886876328e-01,        -1.733217057022e+00,        +1.961872851019e+00,        -2.050469840221e+00,        +7.071067811865e+00,        -4.772577995178e-01,        +6.821270357458e-01,        -1.856449957418e+00,        +1.204609893204e+00,        +1.161407229649e+00,        -8.020271212518e-01,        +7.202788451090e+00,        -9.431570969634e-01,        -8.303132484680e-01,        +2.054553694392e+00,        -1.586653301026e+00,        -8.174107995013e-01,        +1.441081308145e+00,        +2.071521781502e+00,        +7.071067811865e+00,        -4.191471848095e-01,        +7.011433429174e-01,        +1.379179710470e+00,        +2.729359073450e+00,        -1.543941377186e+00,        -8.382615163442e-01,        -8.303132484694e-01,        +2.054553694393e+00,        +7.399709603802e+00,        -1.233378584797e+00,        +8.204846316686e-01,        -1.014295320141e+00,        -1.474960045923e+00,        +1.233029701723e+00,        +7.071067811865e+00,        -6.124554945290e-01,        -3.470001121089e-01,        +2.718933604753e+00,        -2.108958248604e+00,        +4.899886876312e-01,        -1.733217057023e+00,        -1.586653301027e+00,        -8.174107994994e-01,        +8.204846316680e-01,        -1.014295320143e+00,        +7.134312197177e+00,        +3.954774977898e-01,        +1.622322464645e+00,        +1.939490532059e+00,        +7.071067811865e+00,        +5.789612032152e-02,        +1.047637323201e-01,        +1.319733594193e-01,        -8.292030046229e-01,        +1.961872851018e+00,        -2.050469840222e+00,        +1.441081308143e+00,        +2.071521781502e+00,        -1.474960045922e+00,        +1.233029701722e+00,        +1.622322464646e+00,        +1.939490532060e+00,        +8.410270283576e+00,        -1.880182794242e-02
 1.72800000e+02,        +7.071067811865e+00,        +4.274078509957e+00,        +2.262876060619e+00,        +7.107218855595e-02,        +8.899528546227e-02,        -5.724572787874e-01,        -7.521124047969e-02,        -8.821194721760e-02,        +7.174943391072e-01,        -3.690275922242e-02,        +7.119015579654e-01,        -6.114700334068e-01,        -2.832113393353e-02,        +8.280538869075e-02,        +6.214545840291e-02,        +7.071067811865e+00,        +7.107218855597e-02,        +8.899528546219e-02,        +7.265744158095e+00,        -4.474056615949e-01,        +1.710705959328e+00,        +2.347403543689e+00,        -1.740750361664e+00,        +1.328536967052e+00,        +1.574160631559e+00,        +2.613631013338e+00,        +2.536146606859e+00,        -2.318231813409e+00,        +2.099878439376e-01,        -9.816006992263e-01,        +7.071067811865e+00,        -5.724572787876e-01,        -7.521124047964e-02,        +1.710705959328e+00,        +2.347403543689e+00,        +7.198132223123e+00,        -3.406162441008e-01,        +1.163379634785e+00,        -1.036569063228e+00,        -1.635147114171e+00,        -6.220688645701e-01,        +3.396769812263e-01,        -1.852664996663e+00,        +1.759922672825e+00,        -2.200666998302e+00,        +7.071067811865e+00,        -8.821194721788e-02,        +7.174943391077e-01,        -1.740750361664e+00,        +1.328536967053e+00,        +1.163379634787e+00,        -1.036569063228e+00,        +7.089083046386e+00,        -8.900694301977e-01,        -5.888735774710e-01,        +2.227480680658e+00,        -1.678062391109e+00,        -5.989411912550e-01,        +1.594295685230e+00,        +1.935864120659e+00,        +7.071067811865e+00,        -3.690275922240e-02,        +7.119015579646e-01,        +1.574160631560e+00,        +2.613631013338e+00,        -1.635147114173e+00,        -6.220688645696e-01,        -5.888735774698e-01,        +2.227480680657e+00,        +7.246791425095e+00,        -1.207972621008e+00,        +8.030449510123e-01,        -1.186254281901e+00,        -1.363529531317e+00,        +1.332185121318e+00,        +7.071067811865e+00,        -6.114700334066e-01,        -2.832113393363e-02,        +2.536146606858e+00,        -2.318231813409e+00,        +3.396769812250e-01,        -1.852664996664e+00,        -1.678062391109e+00,        -5.989411912553e-01,        +8.030449510119e-01,        -1.186254281900e+00,        +7.089370138192e+00,        +1.726862015677e-01,        +1.735897787382e+00,        +1.811681551786e+00,        +7.071067811865e+00,        +8.280538869108e-02,        +6.214545840268e-02,        +2.099878439380e-01,        -9.816006992255e-01,        +1.759922672825e+00,        -2.200666998303e+00,        +1.594295685228e+00,        +1.935864120659e+00,        -1.363529531317e+00,        +1.332185121318e+00,        +1.735897787383e+00,        +1.811681551787e+00,        +8.323539823444e+00,        -9.001379610575e-02
 1.74400000e+02,        +7.071067811865e+00,        +4.393178056189e+00,        +2.807210624546e+00,        +8.530679681368e-02,        +4.847225392614e-02,        -4.658579320688e-01,        +1.447818529452e-01,        +1.963070427192e-01,        +5.821905849208e-01,        +2.325967304933e-01,        +5.624520231165e-01,        -4.831675351913e-01,        +1.922204610994e-01,        +8.562609708667e-02,        +2.265580635707e-02,        +7.071067811865e+00,        +8.530679681312e-02,        +4.847225392654e-02,        +7.157106322832e+00,        -5.814674927703e-01,        +1.836620890720e+00,        +2.213861269498e+00,        -1.598805925053e+00,        +1.425866335175e+00,        +1.765378555600e+00,        +2.477407256664e+00,        +2.338338005698e+00,        -2.501756939878e+00,        +2.603516213067e-01,        -1.146435619534e+00,        +7.071067811865e+00,        -4.658579320688e-01,        +1.447818529454e-01,        +1.836620890719e+00,        +2.213861269497e+00,        +6.998027089759e+00,        -5.753955179305e-01,        +1.113593381198e+00,        -1.197182281930e+00,        -1.706830813791e+00,        -3.391879579325e-01,        +1.188975391561e-01,        -1.963730309580e+00,        +1.550154124543e+00,        -2.320247352583e+00,        +7.071067811865e+00,        +1.963070427191e-01,        +5.821905849207e-01,        -1.598805925055e+00,        +1.425866335174e+00,        +1.113593381199e+00,        -1.197182281931e+00,        +7.087738564423e+00,        -8.137199901767e-01,        -2.412438735360e-01,        +2.382159898005e+00,        -1.750295997079e+00,        -3.092873837331e-01,        +1.738003304089e+00,        +1.782685989288e+00,        +7.071067811865e+00,        +2.325967304933e-01,        +5.624520231163e-01,        +1.765378555602e+00,        +2.477407256665e+00,        -1.706830813791e+00,        -3.391879579328e-01,        -2.412438735365e-01,        +2.382159898004e+00,        +7.200345894525e+00,        -1.162176604573e+00,        +7.547474189150e-01,        -1.282005826820e+00,        -1.232360381876e+00,        +1.405542182459e+00,        +7.071067811865e+00,        -4.831675351916e-01,        +1.922204611000e-01,        +2.338338005696e+00,        -2.501756939877e+00,        +1.188975391562e-01,        -1.963730309580e+00,        -1.750295997078e+00,        -3.092873837336e-01,        +7.547474189144e-01,        -1.282005826821e+00,        +6.959783882656e+00,        -4.999747319075e-02,        +1.840513516279e+00,        +1.685049383440e+00,        +7.071067811865e+00,        +8.562609708619e-02,        +2.265580635705e-02,        +2.603516213064e-01,        -1.146435619534e+00,        +1.550154124544e+00,        -2.320247352583e+00,        +1.738003304089e+00,        +1.782685989288e+00,        -1.232360381877e+00,        +1.405542182459e+00,        +1.840513516279e+00,        +1.685049383441e+00,        +8.231800677817e+00,        -1.520842928776e-01
 1.76000000e+02,        +7.071067811865e+00,        +4.827316589421e+00,        +3.329476120465e+00,        +8.395171788947e-02,        +1.371204071754e-02,        -3.151775921534e-01,        +2.651225239905e-01,        +3.519694996345e-01,        +3.857520452570e-01,        +3.725221016825e-01,        +3.614750328294e-01,        -3.172914478058e-01,        +3.055638460744e-01,        +7.607135540441e-02,        -7.595839830022e-03,        +7.071067811865e+00,        +8.395171788946e-02,        +1.371204071772e-02,        +7.036459933260e+00,        -7.052720208441e-01,        +1.953464392010e+00,        +2.081241669007e+00,        -1.442419426396e+00,        +1.486726485109e+00,        +1.945190064983e+00,        +2.315446031658e+00,        +2.132974421207e+00,        -2.662410293563e+00,        +2.813344826441e-01,        -1.318579722437e+00,        +7.071067811865e+00,        -3.151775921534e-01,        +2.651225239902e-01,        +1.953464392011e+00,        +2.081241669006e+00,        +6.725205669268e+00,        -7.534319010540e-01,        +1.076600842702e+00,        -1.283295381746e+00,        -1.702323489860e+00,        -2.750318480451e-03,        -1.610746134711e-01,        -2.017297990224e+00,        +1.340011758911e+00,        -2.413405320896e+00,        +7.071067811865e+00,        +3.519694996342e-01,        +3.857520452566e-01,        -1.442419426395e+00,        +1.486726485108e+00,        +1.076600842702e+00,        -1.283295381747e+00,        +7.190770026850e+00,        -8.009282361382e-01,        +1.969343748188e-01,        +2.437066437182e+00,        -1.742785739477e+00,        +3.708906258915e-02,        +1.864892391925e+00,        +1.609542127319e+00,        +7.071067811865e+00,        +3.725221016826e-01,        +3.614750328295e-01,        +1.945190064983e+00,        +2.315446031659e+00,        -1.702323489860e+00,        -2.750318480860e-03,        +1.969343748181e-01,        +2.437066437180e+00,        +7.244961521739e+00,        -1.177349259584e+00,        +7.385828571968e-01,        -1.312253322897e+00,        -1.093261008424e+00,        +1.446870988124e+00,        +7.071067811865e+00,        -3.172914478057e-01,        +3.055638460749e-01,        +2.132974421206e+00,        -2.662410293563e+00,        -1.610746134721e-01,        -2.017297990223e+00,        -1.742785739477e+00,        +3.708906258894e-02,        +7.385828571967e-01,        -1.312253322899e+00,        +6.759065143592e+00,        -2.197477894448e-01,        +1.940071312764e+00,        +1.555847323952e+00,        +7.071067811865e+00,        +7.607135540437e-02,        -7.595839830228e-03,        +2.813344826443e-01,        -1.318579722437e+00,        +1.340011758911e+00,        -2.413405320897e+00,        +1.864892391925e+00,        +1.609542127318e+00,        -1.093261008423e+00,        +1.446870988124e+00,        +1.940071312764e+00,        +1.555847323953e+00,        +8.135607466246e+00,        -2.044873718880e-01
 1.77600000e+02,        +7.071067811865e+00,        +5.498604490106e+00,        +3.705660672515e+00,        +7.335967644905e-02,        -1.348117178068e-02,        -1.661596568866e-01,        +3.084462694662e-01,        +4.054916444773e-01,        +1.890953632330e-01,        +4.129658983476e-01,        +1.667910484116e-01,        -1.595546680686e-01,        +3.391550734589e-01,        +6.042401306018e-02,        -2.888529482744e-02,        +7.071067811865e+00,        +7.335967644917e-02,        -1.348117178030e-02,        +6.903989246244e+00,        -8.169218194102e-01,        +2.064798441186e+00,        +1.946266848954e+00,        -1.285921680596e+00,        +1.507562890092e+00,        +2.104033226618e+00,        +2.127401246299e+00,        +1.924143938710e+00,        -2.804702743770e+00,        +2.723214441469e-01,        -1.492742694410e+00,        +7.071067811865e+00,        -1.661596568863e-01,        +3.084462694657e-01,        +2.064798441187e+00,        +1.946266848953e+00,        +6.412373967906e+00,        -8.434089387659e-01,        +1.094894222903e+00,        -1.328431694930e+00,        -1.589807897564e+00,        +3.445624596917e-01,        -4.658157511486e-01,        -1.985714767018e+00,        +1.133686021443e+00,        -2.485348969252e+00,        +7.071067811865e+00,        +4.054916444774e-01,        +1.890953632326e-01,        -1.285921680595e+00,        +1.507562890090e+00,        +1.094894222905e+00,        -1.328431694931e+00,        +7.343496337325e+00,        -9.086842188281e-01,        +6.668360156963e-01,        +2.342605231158e+00,        -1.621961967677e+00,        +3.943878189309e-01,        +1.967278310686e+00,        +1.418286926272e+00,        +7.071067811865e+00,        +4.129658983477e-01,        +1.667910484122e-01,        +2.104033226618e+00,        +2.127401246300e+00,        -1.589807897565e+00,        +3.445624596914e-01,        +6.668360156960e-01,        +2.342605231158e+00,        +7.324658059139e+00,        -1.301373186160e+00,        +7.898701345533e-01,        -1.317977303642e+00,        -9.584819407140e-01,        +1.455636086294e+00,        +7.071067811865e+00,        -1.595546680691e-01,        +3.391550734593e-01,        +1.924143938707e+00,        -2.804702743769e+00,        -4.658157511495e-01,        -1.985714767017e+00,        -1.621961967677e+00,        +3.943878189324e-01,        +7.898701345517e-01,        -1.317977303643e+00,        +6.523844832084e+00,        -3.077473620283e-01,        +2.035269001775e+00,        +1.420077836756e+00,        +7.071067811865e+00,        +6.042401305993e-02,        -2.888529482766e-02,        +2.723214441469e-01,        -1.492742694410e+00,        +1.133686021442e+00,        -2.485348969252e+00,        +1.967278310684e+00,        +1.418286926274e+00,        -9.584819407126e-01,        +1.455636086293e+00,        +2.035269001777e+00,        +1.420077836757e+00,        +8.035726411153e+00,        -2.466845905156e-01
 1.79200000e+02,        +7.071067811865e+00,        +6.325574745834e+00,        +3.878444171791e+00,        +5.699993844552e-02,        -3.298799573178e-02,        -3.805162106482e-02,        +2.975411170561e-01,        +3.853663495052e-01,        +1.951300329200e-02,        +3.835949425454e-01,        +3.105474942893e-03,        -2.802143416990e-02,        +3.184045883642e-01,        +4.168183409703e-02,        -4.223654170440e-02,        +7.071067811865e+00,        +5.699993844559e-02,        -3.298799573145e-02,        +6.760287171110e+00,        -9.141068343730e-01,        +2.171558986667e+00,        +1.804390634829e+00,        -1.144479434631e+00,        +1.490737559421e+00,        +2.231710777801e+00,        +1.917494436890e+00,        +1.713047772536e+00,        -2.933999743565e+00,        +2.336034674392e-01,        -1.663564523135e+00,        +7.071067811865e+00,        -3.805162106478e-02,        +2.975411170562e-01,        +2.171558986668e+00,        +1.804390634828e+00,        +6.101011246227e+00,        -8.344891719025e-01,        +1.184947443345e+00,        -1.380383483799e+00,        -1.364121029183e+00,        +6.501207987554e-01,        -7.540810799274e-01,        -1.862662113117e+00,        +9.327846219236e-01,        -2.541889916937e+00,        +7.071067811865e+00,        +3.853663495050e-01,        +1.951300329141e-02,        -1.144479434631e+00,        +1.490737559421e+00,        +1.184947443345e+00,        -1.380383483800e+00,        +7.470439713375e+00,        -1.156415360482e+00,        +1.092195143907e+00,        +2.086858686351e+00,        -1.383047873651e+00,        +7.065148301256e-01,        +2.037713650980e+00,        +1.214247526980e+00,        +7.071067811865e+00,        +3.835949425453e-01,        +3.105474942663e-03,        +2.231710777801e+00,        +1.917494436890e+00,        -1.364121029183e+00,        +6.501207987555e-01,        +1.092195143906e+00,        +2.086858686350e+00,        +7.368382331902e+00,        -1.544843542479e+00,        +9.156433669434e-01,        -1.349664662853e+00,        -8.397798386393e-01,        +1.435991088093e+00,        +7.071067811865e+00,        -2.802143416989e-02,        +3.184045883648e-01,        +1.713047772535e+00,        -2.933999743564e+00,        -7.540810799275e-01,        -1.862662113116e+00,        -1.383047873650e+00,        +7.065148301254e-01,        +9.156433669433e-01,        -1.349664662853e+00,        +6.296776357257e+00,        -3.079259736859e-01,        +2.124481044046e+00,        +1.273815212662e+00,        +7.071067811865e+00,        +4.168183409695e-02,        -4.223654170429e-02,        +2.336034674387e-01,        -1.663564523135e+00,        +9.327846219235e-01,        -2.541889916937e+00,        +2.037713650980e+00,        +1.214247526980e+00,        -8.397798386401e-01,        +1.435991088093e+00,        +2.124481044046e+00,        +1.273815212662e+00,        +7.932978818052e+00,        -2.780198496189e-01
 1.80800000e+02,        +7.071067811865e+00,        +7.237172491733e+00,        +3.818034358237e+00,        +3.739772771884e-02,        -4.441797944677e-02,        +5.962711493665e-02,        +2.500506293551e-01,        +3.148967892818e-01,        -1.082380169223e-01,        +3.080762664939e-01,        -1.168690943210e-01,        +6.902664747433e-02,        +2.625274428102e-01,        +2.189986536072e-02,        -4.801479136824e-02,        +7.071067811865e+00,        +3.739772771889e-02,        -4.441797944663e-02,        +6.606685486732e+00,        -9.939716606947e-01,        +2.271009848245e+00,        +1.650883662421e+00,        -1.031866350151e+00,        +1.445703545748e+00,        +2.319371923493e+00,        +1.695742245733e+00,        +1.497107095910e+00,        -3.055347510753e+00,        +1.665605002051e-01,        -1.825546310637e+00,        +7.071067811865e+00,        +5.962711493662e-02,        +2.500506293549e-01,        +2.271009848246e+00,        +1.650883662421e+00,        +5.833358287360e+00,        -7.367376588537e-01,        +1.334497452103e+00,        -1.489835738512e+00,        -1.047980926753e+00,        +8.622695211725e-01,        -9.859526502071e-01,        -1.662735233717e+00,        +7.355918142571e-01,        -2.588548339514e+00,        +7.071067811865e+00,        +3.148967892822e-01,        -1.082380169224e-01,        -1.031866350150e+00,        +1.445703545748e+00,        +1.334497452102e+00,        -1.489835738512e+00,        +7.492424271623e+00,        -1.520086559398e+00,        +1.396108867376e+00,        +1.700071770166e+00,        -1.051211614706e+00,        +9.190440832871e-01,        +2.070411629095e+00,        +1.007161013944e+00,        +7.071067811865e+00,        +3.080762664941e-01,        -1.168690943213e-01,        +2.319371923494e+00,        +1.695742245733e+00,        -1.047980926752e+00,        +8.622695211722e-01,        +1.396108867377e+00,        +1.700071770167e+00,        +7.306413395620e+00,        -1.877893191395e+00,        +1.094162245610e+00,        -1.455595111766e+00,        -7.467121886057e-01,        +1.397380187213e+00,        +7.071067811865e+00,        +6.902664747463e-02,        +2.625274428104e-01,        +1.497107095910e+00,        -3.055347510753e+00,        -9.859526502073e-01,        -1.662735233717e+00,        -1.051211614707e+00,        +9.190440832879e-01,        +1.094162245609e+00,        -1.455595111766e+00,        +6.117944756872e+00,        -2.359198119761e-01,        +2.203199746195e+00,        +1.114083369348e+00,        +7.071067811865e+00,        +2.189986536041e-02,        -4.801479136846e-02,        +1.665605002052e-01,        -1.825546310637e+00,        +7.355918142573e-01,        -2.588548339513e+00,        +2.070411629095e+00,        +1.007161013944e+00,        -7.467121886069e-01,        +1.397380187213e+00,        +2.203199746196e+00,        +1.114083369348e+00,        +7.828495922060e+00,        -2.975486883306e-01
 1.82400000e+02,        +7.071067811865e+00,        +8.164369534691e+00,        +3.507908628158e+00,        +1.746027009291e-02,        -4.759486846542e-02,        +1.217689456554e-01,        +1.822412385421e-01,        +2.170124527568e-01,        -1.858082904105e-01,        +2.091484805705e-01,        -1.866074610017e-01,        +1.278475629138e-01,        +1.888321309644e-01,        +3.416964073047e-03,        -4.662283196604e-02,        +7.071067811865e+00,        +1.746027009277e-02,        -4.759486846521e-02,        +6.445918115347e+00,        -1.053438662179e+00,        +2.356618313535e+00,        +1.483669726495e+00,        -9.558543830712e-01,        +1.388512920642e+00,        +2.363790797357e+00,        +1.477461631487e+00,        +1.270152880672e+00,        -3.170605119738e+00,        +7.410316756633e-02,        -1.973389442724e+00,        +7.071067811865e+00,        +1.217689456555e-01,        +1.822412385417e-01,        +2.356618313534e+00,        +1.483669726495e+00,        +5.641466920191e+00,        -5.808469284850e-01,        +1.502020747127e+00,        -1.693559147633e+00,        -6.910526480712e-01,        +9.461637894711e-01,        -1.133867538290e+00,        -1.420093061983e+00,        +5.372499204834e-01,        -2.628184023408e+00,        +7.071067811865e+00,        +2.170124527567e-01,        -1.858082904111e-01,        -9.558543830717e-01,        +1.388512920642e+00,        +1.502020747127e+00,        -1.693559147633e+00,        +7.352873433711e+00,        -1.931267701380e+00,        +1.526314999371e+00,        +1.253966475203e+00,        -6.800196059037e-01,        +9.963205764413e-01,        +2.064723298861e+00,        +8.105789155030e-01,        +7.071067811865e+00,        +2.091484805707e-01,        -1.866074610017e-01,        +2.363790797359e+00,        +1.477461631486e+00,        -6.910526480717e-01,        +9.461637894701e-01,        +1.526314999371e+00,        +1.253966475204e+00,        +7.094531248149e+00,        -2.232287516310e+00,        +1.277244047733e+00,        -1.665388431956e+00,        -6.831386851765e-01,        +1.353525827105e+00,        +7.071067811865e+00,        +1.278475629137e-01,        +1.888321309648e-01,        +1.270152880671e+00,        -3.170605119737e+00,        -1.133867538290e+00,        -1.420093061983e+00,        -6.800196059034e-01,        +9.963205764406e-01,        +1.277244047732e+00,        -1.665388431956e+00,        +6.013475110186e+00,        -1.267185094195e-01,        +2.264508648231e+00,        +9.411232388642e-01,        +7.071067811865e+00,        +3.416964072792e-03,        -4.662283196608e-02,        +7.410316756686e-02,        -1.973389442723e+00,        +5.372499204834e-01,        -2.628184023408e+00,        +2.064723298860e+00,        +8.105789155035e-01,        -6.831386851766e-01,        +1.353525827105e+00,        +2.264508648232e+00,        +9.411232388645e-01,        +7.724167682574e+00,        -3.042820172622e-01
 1.84000000e+02,        +7.071067811865e+00,        +9.033659620248e+00,        +2.946551265278e+00,        +3.113840155954e-04,        -4.358460158220e-02,        +1.488343198697e-01,        +1.102454727676e-01,        +1.152207163236e-01,        -2.135884264092e-01,        +1.094833831672e-01,        -2.080061959085e-01,        +1.504534293471e-01,        +1.138770417133e-01,        -1.135968233297e-02,        -3.943691920691e-02,        +7.071067811865e+00,        +3.113840155314e-04,        -4.358460158191e-02,        +6.282431568476e+00,        -1.090238648440e+00,        +2.420780208181e+00,        +1.305942398163e+00,        -9.142863640502e-01,        +1.336967437212e+00,        +2.370825325745e+00,        +1.278604221715e+00,        +1.025491603272e+00,        -3.276078715030e+00,        -3.923869594314e-02,        -2.102879201135e+00,        +7.071067811865e+00,        +1.488343198699e-01,        +1.102454727672e-01,        +2.420780208181e+00,        +1.305942398163e+00,        +5.535469400468e+00,        -4.090318946825e-01,        +1.630319524915e+00,        -1.996553917936e+00,        -3.556026886061e-01,        +8.997798484709e-01,        -1.193600653388e+00,        -1.178049136229e+00,        +3.323077257694e-01,        -2.659083720973e+00,        +7.071067811865e+00,        +1.152207163233e-01,        -2.135884264094e-01,        -9.142863640506e-01,        +1.336967437211e+00,        +1.630319524915e+00,        -1.996553917936e+00,        +7.045133501832e+00,        -2.298593207848e+00,        +1.480205463767e+00,        +8.395433647747e-01,        -3.354464310745e-01,        +9.381613552434e-01,        +2.027729668974e+00,        +6.377250802895e-01,        +7.071067811865e+00,        +1.094833831672e-01,        -2.080061959082e-01,        +2.370825325746e+00,        +1.278604221715e+00,        -3.556026886067e-01,        +8.997798484718e-01,        +1.480205463767e+00,        +8.395433647753e-01,        +6.736754975637e+00,        -2.524078648746e+00,        +1.406442035396e+00,        -1.974730563252e+00,        -6.448590360277e-01,        +1.318056878277e+00,        +7.071067811865e+00,        +1.504534293471e-01,        +1.138770417136e-01,        +1.025491603272e+00,        -3.276078715029e+00,        -1.193600653388e+00,        -1.178049136229e+00,        -3.354464310753e-01,        +9.381613552435e-01,        +1.406442035395e+00,        -1.974730563252e+00,        +5.985096038715e+00,        -2.297626126791e-02,        +2.301884322063e+00,        +7.599567925312e-01,        +7.071067811865e+00,        -1.135968233292e-02,        -3.943691920702e-02,        -3.923869594335e-02,        -2.102879201135e+00,        +3.323077257699e-01,        -2.659083720973e+00,        +2.027729668975e+00,        +6.377250802891e-01,        -6.448590360281e-01,        +1.318056878278e+00,        +2.301884322063e+00,        +7.599567925308e-01,        +7.622741713895e+00,        -2.978820004481e-01
 1.85600000e+02,        +7.071067811865e+00,        +9.768896110963e+00,        +2.154893987886e+00,        -1.181728312203e-02,        -3.487964006905e-02,        +1.476511770979e-01,        +4.725366551265e-02,        +2.874086868730e-02,        -2.018825007172e-01,        +2.699015535154e-02,        -1.922180757118e-01,        +1.451043298072e-01,        +5.053046635079e-02,        -2.090253798786e-02,        -2.888917661502e-02,        +7.071067811865e+00,        -1.181728312183e-02,        -3.487964006902e-02,        +6.121710072896e+00,        -1.104028245897e+00,        +2.459056680809e+00,        +1.125633207881e+00,        -8.962091395248e-01,        +1.303645034633e+00,        +2.353948712464e+00,        +1.109296680425e+00,        +7.601938512591e-01,        -3.363524778144e+00,        -1.680397632570e-01,        -2.211729740423e+00,        +7.071067811865e+00,        +1.476511770985e-01,        +4.725366551269e-02,        +2.459056680809e+00,        +1.125633207881e+00,        +5.501617092732e+00,        -2.583330091329e-01,        +1.671687029175e+00,        -2.369421893905e+00,        -9.203456739905e-02,        +7.546675189163e-01,        -1.184529568531e+00,        -9.718756899834e-01,        +1.181973372457e-01,        -2.675818283416e+00,        +7.071067811865e+00,        +2.874086868740e-02,        -2.018825007172e-01,        -8.962091395249e-01,        +1.303645034633e+00,        +1.671687029174e+00,        -2.369421893905e+00,        +6.615779001286e+00,        -2.546736180657e+00,        +1.305803164111e+00,        +5.294218242706e-01,        -6.962761855505e-02,        +7.797690985587e-01,        +1.972513153599e+00,        +4.961160484154e-01,        +7.071067811865e+00,        +2.699015535112e-02,        -1.922180757115e-01,        +2.353948712463e+00,        +1.109296680425e+00,        -9.203456739817e-02,        +7.546675189162e-01,        +1.305803164109e+00,        +5.294218242709e-01,        +6.284178336383e+00,        -2.689733117211e+00,        +1.438159647188e+00,        -2.346780971446e+00,        -6.215427204038e-01,        +1.299210372835e+00,        +7.071067811865e+00,        +1.451043298072e-01,        +5.053046635084e-02,        +7.601938512589e-01,        -3.363524778144e+00,        -1.184529568531e+00,        -9.718756899828e-01,        -6.962761855478e-02,        +7.797690985592e-01,        +1.438159647188e+00,        -2.346780971447e+00,        +6.011380617115e+00,        +4.263016227487e-02,        +2.312632517124e+00,        +5.790348070936e-01,        +7.071067811865e+00,        -2.090253798774e-02,        -2.888917661519e-02,        -1.680397632572e-01,        -2.211729740422e+00,        +1.181973372459e-01,        -2.675818283416e+00,        +1.972513153599e+00,        +4.961160484150e-01,        -6.215427204041e-01,        +1.299210372836e+00,        +2.312632517124e+00,        +5.790348070946e-01,        +7.527247555120e+00,        -2.792691052341e-01
 1.87200000e+02,        +7.071067811865e+00,        +1.030142788535e+01,        +1.181239433800e+00,        -1.837429137570e-02,        -2.448703149048e-02,        +1.287800404953e-01,        +3.966791851449e-04,        -3.245404475629e-02,        -1.666596062367e-01,        -2.968263676176e-02,        -1.552822209626e-01,        +1.232750139479e-01,        +5.058699741603e-03,        -2.513474973937e-02,        -1.764563222856e-02,        +7.071067811865e+00,        -1.837429137562e-02,        -2.448703149040e-02,        +5.968945438961e+00,        -1.096655205107e+00,        +2.472380964561e+00,        +9.517929163883e-01,        -8.877897910376e-01,        +1.292275321816e+00,        +2.328405081468e+00,        +9.708252543445e-01,        +4.769851221484e-01,        -3.424106880821e+00,        -3.071411480677e-01,        -2.299653132339e+00,        +7.071067811865e+00,        +1.287800404954e-01,        +3.966791850892e-04,        +2.472380964560e+00,        +9.517929163873e-01,        +5.513158266702e+00,        -1.483276424859e-01,        +1.606012684723e+00,        -2.765302851763e+00,        +7.759348200813e-02,        +5.583550389467e-01,        -1.137215967900e+00,        -8.174058690388e-01,        -1.032919225431e-01,        -2.672437011401e+00,        +7.071067811865e+00,        -3.245404475642e-02,        -1.666596062367e-01,        -8.877897910388e-01,        +1.292275321814e+00,        +1.606012684722e+00,        -2.765302851763e+00,        +6.137889205715e+00,        -2.643910630338e+00,        +1.074548851449e+00,        +3.528783266593e-01,        +9.611442195196e-02,        +5.722852368276e-01,        +1.912911919869e+00,        +3.854266749429e-01,        +7.071067811865e+00,        -2.968263676178e-02,        -1.552822209625e-01,        +2.328405081470e+00,        +9.708252543449e-01,        +7.759348200886e-02,        +5.583550389471e-01,        +1.074548851448e+00,        +3.528783266602e-01,        +5.807486710385e+00,        -2.708492310058e+00,        +1.358810083678e+00,        -2.731647906540e+00,        -6.019085015743e-01,        +1.297880549600e+00,        +7.071067811865e+00,        +1.232750139483e-01,        +5.058699741496e-03,        +4.769851221474e-01,        -3.424106880819e+00,        -1.137215967899e+00,        -8.174058690378e-01,        +9.611442195306e-02,        +5.722852368281e-01,        +1.358810083675e+00,        -2.731647906540e+00,        +6.061447069150e+00,        +5.788464383285e-02,        +2.299006856968e+00,        +4.067135030593e-01,        +7.071067811865e+00,        -2.513474973933e-02,        -1.764563222863e-02,        -3.071411480679e-01,        -2.299653132339e+00,        -1.032919225427e-01,        -2.672437011401e+00,        +1.912911919869e+00,        +3.854266749433e-01,        -6.019085015747e-01,        +1.297880549599e+00,        +2.299006856968e+00,        +4.067135030595e-01,        +7.440130718458e+00,        -2.505659705994e-01
 1.88800000e+02,        +7.071067811865e+00,        +1.058386002262e+01,        +9.805977197654e-02,        -2.027174841168e-02,        -1.481004421690e-02,        +1.023798638690e-01,        -2.939630042342e-02,        -6.780563631566e-02,        -1.230895912186e-01,        -6.092514045074e-02,        -1.118964680905e-01,        +9.539663090517e-02,        -2.258674685310e-02,        -2.514393581343e-02,        -7.703644558178e-03,        +7.071067811865e+00,        -2.027174841165e-02,        -1.481004421674e-02,        +5.828027933785e+00,        -1.071465635489e+00,        +2.465854336656e+00,        +7.910474789598e-01,        -8.780501511999e-01,        +1.299489234259e+00,        +2.305854059395e+00,        +8.577346644441e-01,        +1.826412442260e-01,        -3.451925214295e+00,        -4.524357146546e-01,        -2.367674280936e+00,        +7.071067811865e+00,        +1.023798638688e-01,        -2.939630042343e-02,        +2.465854336655e+00,        +7.910474789590e-01,        +5.544427143018e+00,        -8.103273808505e-02,        +1.440137423890e+00,        -3.141323182848e+00,        +1.577230053077e-01,        +3.535270037223e-01,        -1.078940734763e+00,        -7.124492686835e-01,        -3.273398249064e-01,        -2.645238693936e+00,        +7.071067811865e+00,        -6.780563631575e-02,        -1.230895912186e-01,        -8.780501512005e-01,        +1.299489234259e+00,        +1.440137423890e+00,        -3.141323182849e+00,        +5.677888368495e+00,        -2.600329945969e+00,        +8.495299400820e-01,        +2.991306867909e-01,        +1.684886379475e-01,        +3.606024940035e-01,        +1.859054896121e+00,        +2.997188355962e-01,        +7.071067811865e+00,        -6.092514045076e-02,        -1.118964680906e-01,        +2.305854059396e+00,        +8.577346644440e-01,        +1.577230053081e-01,        +3.535270037222e-01,        +8.495299400828e-01,        +2.991306867906e-01,        +5.366704220406e+00,        -2.597377804454e+00,        +1.180886589315e+00,        -3.087395902268e+00,        -5.779453176814e-01,        +1.309853384803e+00,        +7.071067811865e+00,        +9.539663090526e-02,        -2.258674685296e-02,        +1.826412442261e-01,        -3.451925214294e+00,        -1.078940734762e+00,        -7.124492686826e-01,        +1.684886379469e-01,        +3.606024940036e-01,        +1.180886589314e+00,        -3.087395902267e+00,        +6.109518627407e+00,        +2.819977117127e-02,        +2.266479379252e+00,        +2.484763296270e-01,        +7.071067811865e+00,        -2.514393581355e-02,        -7.703644557900e-03,        -4.524357146549e-01,        -2.367674280935e+00,        -3.273398249060e-01,        -2.645238693937e+00,        +1.859054896122e+00,        +2.997188355956e-01,        -5.779453176821e-01,        +1.309853384803e+00,        +2.266479379252e+00,        +2.484763296263e-01,        +7.362762396088e+00,        -2.144792729686e-01
 1.90400000e+02,        +7.071067811865e+00,        +1.060039784964e+01,        -1.009979142170e+00,        -1.907621392331e-02,        -7.142853477558e-03,        +7.560890455983e-02,        -4.505285212985e-02,        -8.247283276403e-02,        -8.156605163911e-02,        -7.236959267082e-02,        -7.179969322892e-02,        +6.843306892817e-02,        -3.608995369113e-02,        -2.246288788927e-02,        -5.027797567049e-05,        +7.071067811865e+00,        -1.907621392357e-02,        -7.142853477517e-03,        +5.701324524386e+00,        -1.032355023886e+00,        +2.446019281280e+00,        +6.463813141998e-01,        -8.609699626915e-01,        +1.318950732985e+00,        +2.292638353118e+00,        +7.619816482577e-01,        -1.149459748824e-01,        -3.444996461148e+00,        -6.009720693187e-01,        -2.417322328253e+00,        +7.071067811865e+00,        +7.560890455975e-02,        -4.505285212963e-02,        +2.446019281280e+00,        +6.463813141992e-01,        +5.578431604171e+00,        -4.865967131632e-02,        +1.195436663307e+00,        -3.469765283839e+00,        +1.666781592258e-01,        +1.677887208379e-01,        -1.026715345992e+00,        -6.455981316784e-01,        -5.484203198930e-01,        -2.593470089354e+00,        +7.071067811865e+00,        -8.247283276370e-02,        -8.156605163866e-02,        -8.609699626923e-01,        +1.318950732984e+00,        +1.195436663307e+00,        -3.469765283839e+00,        +5.278540764906e+00,        -2.448810358983e+00,        +6.702116658203e-01,        +3.368622822533e-01,        +1.683435494123e-01,        +1.729335284150e-01,        +1.816170652275e+00,        +2.311853702895e-01,        +7.071067811865e+00,        -7.236959267141e-02,        -7.179969322926e-02,        +2.292638353118e+00,        +7.619816482574e-01,        +1.666781592256e-01,        +1.677887208386e-01,        +6.702116658203e-01,        +3.368622822534e-01,        +4.997704955154e+00,        -2.391554267040e+00,        +9.290514359642e-01,        -3.389158549949e+00,        -5.459239962932e-01,        +1.329352145150e+00,        +7.071067811865e+00,        +6.843306892832e-02,        -3.608995369142e-02,        -1.149459748826e-01,        -3.444996461147e+00,        -1.026715345991e+00,        -6.455981316776e-01,        +1.683435494130e-01,        +1.729335284152e-01,        +9.290514359632e-01,        -3.389158549948e+00,        +6.141111549256e+00,        -3.303494082065e-02,        +2.221187435149e+00,        +1.064140525321e-01,        +7.071067811865e+00,        -2.246288788927e-02,        -5.027797553764e-05,        -6.009720693190e-01,        -2.417322328252e+00,        -5.484203198932e-01,        -2.593470089354e+00,        +1.816170652276e+00,        +2.311853702898e-01,        -5.459239962936e-01,        +1.329352145150e+00,        +2.221187435149e+00,        +1.064140525314e-01,        +7.295504458670e+00,        -1.736660713439e-01
 1.92000000e+02,        +7.071067811865e+00,        +1.036853519154e+01,        -2.062257685769e+00,        -1.629380023952e-02,        -1.804404645501e-03,        +5.227068823162e-02,        -5.074789137411e-02,        -8.327369975387e-02,        -4.725032645242e-02,        -7.094425689739e-02,        -3.956471965229e-02,        +4.579280583840e-02,        -4.005449995099e-02,        -1.848556787479e-02,        +5.161985871060e-03,        +7.071067811865e+00,        -1.629380023972e-02,        -1.804404645384e-03,        +5.589969844383e+00,        -9.831336774059e-01,        +2.418781361054e+00,        +5.178531544717e-01,        -8.346076285312e-01,        +1.344516300422e+00,        +2.290857406863e+00,        +6.759659344111e-01,        -4.088402253156e-01,        -3.404307722848e+00,        -7.506680747188e-01,        -2.450137997320e+00,        +7.071067811865e+00,        +5.227068823118e-02,        -5.074789137384e-02,        +2.418781361053e+00,        +5.178531544713e-01,        +5.607089282096e+00,        -4.128854107368e-02,        +8.958631516166e-01,        -3.737920880115e+00,        +1.251000734927e-01,        +1.432354218111e-02,        -9.878435391712e-01,        -6.041977838012e-01,        -7.618832513671e-01,        -2.518515907073e+00,        +7.071067811865e+00,        -8.327369975352e-02,        -4.725032645219e-02,        -8.346076285322e-01,        +1.344516300422e+00,        +8.958631516150e-01,        -3.737920880115e+00,        +4.959340292340e+00,        -2.226388091424e+00,        +5.538043544128e-01,        +4.318045290056e-01,        +1.183392826760e-01,        +2.198978664216e-02,        +1.785748417277e+00,        +1.727234909864e-01,        +7.071067811865e+00,        -7.094425689743e-02,        -3.956471965237e-02,        +2.290857406864e+00,        +6.759659344104e-01,        +1.251000734939e-01,        +1.432354218003e-02,        +5.538043544126e-01,        +4.318045290059e-01,        +4.714587667370e+00,        -2.127512082422e+00,        +6.283963397968e-01,        -3.627210204158e+00,        -5.052226065135e-01,        +1.351362583653e+00,        +7.071067811865e+00,        +4.579280583826e-02,        -4.005449995098e-02,        -4.088402253152e-01,        -3.404307722846e+00,        -9.878435391697e-01,        -6.041977837994e-01,        +1.183392826766e-01,        +2.198978664324e-02,        +6.283963397947e-01,        -3.627210204157e+00,        +6.151590288013e+00,        -1.124864221882e-01,        +2.168298430834e+00,        -1.979287811635e-02,        +7.071067811865e+00,        -1.848556787471e-02,        +5.161985870915e-03,        -7.506680747190e-01,        -2.450137997320e+00,        -7.618832513667e-01,        -2.518515907072e+00,        +1.785748417278e+00,        +1.727234909862e-01,        -5.052226065145e-01,        +1.351362583653e+00,        +2.168298430833e+00,        -1.979287811763e-02,        +7.238041963749e+00,        -1.304078554447e-01
 1.93600000e+02,        +7.071067811865e+00,        +9.931641467334e+00,        -2.996100271806e+00,        -1.302785368170e-02,        +1.469904858460e-03,        +3.368801983028e-02,        -5.028874847283e-02,        -7.621534236786e-02,        -2.151297742823e-02,        -6.256411239805e-02,        -1.613388198872e-02,        +2.839949599940e-02,        -3.844076639711e-02,        -1.421106534991e-02,        +8.259457589012e-03,        +7.071067811865e+00,        -1.302785368157e-02,        +1.469904858444e-03,        +5.494251571124e+00,        -9.272771028160e-01,        +2.388582430174e+00,        +4.038848257640e-01,        -7.993385915457e-01,        +1.371511968868e+00,        +2.300177107601e+00,        +5.936882231695e-01,        -6.937842414363e-01,        -3.332403516753e+00,        -8.999866690499e-01,        -2.467508248030e+00,        +7.071067811865e+00,        +3.368801983004e-02,        -5.028874847282e-02,        +2.388582430174e+00,        +4.038848257642e-01,        +5.628161192040e+00,        -5.098510546351e-02,        +5.616683092154e-01,        -3.942995882315e+00,        +5.010169091531e-02,        -1.029685459078e-01,        -9.635235145507e-01,        -5.783171916850e-01,        -9.644495974295e-01,        -2.422764102103e+00,        +7.071067811865e+00,        -7.621534236824e-02,        -2.151297742812e-02,        -7.993385915459e-01,        +1.371511968868e+00,        +5.616683092146e-01,        -3.942995882316e+00,        +4.724335425171e+00,        -1.964799473143e+00,        +5.032687688762e-01,        +5.554011656922e-01,        +3.692244046324e-02,        -8.928410208963e-02,        +1.767211222585e+00,        +1.188296565255e-01,        +7.071067811865e+00,        -6.256411239800e-02,        -1.613388198888e-02,        +2.300177107602e+00,        +5.936882231687e-01,        +5.010169091665e-02,        -1.029685459077e-01,        +5.032687688765e-01,        +5.554011656923e-01,        +4.517918332676e+00,        -1.835203874020e+00,        +2.990224216564e-01,        -3.801035221966e+00,        -4.567517506009e-01,        +1.372346537346e+00,        +7.071067811865e+00,        +2.839949599958e-02,        -3.844076639724e-02,        -6.937842414360e-01,        -3.332403516752e+00,        -9.635235145503e-01,        -5.783171916849e-01,        +3.692244046330e-02,        -8.928410208955e-02,        +2.990224216559e-01,        -3.801035221965e+00,        +6.142028796856e+00,        -2.005018667367e-01,        +2.111533228868e+00,        -1.316448950097e-01,        +7.071067811865e+00,        -1.421106535000e-02,        +8.259457589006e-03,        -8.999866690499e-01,        -2.467508248030e+00,        -9.644495974288e-01,        -2.422764102103e+00,        +1.767211222585e+00,        +1.188296565257e-01,        -4.567517506018e-01,        +1.372346537346e+00,        +2.111533228869e+00,        -1.316448950102e-01,        +7.189693759614e+00,        -8.655724542109e-02
 1.95200000e+02,        +7.071067811865e+00,        +9.346422022380e+00,        -3.773703631452e+00,        -9.936046054120e-03,        +3.172859995098e-03,        +1.977019276509e-02,        -4.651396623948e-02,        -6.562395913080e-02,        -3.647229318313e-03,        -5.138321767303e-02,        -5.309527422060e-04,        +1.585219195054e-02,        -3.406829406691e-02,        -1.023082968575e-02,        +9.743896563411e-03,        +7.071067811865e+00,        -9.936046053978e-03,        +3.172859995255e-03,        +5.413890474518e+00,        -8.678958721367e-01,        +2.358416203889e+00,        +3.022981853128e-01,        -7.564676808213e-01,        +1.396763172000e+00,        +2.319203797024e+00,        +5.107199049472e-01,        -9.660772777107e-01,        -3.232315302584e+00,        -1.047720072527e+00,        -2.470670063506e+00,        +7.071067811865e+00,        +1.977019276507e-02,        -4.651396623954e-02,        +2.358416203888e+00,        +3.022981853127e-01,        +5.642104086753e+00,        -7.290684862005e-02,        +2.078489810678e-01,        -4.087035633492e+00,        -4.603881722963e-02,        -1.845750726419e-01,        -9.522325777399e-01,        -5.616046033207e-01,        -1.154049341544e+00,        -2.308776627493e+00,        +7.071067811865e+00,        -6.562395913065e-02,        -3.647229318125e-03,        -7.564676808213e-01,        +1.396763172000e+00,        +2.078489810678e-01,        -4.087035633493e+00,        +4.569758306849e+00,        -1.688209586733e+00,        +5.147269479760e-01,        +6.865301771042e-01,        -6.285666904955e-02,        -1.624306142098e-01,        +1.759133027629e+00,        +6.548660053478e-02,        +7.071067811865e+00,        -5.138321767334e-02,        -5.309527418771e-04,        +2.319203797024e+00,        +5.107199049465e-01,        -4.603881722853e-02,        -1.845750726422e-01,        +5.147269479766e-01,        +6.865301771032e-01,        +4.402004337751e+00,        -1.536829967457e+00,        -4.474748847652e-02,        -3.914121211992e+00,        -4.018666904623e-01,        +1.390034739618e+00,        +7.071067811865e+00,        +1.585219195069e-02,        -3.406829406727e-02,        -9.660772777108e-01,        -3.232315302584e+00,        -9.522325777398e-01,        -5.616046033210e-01,        -6.285666904967e-02,        -1.624306142107e-01,        -4.474748847668e-02,        -3.914121211992e+00,        +6.115629713830e+00,        -2.915610492456e-01,        +2.053348246527e+00,        -2.309574517976e-01,        +7.071067811865e+00,        -1.023082968566e-02,        +9.743896563519e-03,        -1.047720072527e+00,        -2.470670063505e+00,        -1.154049341543e+00,        -2.308776627493e+00,        +1.759133027630e+00,        +6.548660053446e-02,        -4.018666904629e-01,        +1.390034739618e+00,        +2.053348246527e+00,        -2.309574517971e-01,        +7.149601833371e+00,        -4.360737939304e-02
 1.96800000e+02,        +7.071067811865e+00,        +8.670563561933e+00,        -4.381539925419e+00,        -7.328458465032e-03,        +3.805127094496e-03,        +9.811994434651e-03,        -4.128291053257e-02,        -5.419997483824e-02,        +7.867779116576e-03,        -3.991994519393e-02,        +8.912492073546e-03,        +7.243465318275e-03,        -2.869704135828e-02,        -6.823701761411e-03,        +1.010927079757e-02,        +7.071067811865e+00,        -7.328458465025e-03,        +3.805127094480e-03,        +5.348196264176e+00,        -8.077777378765e-01,        +2.330180400175e+00,        +2.109224811996e-01,        -7.074789837062e-01,        +1.418149787296e+00,        +2.346212284546e+00,        +4.237440057718e-01,        -1.223144771538e+00,        -3.106968438523e+00,        -1.192881698333e+00,        -2.460760842499e+00,        +7.071067811865e+00,        +9.811994434305e-03,        -4.128291053301e-02,        +2.330180400175e+00,        +2.109224811997e-01,        +5.649935052103e+00,        -1.049258128521e-01,        -1.550825527193e-01,        -4.173534322508e+00,        -1.550367730256e-01,        -2.321880360198e-01,        -9.519199613744e-01,        -5.507099835662e-01,        -1.329437124373e+00,        -2.178852511646e+00,        +7.071067811865e+00,        -5.419997483862e-02,        +7.867779116636e-03,        -7.074789837072e-01,        +1.418149787296e+00,        -1.550825527190e-01,        -4.173534322508e+00,        +4.488949692186e+00,        -1.414431462996e+00,        +5.820823661180e-01,        +8.100276159423e-01,        -1.723083362022e-01,        -2.001295318135e-01,        +1.759867288861e+00,        +9.713423451802e-03,        +7.071067811865e+00,        -3.991994519372e-02,        +8.912492073757e-03,        +2.346212284546e+00,        +4.237440057709e-01,        -1.550367730255e-01,        -2.321880360202e-01,        +5.820823661180e-01,        +8.100276159421e-01,        +4.359299042548e+00,        -1.248553754162e+00,        -3.931279693194e-01,        -3.970743244621e+00,        -3.418540940366e-01,        +1.402943466490e+00,        +7.071067811865e+00,        +7.243465318657e-03,        -2.869704135826e-02,        -1.223144771538e+00,        -3.106968438522e+00,        -9.519199613742e-01,        -5.507099835665e-01,        -1.723083362025e-01,        -2.001295318137e-01,        -3.931279693206e-01,        -3.970743244621e+00,        +6.075529623808e+00,        -3.833844200483e-01,        +1.995321611854e+00,        -3.194103474983e-01,        +7.071067811865e+00,        -6.823701761464e-03,        +1.010927079769e-02,        -1.192881698333e+00,        -2.460760842498e+00,        -1.329437124372e+00,        -2.178852511646e+00,        +1.759867288862e+00,        +9.713423451258e-03,        -3.418540940371e-01,        +1.402943466492e+00,        +1.995321611854e+00,        -3.194103474983e-01,        +7.116817035049e+00,        -2.781379270985e-03
 1.98400000e+02,        +7.071067811865e+00,        +7.954151430899e+00,        -4.824824977307e+00,        -5.294342559974e-03,        +3.776580574842e-03,        +2.962294173037e-03,        -3.569355758430e-02,        -4.341883440081e-02,        +1.464636101725e-02,        -2.948982223345e-02,        +1.387665539590e-02,        +1.610909687380e-03,        -2.330530555773e-02,        -4.069071679576e-03,        +9.760780278243e-03,        +7.071067811865e+00,        -5.294342559683e-03,        +3.776580574727e-03,        +5.296138657193e+00,        -7.494309353931e-01,        +2.305082688159e+00,        +1.278685432436e-01,        -6.537731490913e-01,        +1.434116449305e+00,        +2.379395478220e+00,        +3.300742583654e-01,        -1.463082983951e+00,        -2.958941110202e+00,        -1.334666104473e+00,        -2.438862349759e+00,        +7.071067811865e+00,        +2.962294172934e-03,        -3.569355758419e-02,        +2.305082688158e+00,        +1.278685432438e-01,        +5.652035387024e+00,        -1.468027596456e-01,        -5.196183615304e-01,        -4.205614995231e+00,        -2.711470801903e-01,        -2.470416286806e-01,        -9.611842297141e-01,        -5.443340180589e-01,        -1.489805390942e+00,        -2.034870173890e+00,        +7.071067811865e+00,        -4.341883440078e-02,        +1.464636101747e-02,        -6.537731490921e-01,        +1.434116449305e+00,        -5.196183615313e-01,        -4.205614995231e+00,        +4.474780255219e+00,        -1.157125980401e+00,        +6.991806337799e-01,        +9.144063027266e-01,        -2.854899933767e-01,        -2.045067715350e-01,        +1.767757682208e+00,        -5.088050186861e-02,        +7.071067811865e+00,        -2.948982223320e-02,        +1.387665539578e-02,        +2.379395478220e+00,        +3.300742583646e-01,        -2.711470801895e-01,        -2.470416286805e-01,        +6.991806337794e-01,        +9.144063027277e-01,        +4.382385104502e+00,        -9.828681368646e-01,        -7.391612734747e-01,        -3.974384771902e+00,        -2.778110107629e-01,        +1.409926789708e+00,        +7.071067811865e+00,        +1.610909687548e-03,        -2.330530555773e-02,        -1.463082983951e+00,        -2.958941110200e+00,        -9.611842297142e-01,        -5.443340180581e-01,        -2.854899933769e-01,        -2.045067715342e-01,        -7.391612734757e-01,        -3.974384771902e+00,        +6.023699256088e+00,        -4.757700721400e-01,        +1.938528245724e+00,        -3.983786971877e-01,        +7.071067811865e+00,        -4.069071679265e-03,        +9.760780278318e-03,        -1.334666104473e+00,        -2.438862349759e+00,        -1.489805390942e+00,        -2.034870173891e+00,        +1.767757682208e+00,        -5.088050186888e-02,        -2.778110107633e-01,        +1.409926789708e+00,        +1.938528245724e+00,        -3.983786971881e-01,        +7.090322688628e+00,        +3.489791641380e-02
 2.00000000e+02,        +7.071067811865e+00,        +7.235721457480e+00,        -5.120417713578e+00,        -3.806108398920e-03,        +3.384017644383e-03,        -1.553201024082e-03,        -3.033100688802e-02,        -3.396105429035e-02,        +1.807602109194e-02,        -2.064573636268e-02,        +1.576543799169e-02,        -1.867649936634e-03,        -1.836947379882e-02,        -1.938642572825e-03,        +8.997238551895e-03,        +7.071067811865e+00,        -3.806108398842e-03,        +3.384017644378e-03,        +5.256369881460e+00,        -6.951051670161e-01,        +2.284000756989e+00,        +5.159356906065e-02,        -5.967018097237e-01,        +1.443295620693e+00,        +2.416826114392e+00,        +2.272949896795e-01,        -1.684270908161e+00,        -2.790438775324e+00,        -1.472446001433e+00,        -2.406023872645e+00,        +7.071067811865e+00,        -1.553201024072e-03,        -3.033100688816e-02,        +2.284000756988e+00,        +5.159356906007e-02,        +5.647536901896e+00,        -1.993397849723e-01,        -8.797460528434e-01,        -4.185255149592e+00,        -3.897160772614e-01,        -2.292363629240e-01,        -9.798445679297e-01,        -5.423112433769e-01,        -1.634459964754e+00,        -1.878295020708e+00,        +7.071067811865e+00,        -3.396105429011e-02,        +1.807602109163e-02,        -5.967018097245e-01,        +1.443295620693e+00,        -8.797460528435e-01,        -4.185255149591e+00,        +4.520379940909e+00,        -9.278888585000e-01,        +8.603449266901e-01,        +9.897686087689e-01,        -3.976608566501e-01,        -1.764992984180e-01,        +1.781103679355e+00,        -1.184277042380e-01,        +7.071067811865e+00,        -2.064573636243e-02,        +1.576543799209e-02,        +2.416826114392e+00,        +2.272949896796e-01,        -3.897160772609e-01,        -2.292363629242e-01,        +8.603449266906e-01,        +9.897686087691e-01,        +4.464386874197e+00,        -7.507010507225e-01,        -1.077122456976e+00,        -3.927180314894e+00,        -2.107466079390e-01,        +1.409856241832e+00,        +7.071067811865e+00,        -1.867649936927e-03,        -1.836947379887e-02,        -1.684270908161e+00,        -2.790438775323e+00,        -9.798445679295e-01,        -5.423112433764e-01,        -3.976608566494e-01,        -1.764992984173e-01,        -1.077122456976e+00,        -3.927180314894e+00,        +5.960473446848e+00,        -5.695389173414e-01,        +1.883847029493e+00,        -4.689251042008e-01,        +7.071067811865e+00,        -1.938642572695e-03,        +8.997238551905e-03,        -1.472446001433e+00,        -2.406023872645e+00,        -1.634459964753e+00,        -1.878295020707e+00,        +1.781103679355e+00,        -1.184277042383e-01,        -2.107466079398e-01,        +1.409856241832e+00,        +1.883847029493e+00,        -4.689251042006e-01,        +7.069025341629e+00,        +6.856609778991e-02
 2.01600000e+02,        +7.071067811865e+00,        +6.541928112854e+00,        -5.290547637772e+00,        -2.788057681861e-03,        +2.825506873005e-03,        -4.355316141583e-03,        -2.546981998613e-02,        -2.605018445328e-02,        +1.923087385071e-02,        -1.351535149906e-02,        +1.564230364473e-02,        -3.822723999353e-03,        -1.407804973197e-02,        -3.577429569880e-04,        +8.024079831211e-03,        +7.071067811865e+00,        -2.788057681984e-03,        +2.825506873075e-03,        +5.227220376226e+00,        -6.467827933020e-01,        +2.267779864566e+00,        -1.916951624638e-02,        -5.377770647758e-01,        +1.444284076084e+00,        +2.456248236660e+00,        +1.130567420051e-01,        -1.885061155916e+00,        -2.603406043129e+00,        -1.605789859251e+00,        -2.363261260147e+00,        +7.071067811865e+00,        -4.355316141506e-03,        -2.546981998624e-02,        +2.267779864566e+00,        -1.916951624664e-02,        +5.634010203393e+00,        -2.635830168839e-01,        -1.229575314122e+00,        -4.113168780066e+00,        -5.058677401589e-01,        -1.776768068285e-01,        -1.009202986910e+00,        -5.447769220160e-01,        -1.762559196457e+00,        -1.710290396071e+00,        +7.071067811865e+00,        -2.605018445315e-02,        +1.923087385059e-02,        -5.377770647766e-01,        +1.444284076084e+00,        -1.229575314123e+00,        -4.113168780065e+00,        +4.618788060396e+00,        -7.378818850533e-01,        +1.059881263986e+00,        +1.026205314936e+00,        -5.039336404397e-01,        -1.158625184718e-01,        +1.797982277315e+00,        -1.950000764976e-01,        +7.071067811865e+00,        -1.351535149924e-02,        +1.564230364490e-02,        +2.456248236660e+00,        +1.130567420047e-01,        -5.058677401595e-01,        -1.776768068294e-01,        +1.059881263987e+00,        +1.026205314938e+00,        +4.598387968346e+00,        -5.630120755723e-01,        -1.401135280745e+00,        -3.829978848692e+00,        -1.418122731255e-01,        +1.401440043547e+00,        +7.071067811865e+00,        -3.822723999648e-03,        -1.407804973185e-02,        -1.885061155915e+00,        -2.603406043129e+00,        -1.009202986909e+00,        -5.447769220165e-01,        -5.039336404396e-01,        -1.158625184706e-01,        -1.401135280744e+00,        -3.829978848691e+00,        +5.884396688735e+00,        -6.656104749296e-01,        +1.832203474978e+00,        -5.318910953461e-01,        +7.071067811865e+00,        -3.577429570073e-04,        +8.024079830956e-03,        -1.605789859251e+00,        -2.363261260147e+00,        -1.762559196457e+00,        -1.710290396071e+00,        +1.797982277315e+00,        -1.950000764978e-01,        -1.418122731260e-01,        +1.401440043547e+00,        +1.832203474978e+00,        -5.318910953465e-01,        +7.051727726733e+00,        +9.750364838017e-02
 2.03200000e+02,        +7.071067811865e+00,        +5.889240334435e+00,        -5.358371911567e+00,        -2.154761425096e-03,        +2.226465551746e-03,        -5.908169183498e-03,        -2.121556942040e-02,        -1.967918065503e-02,        +1.889708444978e-02,        -8.022663598594e-03,        +1.427011801187e-02,        -4.708520220311e-03,        -1.047411325498e-02,        +7.594962990910e-04,        +6.976522800100e-03,        +7.071067811865e+00,        -2.154761425086e-03,        +2.226465551978e-03,        +5.206682145249e+00,        -6.061326408617e-01,        +2.257466613275e+00,        -8.559581995689e-02,        -4.789922666336e-01,        +1.435596339241e+00,        +2.494758511223e+00,        -1.494872651562e-02,        -2.063550192063e+00,        -2.399751700810e+00,        -1.734490462339e+00,        -2.311526369430e+00,        +7.071067811865e+00,        -5.908169183342e-03,        -2.121556942041e-02,        +2.257466613275e+00,        -8.559581995739e-02,        +5.607331425157e+00,        -3.399943005777e-01,        -1.562085765480e+00,        -3.989197038654e+00,        -6.132954715851e-01,        -9.049712844117e-02,        -1.052119915315e+00,        -5.513253927689e-01,        -1.872910193126e+00,        -1.531917251711e+00,        +7.071067811865e+00,        -1.967918065483e-02,        +1.889708444975e-02,        -4.789922666340e-01,        +1.435596339240e+00,        -1.562085765481e+00,        -3.989197038654e+00,        +4.761827314694e+00,        -5.988832197388e-01,        +1.290831976940e+00,        +1.012787982037e+00,        -5.980931835172e-01,        -2.166959219628e-02,        +1.815973609939e+00,        -2.826570810944e-01,        +7.071067811865e+00,        -8.022663598631e-03,        +1.427011801201e-02,        +2.494758511223e+00,        -1.494872651607e-02,        -6.132954715858e-01,        -9.049712844129e-02,        +1.290831976940e+00,        +1.012787982038e+00,        +4.776108596826e+00,        -4.317851886936e-01,        -1.703956063619e+00,        -3.682894912128e+00,        -7.261850059180e-02,        +1.383194062168e+00,        +7.071067811865e+00,        -4.708520220437e-03,        -1.047411325474e-02,        -2.063550192064e+00,        -2.399751700810e+00,        -1.052119915314e+00,        -5.513253927688e-01,        -5.980931835175e-01,        -2.166959219465e-02,        -1.703956063620e+00,        -3.682894912127e+00,        +5.792263015862e+00,        -7.641029669538e-01,        +1.784754934585e+00,        -5.880742139252e-01,        +7.071067811865e+00,        +7.594962992015e-04,        +6.976522800094e-03,        -1.734490462339e+00,        -2.311526369430e+00,        -1.872910193126e+00,        -1.531917251711e+00,        +1.815973609939e+00,        -2.826570810946e-01,        -7.261850059139e-02,        +1.383194062168e+00,        +1.784754934585e+00,        -5.880742139257e-01,        +7.037092616285e+00,        +1.211541513737e-01
 2.04800000e+02,        +7.071067811865e+00,        +5.286349914224e+00,        -5.345367153275e+00,        -1.828357743052e-03,        +1.665158301821e-03,        -6.546727663368e-03,        -1.759503696893e-02,        -1.474456729637e-02,        +1.763923007638e-02,        -4.016302212736e-03,        +1.218619619773e-02,        -4.842522591897e-03,        -7.541619932705e-03,        +1.493404379700e-03,        +5.942577928435e-03,        +7.071067811865e+00,        -1.828357742992e-03,        +1.665158302017e-03,        +5.192398259955e+00,        -5.744144986595e-01,        +2.254453429332e+00,        -1.490749247391e-01,        -4.232029422030e-01,        +1.415847086367e+00,        +2.528427622504e+00,        -1.587785551550e-01,        -2.217455231543e+00,        -2.181692504911e+00,        -1.858591264438e+00,        -2.251636044814e+00,        +7.071067811865e+00,        -6.546727663219e-03,        -1.759503696891e-02,        +2.254453429332e+00,        -1.490749247389e-01,        +5.561768172750e+00,        -4.274758234170e-01,        -1.868015918429e+00,        -3.813266637249e+00,        -7.031787412535e-01,        +3.394468963808e-02,        -1.112855813892e+00,        -5.600467314404e-01,        -1.963839880529e+00,        -1.344436650107e+00,        +7.071067811865e+00,        -1.474456729623e-02,        +1.763923007651e-02,        -4.232029422035e-01,        +1.415847086367e+00,        -1.868015918429e+00,        -3.813266637248e+00,        +4.938329069884e+00,        -5.235460984624e-01,        +1.543085351744e+00,        +9.373703566039e-01,        -6.716045744742e-01,        +1.066410018924e-01,        +1.831826625459e+00,        -3.832997138327e-01,        +7.071067811865e+00,        -4.016302212940e-03,        +1.218619619784e-02,        +2.528427622504e+00,        -1.587785551559e-01,        -7.031787412539e-01,        +3.394468963804e-02,        +1.543085351744e+00,        +9.373703566052e-01,        +4.985933473954e+00,        -3.701935061730e-01,        -1.975949058449e+00,        -3.486420741020e+00,        -5.606103666857e-03,        +1.353611074956e+00,        +7.071067811865e+00,        -4.842522591785e-03,        -7.541619932698e-03,        -2.217455231543e+00,        -2.181692504911e+00,        -1.112855813892e+00,        -5.600467314408e-01,        -6.716045744751e-01,        +1.066410018928e-01,        -1.975949058449e+00,        -3.486420741019e+00,        +5.679404079812e+00,        -8.633459578041e-01,        +1.742998625514e+00,        -6.385037379716e-01,        +7.071067811865e+00,        +1.493404379703e-03,        +5.942577928464e-03,        -1.858591264438e+00,        -2.251636044813e+00,        -1.963839880529e+00,        -1.344436650107e+00,        +1.831826625458e+00,        -3.832997138325e-01,        -5.606103667283e-03,        +1.353611074956e+00,        +1.742998625514e+00,        -6.385037379715e-01,        +7.023609034530e+00,        +1.391831638599e-01
 2.06400000e+02,        +7.071067811865e+00,        +4.736503971070e+00,        -5.270118002709e+00,        -1.742758683746e-03,        +1.192875936772e-03,        -6.514236326766e-03,        -1.460902707111e-02,        -1.111441345299e-02,        +1.587223984009e-02,        -1.331939618648e-03,        +9.779207747668e-03,        -4.449818584731e-03,        -5.252800057050e-03,        +1.913799018589e-03,        +4.981746369099e-03,        +7.071067811865e+00,        -1.742758683590e-03,        +1.192875936861e-03,        +5.181693122985e+00,        -5.523237952912e-01,        +2.260456820788e+00,        -2.116478562192e-01,        -3.744676279886e-01,        +1.384247746833e+00,        +2.551965418856e+00,        -3.197037209746e-01,        -2.344176123550e+00,        -1.952214926227e+00,        -1.978382976356e+00,        -2.184149204256e+00,        +7.071067811865e+00,        -6.514236326644e-03,        -1.460902707101e-02,        +2.260456820789e+00,        -2.116478562191e-01,        +5.490495530440e+00,        -5.221980159818e-01,        -2.135111335260e+00,        -3.587091042111e+00,        -7.634554503992e-01,        +1.953098897664e-01,        -1.196466357624e+00,        -5.664102581908e-01,        -2.033205992479e+00,        -1.149729604689e+00,        +7.071067811865e+00,        -1.111441345295e-02,        +1.587223983988e-02,        -3.744676279886e-01,        +1.384247746832e+00,        -2.135111335261e+00,        -3.587091042110e+00,        +5.131906232924e+00,        -5.244235386519e-01,        +1.801032379677e+00,        +7.876627076208e-01,        -7.130427656959e-01,        +2.675143627149e-01,        +1.841143565713e+00,        -4.982505422246e-01,        +7.071067811865e+00,        -1.331939618791e-03,        +9.779207747524e-03,        +2.551965418856e+00,        -3.197037209750e-01,        -7.634554503994e-01,        +1.953098897654e-01,        +1.801032379677e+00,        +7.876627076213e-01,        +5.210478670200e+00,        -3.914478277318e-01,        -2.204499045126e+00,        -3.243268522199e+00,        +5.560715913852e-02,        +1.311611985374e+00,        +7.071067811865e+00,        -4.449818584826e-03,        -5.252800056887e-03,        -2.344176123549e+00,        -1.952214926226e+00,        -1.196466357623e+00,        -5.664102581916e-01,        -7.130427656957e-01,        +2.675143627156e-01,        -2.204499045126e+00,        -3.243268522197e+00,        +5.540438551232e+00,        -9.587912243447e-01,        +1.708735537933e+00,        -6.848240125456e-01,        +7.071067811865e+00,        +1.913799018716e-03,        +4.981746368949e-03,        -1.978382976357e+00,        -2.184149204256e+00,        -2.033205992479e+00,        -1.149729604689e+00,        +1.841143565713e+00,        -4.982505422248e-01,        +5.560715913832e-02,        +1.311611985375e+00,        +1.708735537933e+00,        -6.848240125459e-01,        +7.009584834335e+00,        +1.515881904424e-01
 2.08000000e+02,        +7.071067811865e+00,        +4.239417391390e+00,        -5.147998234966e+00,        -1.840216748277e-03,        +8.473503642126e-04,        -6.000695207308e-03,        -1.225823030669e-02,        -8.650715290099e-03,        +1.392266721498e-02,        +1.902561009991e-04,        +7.353042573128e-03,        -3.704802258659e-03,        -3.588616606314e-03,        +2.082161234624e-03,        +4.138006453446e-03,        +7.071067811865e+00,        -1.840216748176e-03,        +8.473503642746e-04,        +5.171702314669e+00,        -5.397868255282e-01,        +2.277191861529e+00,        -2.765201216738e-01,        -3.381289176801e-01,        +1.341483541910e+00,        +2.558659397654e+00,        -4.972790870438e-01,        -2.441175116676e+00,        -1.715586166279e+00,        -2.094320185743e+00,        -2.109196708755e+00,        +7.071067811865e+00,        -6.000695207306e-03,        -1.225823030680e-02,        +2.277191861529e+00,        -2.765201216738e-01,        +5.386895703047e+00,        -6.164011569958e-01,        -2.348294433501e+00,        -3.316700211637e+00,        -7.790412493717e-01,        +3.886639799437e-01,        -1.307415834870e+00,        -5.621961685379e-01,        -2.078670825085e+00,        -9.507971828043e-01,        +7.071067811865e+00,        -8.650715290263e-03,        +1.392266721507e-02,        -3.381289176806e-01,        +1.341483541909e+00,        -2.348294433502e+00,        -3.316700211636e+00,        +5.318904759971e+00,        -6.111319058252e-01,        +2.041422591908e+00,        +5.542365293665e-01,        -7.085117755802e-01,        +4.547895924849e-01,        +1.838268567043e+00,        -6.274882624595e-01,        +7.071067811865e+00,        +1.902561010408e-04,        +7.353042573285e-03,        +2.558659397654e+00,        -4.972790870439e-01,        -7.790412493720e-01,        +3.886639799434e-01,        +2.041422591908e+00,        +5.542365293672e-01,        +5.424374047330e+00,        -5.056392831106e-01,        -2.374457844073e+00,        -2.960981103214e+00,        +1.060959757779e-01,        +1.257354224869e+00,        +7.071067811865e+00,        -3.704802258674e-03,        -3.588616606582e-03,        -2.441175116676e+00,        -1.715586166278e+00,        -1.307415834870e+00,        -5.621961685381e-01,        -7.085117755797e-01,        +4.547895924849e-01,        -2.374457844072e+00,        -2.960981103214e+00,        +5.370798153434e+00,        -1.042051967664e+00,        +1.683770534339e+00,        -7.297375962616e-01,        +7.071067811865e+00,        +2.082161234521e-03,        +4.138006453504e-03,        -2.094320185743e+00,        -2.109196708755e+00,        -2.078670825085e+00,        -9.507971828041e-01,        +1.838268567043e+00,        -6.274882624588e-01,        +1.060959757773e-01,        +1.257354224870e+00,        +1.683770534338e+00,        -7.297375962623e-01,        +6.993210251511e+00,        +1.588575560048e-01
 2.09600000e+02,        +7.071067811865e+00,        +3.792692941565e+00,        -4.991340514729e+00,        -2.064117828815e-03,        +6.587227726110e-04,        -5.177628851125e-03,        -1.054728066690e-02,        -7.200803007565e-03,        +1.206965143731e-02,        +7.185456965395e-04,        +5.168676861545e-03,        -2.766440281055e-03,        -2.538144114485e-03,        +2.057640763214e-03,        +3.446328994706e-03,        +7.071067811865e+00,        -2.064117829016e-03,        +6.587227725416e-04,        +5.159672985909e+00,        -5.357733013649e-01,        +2.305595231125e+00,        -3.484436128694e-01,        -3.202655303700e-01,        +1.290871187406e+00,        +2.540972427891e+00,        -6.881231950932e-01,        -2.506803122509e+00,        -1.477692262390e+00,        -2.206793441432e+00,        -2.026316513545e+00,        +7.071067811865e+00,        -5.177628851113e-03,        -1.054728066695e-02,        +2.305595231125e+00,        -3.484436128695e-01,        +5.246952502000e+00,        -6.977673149664e-01,        -2.491659982472e+00,        -3.015378813037e+00,        -7.339424362266e-01,        +6.014404496127e-01,        -1.447154579046e+00,        -5.350977860892e-01,        -2.098379410768e+00,        -7.521707129467e-01,        +7.071067811865e+00,        -7.200803007776e-03,        +1.206965143714e-02,        -3.202655303708e-01,        +1.290871187406e+00,        -2.491659982472e+00,        -3.015378813037e+00,        +5.467998690895e+00,        -7.852957066401e-01,        +2.232945236283e+00,        +2.358334751391e-01,        -6.439161443491e-01,        +6.549729433897e-01,        +1.816707000815e+00,        -7.686000251919e-01,        +7.071067811865e+00,        +7.185456963336e-04,        +5.168676861324e-03,        +2.540972427891e+00,        -6.881231950934e-01,        -7.339424362273e-01,        +6.014404496124e-01,        +2.232945236284e+00,        +2.358334751395e-01,        +5.593853964417e+00,        -7.141855355564e-01,        -2.470527227917e+00,        -2.654786457471e+00,        +1.400523881551e-01,        +1.193331554213e+00,        +7.071067811865e+00,        -2.766440281154e-03,        -2.538144114578e-03,        -2.506803122508e+00,        -1.477692262390e+00,        -1.447154579046e+00,        -5.350977860897e-01,        -6.439161443489e-01,        +6.549729433905e-01,        -2.470527227915e+00,        -2.654786457470e+00,        +5.169226146838e+00,        -1.100713971209e+00,        +1.669222537893e+00,        -7.773259715975e-01,        +7.071067811865e+00,        +2.057640763163e-03,        +3.446328994539e-03,        -2.206793441432e+00,        -2.026316513545e+00,        -2.098379410768e+00,        -7.521707129472e-01,        +1.816707000815e+00,        -7.686000251922e-01,        +1.400523881548e-01,        +1.193331554213e+00,        +1.669222537893e+00,        -7.773259715983e-01,        +6.972752366815e+00,        +1.621352072999e-01
 2.11200000e+02,        +7.071067811865e+00,        +3.392805052253e+00,        -4.809825230084e+00,        -2.352040812630e-03,        +6.476505399136e-04,        -4.222443986927e-03,        -9.469580029634e-03,        -6.572354086120e-03,        +1.055669540673e-02,        +4.582692245593e-04,        +3.455334091750e-03,        -1.800992563967e-03,        -2.080109429397e-03,        +1.903386985975e-03,        +2.932147143699e-03,        +7.071067811865e+00,        -2.352040812551e-03,        +6.476505399203e-04,        +5.143457511310e+00,        -5.382799967659e-01,        +2.344614021957e+00,        -4.335535330504e-01,        -3.261438644206e-01,        +1.239307649586e+00,        +2.492187316330e+00,        -8.849202331771e-01,        -2.541517154949e+00,        -1.245790045820e+00,        -2.315728373206e+00,        -1.934424838524e+00,        +7.071067811865e+00,        -4.222443987363e-03,        -9.469580029717e-03,        +2.344614021957e+00,        -4.335535330503e-01,        +5.072518341970e+00,        -7.504406183599e-01,        -2.553040039046e+00,        -2.705558127554e+00,        -6.160387409936e-01,        +8.115019043810e-01,        -1.610982650149e+00,        -4.700476448094e-01,        -2.092053533659e+00,        -5.598712734875e-01,        +7.071067811865e+00,        -6.572354086142e-03,        +1.055669540703e-02,        -3.261438644213e-01,        +1.239307649585e+00,        -2.553040039045e+00,        -2.705558127553e+00,        +5.543659991146e+00,        -1.034247917222e+00,        +2.339861814805e+00,        -1.540412950480e-01,        -5.096919711721e-01,        +8.457923321500e-01,        +1.770429215008e+00,        -9.158536200453e-01,        +7.071067811865e+00,        +4.582692249969e-04,        +3.455334091924e-03,        +2.492187316329e+00,        -8.849202331775e-01,        -6.160387409950e-01,        +8.115019043806e-01,        +2.339861814806e+00,        -1.540412950471e-01,        +5.680582956363e+00,        -1.002948819225e+00,        -2.482210834680e+00,        -2.349107722092e+00,        +1.521337465440e-01,        +1.125345520775e+00,        +7.071067811865e+00,        -1.800992564005e-03,        -2.080109429366e-03,        -2.541517154948e+00,        -1.245790045820e+00,        -1.610982650149e+00,        -4.700476448104e-01,        -5.096919711722e-01,        +8.457923321499e-01,        -2.482210834678e+00,        -2.349107722090e+00,        +4.940829273312e+00,        -1.119939255803e+00,        +1.664466258365e+00,        -8.328875171213e-01,        +7.071067811865e+00,        +1.903386985975e-03,        +2.932147143853e-03,        -2.315728373206e+00,        -1.934424838524e+00,        -2.092053533658e+00,        -5.598712734882e-01,        +1.770429215009e+00,        -9.158536200452e-01,        +1.521337465438e-01,        +1.125345520776e+00,        +1.664466258365e+00,        -8.328875171218e-01,        +6.946913673422e+00,        +1.632780992088e-01
 2.12800000e+02,        +7.071067811865e+00,        +3.035744139711e+00,        -4.610930631796e+00,        -2.634223181590e-03,        +8.170860310003e-04,        -3.322159199331e-03,        -8.979625413065e-03,        -6.513534223918e-03,        +9.569922038897e-03,        -3.258245391459e-04,        +2.386692641787e-03,        -9.828357328364e-04,        -2.154211563636e-03,        +1.688615765518e-03,        +2.604820949192e-03,        +7.071067811865e+00,        -2.634223181613e-03,        +8.170860309234e-04,        +5.122064980647e+00,        -5.446819198564e-01,        +2.390013207267e+00,        -5.382072938697e-01,        -3.577591769505e-01,        +1.197068655303e+00,        +2.409002425961e+00,        -1.076627880555e+00,        -2.548994938934e+00,        -1.027260802821e+00,        -2.420117739063e+00,        -1.832100774151e+00,        +7.071067811865e+00,        -3.322159199416e-03,        -8.979625413002e-03,        +2.390013207268e+00,        -5.382072938697e-01,        +4.874057610309e+00,        -7.586835368496e-01,        -2.530460057038e+00,        -2.417220951978e+00,        -4.238241565969e-01,        +9.888448966951e-01,        -1.785684170681e+00,        -3.531216941447e-01,        -2.062136711599e+00,        -3.804956013935e-01,        +7.071067811865e+00,        -6.513534224009e-03,        +9.569922038732e-03,        -3.577591769503e-01,        +1.197068655303e+00,        -2.530460057039e+00,        -2.417220951979e+00,        +5.515023669241e+00,        -1.326911814989e+00,        +2.331269221488e+00,        -5.828212149452e-01,        -3.070952196249e-01,        +9.984037806129e-01,        +1.696039756390e+00,        -1.060213458251e+00,        +7.071067811865e+00,        -3.258245390289e-04,        +2.386692641610e-03,        +2.409002425960e+00,        -1.076627880555e+00,        -4.238241565969e-01,        +9.888448966937e-01,        +2.331269221488e+00,        -5.828212149460e-01,        +5.651357989940e+00,        -1.337767678722e+00,        -2.410388001205e+00,        -2.075253504951e+00,        +1.397115266031e-01,        +1.062489022500e+00,        +7.071067811865e+00,        -9.828357328912e-04,        -2.154211563338e-03,        -2.548994938933e+00,        -1.027260802821e+00,        -1.785684170681e+00,        -3.531216941445e-01,        -3.070952196242e-01,        +9.984037806143e-01,        -2.410388001204e+00,        -2.075253504950e+00,        +4.699123045732e+00,        -1.086577176093e+00,        +1.666107924936e+00,        -9.019055038269e-01,        +7.071067811865e+00,        +1.688615765485e-03,        +2.604820949218e-03,        -2.420117739063e+00,        -1.832100774151e+00,        -2.062136711599e+00,        -3.804956013933e-01,        +1.696039756390e+00,        -1.060213458250e+00,        +1.397115266028e-01,        +1.062489022501e+00,        +1.666107924936e+00,        -9.019055038272e-01,        +6.915273850511e+00,        +1.646437232117e-01
 2.14400000e+02,        +7.071067811865e+00,        +2.717416639496e+00,        -4.400363003977e+00,        -2.841534308322e-03,        +1.143554389584e-03,        -2.649924686290e-03,        -8.969902460846e-03,        -6.724221783840e-03,        +9.195203448750e-03,        -1.320347915443e-03,        +2.035231120034e-03,        -4.685267320340e-04,        -2.639775280278e-03,        +1.482457056499e-03,        +2.449931194030e-03,        +7.071067811865e+00,        -2.841534308241e-03,        +1.143554389631e-03,        +5.095928190462e+00,        -5.524999833985e-01,        +2.434132148624e+00,        -6.668581326126e-01,        -4.115557737407e-01,        +1.175623553785e+00,        +2.293938686234e+00,        -1.250760129544e+00,        -2.536220836899e+00,        -8.274822887459e-01,        -2.517780856501e+00,        -1.718246361630e+00,        +7.071067811865e+00,        -2.649924686188e-03,        -8.969902460713e-03,        +2.434132148625e+00,        -6.668581326126e-01,        +4.670427197654e+00,        -7.126559454408e-01,        -2.437217757574e+00,        -2.181120498643e+00,        -1.716896039700e-01,        +1.102714585058e+00,        -1.950317767203e+00,        -1.772819228509e-01,        -2.014179449054e+00,        -2.193972522074e-01,        +7.071067811865e+00,        -6.724221783705e-03,        +9.195203448806e-03,        -4.115557737412e-01,        +1.175623553785e+00,        -2.437217757576e+00,        -2.181120498642e+00,        +5.368016108634e+00,        -1.616862477121e+00,        +2.193754428651e+00,        -1.002090370637e+00,        -5.262999057013e-02,        +1.084640561573e+00,        +1.594918030994e+00,        -1.191093716272e+00,        +7.071067811865e+00,        -1.320347915584e-03,        +2.035231120215e-03,        +2.293938686233e+00,        -1.250760129544e+00,        -1.716896039714e-01,        +1.102714585057e+00,        +2.193754428650e+00,        -1.002090370636e+00,        +5.491336779959e+00,        -1.667844059321e+00,        -2.271936753586e+00,        -1.863842055277e+00,        +1.050851105935e-01,        +1.015316327409e+00,        +7.071067811865e+00,        -4.685267322167e-04,        -2.639775280433e-03,        -2.536220836899e+00,        -8.274822887455e-01,        -1.950317767203e+00,        -1.772819228521e-01,        -5.262999056918e-02,        +1.084640561573e+00,        -2.271936753585e+00,        -1.863842055275e+00,        +4.464758739240e+00,        -9.948245577513e-01,        +1.667805745548e+00,        -9.881909905999e-01,        +7.071067811865e+00,        +1.482457056514e-03,        +2.449931193969e-03,        -2.517780856501e+00,        -1.718246361630e+00,        -2.014179449054e+00,        -2.193972522076e-01,        +1.594918030994e+00,        -1.191093716271e+00,        +1.050851105937e-01,        +1.015316327410e+00,        +1.667805745548e+00,        -9.881909906001e-01,        +6.878562354437e+00,        +1.685336935358e-01
 2.16000000e+02,        +7.071067811865e+00,        +2.433878516389e+00,        -4.182431980377e+00,        -2.920991191379e-03,        +1.576687354854e-03,        -2.324450782840e-03,        -9.274238341381e-03,        -6.908877076405e-03,        +9.388389494253e-03,        -2.217893668746e-03,        +2.340504485930e-03,        -3.562913033509e-04,        -3.362567018395e-03,        +1.340721987341e-03,        +2.428162820309e-03,        +7.071067811865e+00,        -2.920991191383e-03,        +1.576687354964e-03,        +5.066545632585e+00,        -5.602691035193e-01,        +2.467345867270e+00,        -8.199611998267e-01,        -4.781186338375e-01,        +1.183896654451e+00,        +2.155686355957e+00,        -1.397292909065e+00,        -2.511880290557e+00,        -6.478823036224e-01,        -2.605665640636e+00,        -1.592866737392e+00,        +7.071067811865e+00,        -2.324450782937e-03,        -9.274238341342e-03,        +2.467345867270e+00,        -8.199611998274e-01,        +4.484157333091e+00,        -6.133333419731e-01,        -2.301038830281e+00,        -2.018777266379e+00,        +1.109952546712e-01,        +1.132066328343e+00,        -2.081418957731e+00,        +5.316314623050e-02,        -1.955744611785e+00,        -7.878113426293e-02,        +7.071067811865e+00,        -6.908877076352e-03,        +9.388389494449e-03,        -4.781186338382e-01,        +1.183896654451e+00,        -2.301038830283e+00,        -2.018777266379e+00,        +5.113732070483e+00,        -1.854580838005e+00,        +1.940108465051e+00,        -1.360390980333e+00,        +2.237353842440e-01,        +1.086923364868e+00,        +1.473745719812e+00,        -1.299588564692e+00,        +7.071067811865e+00,        -2.217893668829e-03,        +2.340504486092e-03,        +2.155686355957e+00,        -1.397292909065e+00,        +1.109952546693e-01,        +1.132066328342e+00,        +1.940108465049e+00,        -1.360390980333e+00,        +5.213128082696e+00,        -1.939147811900e+00,        -2.097864501235e+00,        -1.734455780563e+00,        +5.600589977928e-02,        +9.924758382103e-01,        +7.071067811865e+00,        -3.562913033468e-04,        -3.362567018588e-03,        -2.511880290556e+00,        -6.478823036218e-01,        -2.081418957730e+00,        +5.316314623126e-02,        +2.237353842451e-01,        +1.086923364867e+00,        -2.097864501234e+00,        -1.734455780563e+00,        +4.259967523129e+00,        -8.502061041197e-01,        +1.661576502018e+00,        -1.092084335872e+00,        +7.071067811865e+00,        +1.340721987409e-03,        +2.428162820386e-03,        -2.605665640635e+00,        -1.592866737392e+00,        -1.955744611785e+00,        -7.878113426392e-02,        +1.473745719812e+00,        -1.299588564692e+00,        +5.600589977946e-02,        +9.924758382119e-01,        +1.661576502018e+00,        -1.092084335872e+00,        +6.838470982551e+00,        +1.764938962110e-01
 2.17600000e+02,        +7.071067811865e+00,        +2.181459988413e+00,        -3.960361625780e+00,        -2.849184113240e-03,        +2.051299298500e-03,        -2.380276652271e-03,        -9.704187860233e-03,        -6.846382335088e-03,        +9.992328696780e-03,        -2.789519029069e-03,        +3.126478318229e-03,        -6.594370633134e-04,        -4.133682332963e-03,        +1.293678307644e-03,        +2.485133047961e-03,        +7.071067811865e+00,        -2.849184113150e-03,        +2.051299298529e-03,        +5.035565582722e+00,        -5.679413886264e-01,        +2.480792080134e+00,        -9.933817033578e-01,        -5.447078829943e-01,        +1.225059330705e+00,        +2.006485245162e+00,        -1.512014462021e+00,        -2.483634920372e+00,        -4.855972716819e-01,        -2.680669289903e+00,        -1.457472709867e+00,        +7.071067811865e+00,        -2.380276652191e-03,        -9.704187860191e-03,        +2.480792080134e+00,        -9.933817033580e-01,        +4.334070024625e+00,        -4.728822184044e-01,        -2.155960086211e+00,        -1.935168466465e+00,        +3.883957094404e-01,        +1.073191758654e+00,        -2.160438953716e+00,        +3.228845216709e-01,        -1.894120635387e+00,        +4.298527278096e-02,        +7.071067811865e+00,        -6.846382335231e-03,        +9.992328696876e-03,        -5.447078829945e-01,        +1.225059330705e+00,        -2.155960086210e+00,        -1.935168466465e+00,        +4.785997919619e+00,        -2.003420124815e+00,        +1.606734483926e+00,        -1.619884475364e+00,        +4.873613525404e-01,        +1.004804937882e+00,        +1.342532080453e+00,        -1.381424189569e+00,        +7.071067811865e+00,        -2.789519029095e-03,        +3.126478318158e-03,        +2.006485245162e+00,        -1.512014462021e+00,        +3.883957094407e-01,        +1.073191758655e+00,        +1.606734483928e+00,        -1.619884475365e+00,        +4.854062746941e+00,        -2.111824280824e+00,        -1.924126526170e+00,        -1.688822310628e+00,        +3.587686951163e-03,        +9.976421580202e-01,        +7.071067811865e+00,        -6.594370630683e-04,        -4.133682332844e-03,        -2.483634920372e+00,        -4.855972716814e-01,        -2.160438953717e+00,        +3.228845216716e-01,        +4.873613525417e-01,        +1.004804937884e+00,        -1.924126526169e+00,        -1.688822310628e+00,        +4.101215472051e+00,        -6.685811851032e-01,        +1.640178942549e+00,        -1.209989535958e+00,        +7.071067811865e+00,        +1.293678307654e-03,        +2.485133047997e-03,        -2.680669289903e+00,        -1.457472709867e+00,        -1.894120635387e+00,        +4.298527278063e-02,        +1.342532080454e+00,        -1.381424189568e+00,        +3.587686951417e-03,        +9.976421580212e-01,        +1.640178942549e+00,        -1.209989535958e+00,        +6.796994580424e+00,        +1.889037094973e-01
 2.19200000e+02,        +7.071067811865e+00,        +1.956821760975e+00,        -3.736540400651e+00,        -2.633966350507e-03,        +2.505935557368e-03,        -2.771852791781e-03,        -1.009770314967e-02,        -6.431899814850e-03,        +1.079867543316e-02,        -2.928054082648e-03,        +4.165701011036e-03,        -1.314693621591e-03,        -4.797629871863e-03,        +1.343591894120e-03,        +2.567517893703e-03,        +7.071067811865e+00,        -2.633966350477e-03,        +2.505935557346e-03,        +5.003870102293e+00,        -5.765335619330e-01,        +2.468751240154e+00,        -1.179822472932e+00,        -5.992799167538e-01,        +1.295947897945e+00,        +1.857958664963e+00,        -1.597136089920e+00,        -2.455932523306e+00,        -3.351009898695e-01,        -2.740509262514e+00,        -1.314815991568e+00,        +7.071067811865e+00,        -2.771852791837e-03,        -1.009770314970e-02,        +2.468751240154e+00,        -1.179822472932e+00,        +4.229737067923e+00,        -3.098683196494e-01,        -2.031487367535e+00,        -1.919028513076e+00,        +6.295581527470e-01,        +9.393808071230e-01,        -2.178868804305e+00,        +6.108520834525e-01,        -1.834209560282e+00,        +1.502939898639e-01,        +7.071067811865e+00,        -6.431899814684e-03,        +1.079867543323e-02,        -5.992799167540e-01,        +1.295947897945e+00,        -2.031487367535e+00,        -1.919028513077e+00,        +4.428712315331e+00,        -2.049429761475e+00,        +1.240390026558e+00,        -1.766571750688e+00,        +7.097455625959e-01,        +8.536629382485e-01,        +1.211182804395e+00,        -1.437727695789e+00,        +7.071067811865e+00,        -2.928054082568e-03,        +4.165701011192e-03,        +1.857958664963e+00,        -1.597136089920e+00,        +6.295581527472e-01,        +9.393808071228e-01,        +1.240390026558e+00,        -1.766571750688e+00,        +4.462336773545e+00,        -2.170852815682e+00,        -1.780357562143e+00,        -1.712196629607e+00,        -4.129924950403e-02,        +1.028735778904e+00,        +7.071067811865e+00,        -1.314693621675e-03,        -4.797629871925e-03,        -2.455932523306e+00,        -3.351009898693e-01,        -2.178868804305e+00,        +6.108520834522e-01,        +7.097455625962e-01,        +8.536629382493e-01,        -1.780357562142e+00,        -1.712196629606e+00,        +3.994627103593e+00,        -4.703928097427e-01,        +1.599157389136e+00,        -1.335663806075e+00,        +7.071067811865e+00,        +1.343591894151e-03,        +2.567517893728e-03,        -2.740509262514e+00,        -1.314815991568e+00,        -1.834209560282e+00,        +1.502939898643e-01,        +1.211182804395e+00,        -1.437727695789e+00,        -4.129924950344e-02,        +1.028735778904e+00,        +1.599157389135e+00,        -1.335663806075e+00,        +6.755686850559e+00,        +2.051345019914e-01
 2.20800000e+02,        +7.071067811865e+00,        +1.756969694728e+00,        -3.512718115787e+00,        -2.304222629546e-03,        +2.896690238547e-03,        -3.406901983793e-03,        -1.035018253610e-02,        -5.668354792160e-03,        +1.161633886482e-02,        -2.638873103056e-03,        +5.250391637300e-03,        -2.218179910923e-03,        -5.260165292943e-03,        +1.472898646136e-03,        +2.635771439706e-03,        +7.071067811865e+00,        -2.304222629669e-03,        +2.896690238562e-03,        +4.971205817889e+00,        -5.873177329877e-01,        +2.429365157711e+00,        -1.371231569981e+00,        -6.335252299370e-01,        +1.389148321955e+00,        +1.717979781639e+00,        -1.659126682359e+00,        -2.429563787262e+00,        -1.906439766204e-01,        -2.784147858566e+00,        -1.168181129086e+00,        +7.071067811865e+00,        -3.406901983638e-03,        -1.035018253601e-02,        +2.429365157711e+00,        -1.371231569981e+00,        +4.170773218984e+00,        -1.426529658628e-01,        -1.945576966203e+00,        -1.949734486984e+00,        +8.157480099071e-01,        +7.537058311289e-01,        -2.138368858016e+00,        +8.970229362762e-01,        -1.777795173918e+00,        +2.482728806193e-01,        +7.071067811865e+00,        -5.668354792119e-03,        +1.161633886466e-02,        -6.335252299374e-01,        +1.389148321955e+00,        -1.945576966203e+00,        -1.949734486984e+00,        +4.081391533065e+00,        -2.000089614248e+00,        +8.830784941072e-01,        -1.808922713466e+00,        +8.749068592598e-01,        +6.571709703691e-01,        +1.086754789180e+00,        -1.473422328981e+00,        +7.071067811865e+00,        -2.638873103183e-03,        +5.250391637239e-03,        +1.717979781639e+00,        -1.659126682359e+00,        +8.157480099066e-01,        +7.537058311291e-01,        +8.830784941080e-01,        -1.808922713467e+00,        +4.081245641848e+00,        -2.124596365828e+00,        -1.683238492892e+00,        -1.781226769064e+00,        -7.091079187064e-02,        +1.079625110559e+00,        +7.071067811865e+00,        -2.218179910936e-03,        -5.260165292866e-03,        -2.429563787262e+00,        -1.906439766208e-01,        -2.138368858016e+00,        +8.970229362768e-01,        +8.749068592608e-01,        +6.571709703696e-01,        -1.683238492890e+00,        -1.781226769064e+00,        +3.936513204360e+00,        -2.740226220743e-01,        +1.537417074992e+00,        -1.462331600263e+00,        +7.071067811865e+00,        +1.472898646039e-03,        +2.635771439724e-03,        -2.784147858566e+00,        -1.168181129086e+00,        -1.777795173918e+00,        +2.482728806189e-01,        +1.086754789180e+00,        -1.473422328981e+00,        -7.091079187083e-02,        +1.079625110560e+00,        +1.537417074992e+00,        -1.462331600263e+00,        +6.715274817329e+00,        +2.241134195633e-01
 2.22400000e+02,        +7.071067811865e+00,        +1.579245407088e+00,        -3.290159087650e+00,        -1.895872544239e-03,        +3.200576112754e-03,        -4.184914512481e-03,        -1.041639566179e-02,        -4.624544252777e-03,        +1.231106222182e-02,        -1.995935112282e-03,        +6.233362403916e-03,        -3.263836020034e-03,        -5.486612902233e-03,        +1.656280365248e-03,        +2.667969834455e-03,        +7.071067811865e+00,        -1.895872544177e-03,        +3.200576112779e-03,        +4.936418550097e+00,        -6.011067419418e-01,        +2.363789805290e+00,        -1.560706963757e+00,        -6.436469729531e-01,        +1.495965623993e+00,        +1.589897373557e+00,        -1.705635870488e+00,        -2.402729382406e+00,        -4.803282480387e-02,        -2.811682864995e+00,        -1.020708826563e+00,        +7.071067811865e+00,        -4.184914512372e-03,        -1.041639566178e-02,        +2.363789805290e+00,        -1.560706963757e+00,        +4.150025497590e+00,        +1.514361652118e-02,        -1.903992987145e+00,        -2.005477295939e+00,        +9.411228731698e-01,        +5.404693717103e-01,        -2.047197051506e+00,        +1.166615798213e+00,        -1.724198943937e+00,        +3.411108307005e-01,        +7.071067811865e+00,        -4.624544252924e-03,        +1.231106222174e-02,        -6.436469729533e-01,        +1.495965623992e+00,        -1.903992987146e+00,        -2.005477295939e+00,        +3.770781939708e+00,        -1.875613380167e+00,        +5.632959864640e-01,        -1.768754284461e+00,        +9.792875913349e-01,        +4.390709818182e-01,        +9.726162542348e-01,        -1.494717431260e+00,        +7.071067811865e+00,        -1.995935112316e-03,        +6.233362403997e-03,        +1.589897373557e+00,        -1.705635870488e+00,        +9.411228731700e-01,        +5.404693717098e-01,        +5.632959864633e-01,        -1.768754284462e+00,        +3.740072901269e+00,        -1.995270944288e+00,        -1.636633190137e+00,        -1.872528861735e+00,        -8.151647107043e-02,        +1.142774220833e+00,        +7.071067811865e+00,        -3.263836019970e-03,        -5.486612902099e-03,        -2.402729382406e+00,        -4.803282480370e-02,        -2.047197051506e+00,        +1.166615798213e+00,        +9.792875913361e-01,        +4.390709818182e-01,        -1.636633190137e+00,        -1.872528861735e+00,        +3.917359733916e+00,        -9.190532047105e-02,        +1.456441238722e+00,        -1.584330171677e+00,        +7.071067811865e+00,        +1.656280365186e-03,        +2.667969834493e-03,        -2.811682864994e+00,        -1.020708826563e+00,        -1.724198943937e+00,        +3.411108307005e-01,        +9.726162542349e-01,        -1.494717431259e+00,        -8.151647107047e-02,        +1.142774220833e+00,        +1.456441238722e+00,        -1.584330171677e+00,        +6.675735546605e+00,        +2.448855405906e-01
 2.24000000e+02,        +7.071067811865e+00,        +1.421303983161e+00,        -3.069760135885e+00,        -1.441713300444e-03,        +3.411007558354e-03,        -5.021864261142e-03,        -1.029346703303e-02,        -3.391071062309e-03,        +1.281019840936e-02,        -1.095681445706e-03,        +7.032627903734e-03,        -4.366381003464e-03,        -5.482569677818e-03,        +1.869878215053e-03,        +2.656536631964e-03,        +7.071067811865e+00,        -1.441713300437e-03,        +3.411007558350e-03,        +4.897963983997e+00,        -6.179351955621e-01,        +2.274780272090e+00,        -1.743251364249e+00,        -6.294149452360e-01,        +1.608606337677e+00,        +1.473556534217e+00,        -1.743250574653e+00,        -2.372558214648e+00,        +9.480229833656e-02,        -2.823966557369e+00,        -8.750332561037e-01,        +7.071067811865e+00,        -5.021864261124e-03,        -1.029346703300e-02,        +2.274780272090e+00,        -1.743251364250e+00,        +4.157716497050e+00,        +1.558610120402e-01,        -1.903854430322e+00,        -2.068544418000e+00,        +1.009031882746e+00,        +3.196716206353e-01,        -1.915984358746e+00,        +1.410994937053e+00,        -1.671494583733e+00,        +4.313559002374e-01,        +7.071067811865e+00,        -3.391071062173e-03,        +1.281019840915e-02,        -6.294149452365e-01,        +1.608606337677e+00,        -1.903854430323e+00,        -2.068544418000e+00,        +3.509947443110e+00,        -1.699623939878e+00,        +2.950900136164e-01,        -1.671466278216e+00,        +1.027740093489e+00,        +2.182091896977e-01,        +8.691512146898e-01,        -1.507179072226e+00,        +7.071067811865e+00,        -1.095681445508e-03,        +7.032627903671e-03,        +1.473556534217e+00,        -1.743250574653e+00,        +1.009031882745e+00,        +3.196716206348e-01,        +2.950900136154e-01,        -1.671466278216e+00,        +3.453137778521e+00,        -1.808764630598e+00,        -1.635804536363e+00,        -1.967838868906e+00,        -7.267082587170e-02,        +1.211284422807e+00,        +7.071067811865e+00,        -4.366381003454e-03,        -5.482569677761e-03,        -2.372558214647e+00,        +9.480229833600e-02,        -1.915984358744e+00,        +1.410994937053e+00,        +1.027740093490e+00,        +2.182091896972e-01,        -1.635804536363e+00,        -1.967838868906e+00,        +3.926144008331e+00,        +6.990723528111e-02,        +1.359032823176e+00,        -1.697739473116e+00,        +7.071067811865e+00,        +1.869878215098e-03,        +2.656536631924e-03,        -2.823966557369e+00,        -8.750332561035e-01,        -1.671494583733e+00,        +4.313559002371e-01,        +8.691512146899e-01,        -1.507179072226e+00,        -7.267082587143e-02,        +1.211284422808e+00,        +1.359032823176e+00,        -1.697739473116e+00,        +6.636622610104e+00,        +2.669130886375e-01
 2.25600000e+02,        +7.071067811865e+00,        +1.281085774625e+00,        -2.852140918982e+00,        -9.672260690005e-04,        +3.530915405787e-03,        -5.858070187918e-03,        -1.000043406238e-02,        -2.052168586395e-03,        +1.308759145382e-02,        -2.762095214591e-05,        +7.615303195562e-03,        -5.467150455659e-03,        -5.272747311858e-03,        +2.095453703854e-03,        +2.602518286130e-03,        +7.071067811865e+00,        -9.672260689616e-04,        +3.530915405867e-03,        +4.854370313600e+00,        -6.370929163889e-01,        +2.165537789064e+00,        -1.915636928988e+00,        -5.926857047179e-01,        +1.721093588078e+00,        +1.366867284548e+00,        -1.776583180212e+00,        -2.336269502601e+00,        +2.381138273095e-01,        -2.822233784693e+00,        -7.332175899821e-01,        +7.071067811865e+00,        -5.858070187802e-03,        -1.000043406225e-02,        +2.165537789064e+00,        -1.915636928988e+00,        +4.184460890207e+00,        +2.767712704147e-01,        -1.937998342654e+00,        -2.126993313160e+00,        +1.027465254044e+00,        +1.052442647650e-01,        -1.754831525973e+00,        +1.626423804363e+00,        -1.617541155482e+00,        +5.200113815018e-01,        +7.071067811865e+00,        -2.052168586367e-03,        +1.308759145377e-02,        -5.926857047179e-01,        +1.721093588078e+00,        -1.937998342655e+00,        -2.126993313159e+00,        +3.301659466254e+00,        -1.493175112442e+00,        +8.160823740244e-02,        -1.539780135724e+00,        +1.029028014403e+00,        +7.243243665716e-03,        +7.750023716766e-01,        -1.514873024289e+00,        +7.071067811865e+00,        -2.762095218484e-05,        +7.615303195477e-03,        +1.366867284548e+00,        -1.776583180211e+00,        +1.027465254042e+00,        +1.052442647654e-01,        +8.160823740236e-02,        -1.539780135723e+00,        +3.223521603529e+00,        -1.588128066680e+00,        -1.672123363707e+00,        -2.055323853536e+00,        -4.591928371514e-02,        +1.279817449886e+00,        +7.071067811865e+00,        -5.467150455678e-03,        -5.272747311643e-03,        -2.336269502601e+00,        +2.381138273094e-01,        -1.754831525973e+00,        +1.626423804363e+00,        +1.029028014404e+00,        +7.243243664901e-03,        -1.672123363706e+00,        -2.055323853537e+00,        +3.953123560232e+00,        +2.101745157483e-01,        +1.248301049991e+00,        -1.800237575060e+00,        +7.071067811865e+00,        +2.095453703793e-03,        +2.602518286078e-03,        -2.822233784692e+00,        -7.332175899819e-01,        -1.617541155483e+00,        +5.200113815017e-01,        +7.750023716767e-01,        -1.514873024289e+00,        -4.591928371434e-02,        +1.279817449887e+00,        +1.248301049990e+00,        -1.800237575059e+00,        +6.597395179290e+00,        +2.901092230014e-01
 2.27200000e+02,        +7.071067811865e+00,        +1.156786482503e+00,        -2.637712818849e+00,        -4.906200724329e-04,        +3.567154755041e-03,        -6.655449471324e-03,        -9.563231167244e-03,        -6.745904466027e-04,        +1.314455066436e-02,        +1.137205977721e-03,        +7.977487015947e-03,        -6.529848797821e-03,        -4.886202894521e-03,        +2.320769753261e-03,        +2.510704122238e-03,        +7.071067811865e+00,        -4.906200724438e-04,        +3.567154755017e-03,        +4.804521061816e+00,        -6.573307990741e-01,        +2.039078397543e+00,        -2.075910308546e+00,        -5.361824691673e-01,        +1.829276528699e+00,        +1.267090908684e+00,        -1.808310005890e+00,        -2.291766036929e+00,        +3.809601320218e-01,        -2.807861798642e+00,        -5.968422226556e-01,        +7.071067811865e+00,        -6.655449471376e-03,        -9.563231167229e-03,        +2.039078397542e+00,        -2.075910308546e+00,        +4.222708260150e+00,        +3.783333214453e-01,        -1.998223052711e+00,        -2.174040673555e+00,        +1.005671783511e+00,        -9.433629131173e-02,        -1.572029487363e+00,        +1.812251196674e+00,        -1.560573573104e+00,        +6.069826989422e-01,        +7.071067811865e+00,        -6.745904466326e-04,        +1.314455066439e-02,        -5.361824691676e-01,        +1.829276528700e+00,        -1.998223052711e+00,        -2.174040673555e+00,        +3.142644774090e+00,        -1.272417919406e+00,        -8.046087007106e-02,        -1.391284847052e+00,        +9.926496687290e-01,        -1.864791912043e-01,        +6.881386033399e-01,        -1.520314473314e+00,        +7.071067811865e+00,        +1.137205977641e-03,        +7.977487015864e-03,        +1.267090908684e+00,        -1.808310005890e+00,        +1.005671783512e+00,        -9.433629131119e-02,        -8.046087007100e-02,        -1.391284847052e+00,        +3.047712976041e+00,        -1.351045446269e+00,        -1.736384585062e+00,        -2.128625194430e+00,        -3.682626969944e-03,        +1.344677941313e+00,        +7.071067811865e+00,        -6.529848797747e-03,        -4.886202894502e-03,        -2.291766036929e+00,        +3.809601320222e-01,        -1.572029487362e+00,        +1.812251196675e+00,        +9.926496687297e-01,        -1.864791912051e-01,        -1.736384585062e+00,        -2.128625194430e+00,        +3.990939479730e+00,        +3.304784387539e-01,        +1.127110684076e+00,        -1.890649167269e+00,        +7.071067811865e+00,        +2.320769753264e-03,        +2.510704122170e-03,        -2.807861798641e+00,        -5.968422226558e-01,        -1.560573573104e+00,        +6.069826989425e-01,        +6.881386033399e-01,        -1.520314473315e+00,        -3.682626968880e-03,        +1.344677941312e+00,        +1.127110684076e+00,        -1.890649167269e+00,        +6.557632253976e+00,        +3.147273266892e-01
 2.28800000e+02,        +7.071067811865e+00,        +1.046827910571e+00,        -2.426731347471e+00,        -2.470222139483e-05,        +3.527227528140e-03,        -7.391006031244e-03,        -9.006667227796e-03,        +6.927640522586e-04,        +1.299512740774e-02,        +2.346511318384e-03,        +8.128693438087e-03,        -7.533173066475e-03,        -4.348894668635e-03,        +2.538226413235e-03,        +2.386632576700e-03,        +7.071067811865e+00,        -2.470222139985e-05,        +3.527227528145e-03,        +4.747771746737e+00,        -6.770958300391e-01,        +1.898016898808e+00,        -2.222902266303e+00,        -4.627561155719e-01,        +1.930448900685e+00,        +1.171612586423e+00,        -1.839619526930e+00,        -2.237796643495e+00,        +5.217883532941e-01,        -2.782256563922e+00,        -4.671239413868e-01,        +7.071067811865e+00,        -7.391006031237e-03,        -9.006667227842e-03,        +1.898016898808e+00,        -2.222902266303e+00,        +4.267058541289e+00,        +4.626506614921e-01,        -2.077060697992e+00,        -2.206635275089e+00,        +9.523063942893e-01,        -2.745883111378e-01,        -1.373871829336e+00,        +1.969404553785e+00,        -1.499418519850e+00,        +6.915487889120e-01,        +7.071067811865e+00,        +6.927640523755e-04,        +1.299512740768e-02,        -4.627561155720e-01,        +1.930448900685e+00,        -2.077060697992e+00,        -2.206635275087e+00,        +3.026920872387e+00,        -1.048565949243e+00,        -1.974009991794e-01,        -1.238381592173e+00,        +9.271964251282e-01,        -3.593652376971e-01,        +6.065213120257e-01,        -1.524789388827e+00,        +7.071067811865e+00,        +2.346511318214e-03,        +8.128693438228e-03,        +1.171612586422e+00,        -1.839619526929e+00,        +9.523063942889e-01,        -2.745883111371e-01,        -1.974009991797e-01,        -1.238381592172e+00,        +2.919246466901e+00,        -1.109809407079e+00,        -1.820510607099e+00,        -2.185197723120e+00,        +5.144570600824e-02,        +1.403508557326e+00,        +7.071067811865e+00,        -7.533173066651e-03,        -4.348894668601e-03,        -2.237796643495e+00,        +5.217883532940e-01,        -1.373871829337e+00,        +1.969404553785e+00,        +9.271964251292e-01,        -3.593652376984e-01,        -1.820510607098e+00,        -2.185197723120e+00,        +4.034645184989e+00,        +4.336437359392e-01,        +9.978953851177e-01,        -1.968503400310e+00,        +7.071067811865e+00,        +2.538226413171e-03,        +2.386632576621e-03,        -2.782256563922e+00,        -4.671239413869e-01,        -1.499418519849e+00,        +6.915487889124e-01,        +6.065213120261e-01,        -1.524789388827e+00,        +5.144570600849e-02,        +1.403508557326e+00,        +9.978953851180e-01,        -1.968503400309e+00,        +6.517127866677e+00,        +3.412146360159e-01
 2.30400000e+02,        +7.071067811865e+00,        +9.498306415845e-01,        -2.219335959356e+00,        +4.210119782065e-04,        +3.417920441094e-03,        -8.050550876076e-03,        -8.351594222230e-03,        +2.014723572124e-03,        +1.265737678600e-02,        +3.562304759660e-03,        +8.082585317387e-03,        -8.464116105573e-03,        -3.681410446560e-03,        +2.743154465677e-03,        +2.235236623402e-03,        +7.071067811865e+00,        +4.210119782013e-04,        +3.417920441062e-03,        +4.683960476845e+00,        -6.947293672278e-01,        +1.744575170727e+00,        -2.355878797644e+00,        -3.750397731195e-01,        +2.022912022257e+00,        +1.078291809007e+00,        -1.870717531096e+00,        -2.173890455226e+00,        +6.588531633277e-01,        -2.746816220035e+00,        -3.450093054663e-01,        +7.071067811865e+00,        -8.050550876143e-03,        -8.351594222254e-03,        +1.744575170727e+00,        -2.355878797644e+00,        +4.314017721762e+00,        +5.324146280325e-01,        -2.168463873289e+00,        -2.224066185162e+00,        +8.747033311459e-01,        -4.336032886222e-01,        -1.164966842966e+00,        +2.099415772936e+00,        -1.433492541229e+00,        +7.727233364803e-01,        +7.071067811865e+00,        +2.014723572154e-03,        +1.265737678589e-02,        -3.750397731195e-01,        +2.022912022257e+00,        -2.168463873289e+00,        -2.224066185162e+00,        +2.947862984794e+00,        -8.288297391644e-01,        -2.763030934240e-01,        -1.089238026651e+00,        +8.397829377143e-01,        -5.101568601134e-01,        +5.284240410156e-01,        -1.528748630331e+00,        +7.071067811865e+00,        +3.562304759745e-03,        +8.082585317360e-03,        +1.078291809007e+00,        -1.870717531096e+00,        +8.747033311459e-01,        -4.336032886218e-01,        -2.763030934237e-01,        -1.089238026651e+00,        +2.830952959103e+00,        -8.723466418997e-01,        -1.918127619126e+00,        -2.224794028522e+00,        +1.170470646808e-01,        +1.454907995544e+00,        +7.071067811865e+00,        -8.464116105695e-03,        -3.681410446513e-03,        -2.173890455226e+00,        +6.588531633274e-01,        -1.164966842966e+00,        +2.099415772937e+00,        +8.397829377149e-01,        -5.101568601128e-01,        -1.918127619125e+00,        -2.224794028523e+00,        +4.081273134161e+00,        +5.227410105230e-01,        +8.626666781339e-01,        -2.033717678151e+00,        +7.071067811865e+00,        +2.743154465708e-03,        +2.235236623371e-03,        -2.746816220035e+00,        -3.450093054665e-01,        -1.433492541229e+00,        +7.727233364800e-01,        +5.284240410156e-01,        -1.528748630332e+00,        +1.170470646808e-01,        +1.454907995544e+00,        +8.626666781338e-01,        -2.033717678150e+00,        +6.475906348542e+00,        +3.700856535669e-01
 2.32000000e+02,        +7.071067811865e+00,        +8.645892055229e-01,        -2.015580253371e+00,        +8.386355335869e-04,        +3.245133506609e-03,        -8.624129444111e-03,        -7.615023414878e-03,        +3.264981456343e-03,        +1.214940744600e-02,        +4.755631899264e-03,        +7.852769347821e-03,        -9.313209241179e-03,        -2.899517847020e-03,        +2.932410673030e-03,        +2.060541044419e-03,        +7.071067811865e+00,        +8.386355335654e-04,        +3.245133506570e-03,        +4.613364355472e+00,        -7.086142481499e-01,        +1.580672382395e+00,        -2.474337866686e+00,        -2.753403881397e-01,        +2.105621543268e+00,        +9.855546918168e-01,        -1.901241084883e+00,        -2.100206411517e+00,        +7.904758100481e-01,        -2.702927605981e+00,        -2.312310469766e-01,        +7.071067811865e+00,        -8.624129444060e-03,        -7.615023414829e-03,        +1.580672382396e+00,        -2.474337866686e+00,        +4.361574755313e+00,        +5.902866485934e-01,        -2.267885472497e+00,        -2.226908106423e+00,        +7.787740909396e-01,        -5.709754454962e-01,        -9.486745504650e-01,        +2.203894105284e+00,        -1.362706451835e+00,        +8.494895860134e-01,        +7.071067811865e+00,        +3.264981456318e-03,        +1.214940744585e-02,        -2.753403881398e-01,        +2.105621543268e+00,        -2.267885472497e+00,        -2.226908106422e+00,        +2.899267749801e+00,        -6.175293364605e-01,        -3.239437598207e-01,        -9.489279612763e-01,        +7.360436174755e-01,        -6.389005794180e-01,        +4.525328111442e-01,        -1.532141649836e+00,        +7.071067811865e+00,        +4.755631899196e-03,        +7.852769347662e-03,        +9.855546918167e-01,        -1.901241084883e+00,        +7.787740909396e-01,        -5.709754454955e-01,        -3.239437598202e-01,        -9.489279612754e-01,        +2.776115081206e+00,        -6.434325133917e-01,        -2.024544111687e+00,        -2.248360704510e+00,        +1.910027007570e-01,        +1.498108827259e+00,        +7.071067811865e+00,        -9.313209241162e-03,        -2.899517847125e-03,        -2.100206411517e+00,        +7.904758100481e-01,        -9.486745504646e-01,        +2.203894105285e+00,        +7.360436174755e-01,        -6.389005794180e-01,        -2.024544111687e+00,        -2.248360704511e+00,        +4.129306932514e+00,        +6.005558038405e-01,        +7.230945221331e-01,        -2.086409146592e+00,        +7.071067811865e+00,        +2.932410673020e-03,        +2.060541044445e-03,        -2.702927605981e+00,        -2.312310469765e-01,        -1.362706451835e+00,        +8.494895860133e-01,        +4.525328111447e-01,        -1.532141649836e+00,        +1.910027007576e-01,        +1.498108827260e+00,        +7.230945221323e-01,        -2.086409146591e+00,        +6.434196003969e+00,        +4.018308749055e-01
 2.33600000e+02,        +7.071067811865e+00,        +7.900499163892e-01,        -1.815454834720e+00,        +1.220866724472e-03,        +3.014310163794e-03,        -9.103320964734e-03,        -6.811553406516e-03,        +4.422178316120e-03,        +1.148848087413e-02,        +5.902272633908e-03,        +7.451856821004e-03,        -1.007172779352e-02,        -2.015918472527e-03,        +3.103457175530e-03,        +1.865910373850e-03,        +7.071067811865e+00,        +1.220866724427e-03,        +3.014310163792e-03,        +4.536633035294e+00,        -7.172772546950e-01,        +1.408021731145e+00,        -2.577910544228e+00,        -1.656442681571e-01,        +2.177943536044e+00,        +8.923578082251e-01,        -1.930552088090e+00,        -2.017371691128e+00,        +9.151872494351e-01,        -2.651969701426e+00,        -1.263356457322e-01,        +7.071067811865e+00,        -9.103320964770e-03,        -6.811553406648e-03,        +1.408021731146e+00,        -2.577910544228e+00,        +4.408784753089e+00,        +6.385829719719e-01,        -2.372091085278e+00,        -2.216319819202e+00,        +6.691764650320e-01,        -6.870958025581e-01,        -7.274988996794e-01,        +2.284289588717e+00,        -1.287345869483e+00,        +9.209363333612e-01,        +7.071067811865e+00,        +4.422178316081e-03,        +1.148848087407e-02,        -1.656442681573e-01,        +2.177943536044e+00,        -2.372091085277e+00,        -2.216319819202e+00,        +2.875786269257e+00,        -4.170507324899e-01,        -3.463173238984e-01,        -8.204093383964e-01,        +6.203562501421e-01,        -7.462892149553e-01,        +3.779332472006e-01,        -1.534657694605e+00,        +7.071067811865e+00,        +5.902272633886e-03,        +7.451856821072e-03,        +8.923578082247e-01,        -1.930552088090e+00,        +6.691764650324e-01,        -6.870958025576e-01,        -3.463173238978e-01,        -8.204093383959e-01,        +2.748936377294e+00,        -4.257318216554e-01,        -2.136487088836e+00,        -2.257329203383e+00,        +2.715063564716e-01,        +1.532746755198e+00,        +7.071067811865e+00,        -1.007172779348e-02,        -2.015918472612e-03,        -2.017371691128e+00,        +9.151872494348e-01,        -7.274988996802e-01,        +2.284289588717e+00,        +6.203562501418e-01,        -7.462892149556e-01,        -2.136487088836e+00,        -2.257329203383e+00,        +4.178216332014e+00,        +6.693544080935e-01,        +5.805945727780e-01,        -2.126797346524e+00,        +7.071067811865e+00,        +3.103457175549e-03,        +1.865910373826e-03,        -2.651969701426e+00,        -1.263356457322e-01,        -1.287345869482e+00,        +9.209363333618e-01,        +3.779332472005e-01,        -1.534657694605e+00,        +2.715063564715e-01,        +1.532746755198e+00,        +5.805945727779e-01,        -2.126797346523e+00,        +6.392386083457e+00,        +4.368581006954e-01
 2.35200000e+02,        +7.071067811865e+00,        +7.252913426225e-01,        -1.618904559505e+00,        +1.560526453439e-03,        +2.731083292902e-03,        -9.480111261847e-03,        -5.955121847391e-03,        +5.467452810478e-03,        +1.069173036094e-02,        +6.979971875289e-03,        +6.892318365369e-03,        -1.073049898447e-02,        -1.042274733359e-03,        +3.253909188253e-03,        +1.654512421788e-03,        +7.071067811865e+00,        +1.560526453446e-03,        +2.731083292923e-03,        +4.454715041813e+00,        -7.194575452098e-01,        +1.228204539293e+00,        -2.666323477245e+00,        -4.766385689115e-02,        +2.239500622938e+00,        +7.981013847798e-01,        -1.957928396899e+00,        -1.926337712019e+00,        +1.031797639151e+00,        -2.595312531625e+00,        -3.069412563671e-02,        +7.071067811865e+00,        -9.480111262020e-03,        -5.955121847358e-03,        +1.228204539293e+00,        -2.666323477246e+00,        +4.455422475996e+00,        +6.791401063731e-01,        -2.478891142950e+00,        -2.193615226823e+00,        +5.495608836652e-01,        -7.827243943856e-01,        -5.033856177600e-01,        +2.341817104775e+00,        -1.207958634272e+00,        +9.863278716894e-01,        +7.071067811865e+00,        +5.467452810598e-03,        +1.069173036088e-02,        -4.766385689132e-02,        +2.239500622938e+00,        -2.478891142950e+00,        -2.193615226824e+00,        +2.873015508469e+00,        -2.285639950327e-01,        -3.485201633304e-01,        -7.052564988752e-01,        +4.961149926984e-01,        -8.332762220244e-01,        +3.040503588934e-01,        -1.535884870111e+00,        +7.071067811865e+00,        +6.979971875373e-03,        +6.892318365372e-03,        +7.981013847797e-01,        -1.957928396899e+00,        +5.495608836651e-01,        -7.827243943855e-01,        -3.485201633309e-01,        -7.052564988758e-01,        +2.744640368366e+00,        -2.205778472475e-01,        -2.251783244379e+00,        -2.253198349844e+00,        +3.570315611014e-01,        +1.558709000189e+00,        +7.071067811865e+00,        -1.073049898465e-02,        -1.042274733405e-03,        -1.926337712019e+00,        +1.031797639151e+00,        -5.033856177598e-01,        +2.341817104776e+00,        +4.961149926988e-01,        -8.332762220249e-01,        -2.251783244380e+00,        -2.253198349845e+00,        +4.228095767035e+00,        +7.308139492202e-01,        +4.363973373712e-01,        -2.155160707099e+00,        +7.071067811865e+00,        +3.253909188266e-03,        +1.654512421678e-03,        -2.595312531625e+00,        -3.069412563656e-02,        -1.207958634271e+00,        +9.863278716897e-01,        +3.040503588935e-01,        -1.535884870111e+00,        +3.570315611016e-01,        +1.558709000189e+00,        +4.363973373714e-01,        -2.155160707098e+00,        +6.350980183890e+00,        +4.754586755614e-01
 2.36800000e+02,        +7.071067811865e+00,        +6.695072740201e-01,        -1.425841473271e+00,        +1.850573664738e-03,        +2.401892952827e-03,        -9.746945170525e-03,        -5.060510928525e-03,        +6.383457100363e-03,        +9.777481680980e-03,        +7.967244061161e-03,        +6.188080457750e-03,        -1.127991489541e-02,        +9.009848938094e-06,        +3.381470545065e-03,        +1.429786280085e-03,        +7.071067811865e+00,        +1.850573664733e-03,        +2.401892952791e-03,        +4.368783829702e+00,        -7.141497481919e-01,        +1.042716565309e+00,        -2.739391219212e+00,        +7.710962695186e-02,        +2.290079784032e+00,        +7.025312264889e-01,        -1.982680562675e+00,        -1.828260264072e+00,        +1.139421924612e+00,        -2.534308719641e+00,        +5.549403983458e-02,        +7.071067811865e+00,        -9.746945170560e-03,        -5.060510928437e-03,        +1.042716565308e+00,        -2.739391219212e+00,        +4.501713319835e+00,        +7.132786663911e-01,        -2.586877974759e+00,        -2.160018449865e+00,        +4.228073663192e-01,        -8.587465472108e-01,        -2.779298782278e-01,        +2.377456788980e+00,        -1.125258988302e+00,        +1.045133038652e+00,        +7.071067811865e+00,        +6.383457100391e-03,        +9.777481680920e-03,        +7.710962695171e-02,        +2.290079784032e+00,        -2.586877974759e+00,        -2.160018449865e+00,        +2.887428067428e+00,        -5.252531963482e-02,        -3.348003789618e-01,        -6.041713279874e-01,        +3.659779861105e-01,        -9.008651023291e-01,        +2.305754289113e-01,        -1.535408147753e+00,        +7.071067811865e+00,        +7.967244061317e-03,        +6.188080457702e-03,        +7.025312264889e-01,        -1.982680562675e+00,        +4.228073663188e-01,        -8.587465472112e-01,        -3.348003789609e-01,        -6.041713279869e-01,        +2.759396074698e+00,        -2.851544204556e-02,        -2.369065058342e+00,        -2.237307118073e+00,        +4.462877016253e-01,        +1.576038892942e+00,        +7.071067811865e+00,        -1.127991489547e-02,        +9.009849063280e-06,        -1.828260264072e+00,        +1.139421924612e+00,        -2.779298782281e-01,        +2.377456788979e+00,        +3.659779861102e-01,        -9.008651023292e-01,        -2.369065058341e+00,        -2.237307118072e+00,        +4.279398074945e+00,        +7.860336473863e-01,        +2.915949323524e-01,        -2.171820009423e+00,        +7.071067811865e+00,        +3.381470545005e-03,        +1.429786280123e-03,        -2.534308719641e+00,        +5.549403983452e-02,        -1.125258988302e+00,        +1.045133038652e+00,        +2.305754289119e-01,        -1.535408147753e+00,        +4.462877016247e-01,        +1.576038892942e+00,        +2.915949323522e-01,        -2.171820009423e+00,        +6.310552074574e+00,        +5.177914847468e-01
 2.38400000e+02,        +7.071067811865e+00,        +6.219920063804e-01,        -1.236154455069e+00,        +2.084474101186e-03,        +2.034411492723e-03,        -9.897559954065e-03,        -4.144269372851e-03,        +7.154598232085e-03,        +8.766463066839e-03,        +8.843559681373e-03,        +5.356106500424e-03,        -1.171078194920e-02,        +1.123570971371e-03,        +3.484155456465e-03,        +1.195777553041e-03,        +7.071067811865e+00,        +2.084474101201e-03,        +2.034411492715e-03,        +4.280166683267e+00,        -7.006276346869e-01,        +8.529913111369e-01,        -2.797019108974e+00,        +2.073612405040e-01,        +2.329577933357e+00,        +6.056462773579e-01,        -2.004218377346e+00,        -1.724401894074e+00,        +1.237479630284e+00,        -2.470278969377e+00,        +1.321974914764e-01,        +7.071067811865e+00,        -9.897559953882e-03,        -4.144269372909e-03,        +8.529913111366e-01,        -2.797019108974e+00,        +4.548128825867e+00,        +7.418174885006e-01,        -2.695197793204e+00,        -2.116534651214e+00,        +2.912242660181e-01,        -9.160410819851e-01,        -5.251517059524e-02,        +2.391983615716e+00,        -1.040049360983e+00,        +1.097029695926e+00,        +7.071067811865e+00,        +7.154598232032e-03,        +8.766463066878e-03,        +2.073612405039e-01,        +2.329577933357e+00,        -2.695197793204e+00,        -2.116534651214e+00,        +2.916238529386e+00,        +1.109864842291e-01,        -3.086716788625e-01,        -5.173269229334e-01,        +2.320682758683e-01,        -9.500022774529e-01,        +1.573955310085e-01,        -1.532865554205e+00,        +7.071067811865e+00,        +8.843559681209e-03,        +5.356106500428e-03,        +6.056462773582e-01,        -2.004218377346e+00,        +2.912242660182e-01,        -9.160410819851e-01,        -3.086716788625e-01,        -5.173269229329e-01,        +2.790176832640e+00,        +1.503353939222e-01,        -2.487525995131e+00,        -2.210722746592e+00,        +5.381790122729e-01,        +1.584876297056e+00,        +7.071067811865e+00,        -1.171078194916e-02,        +1.123570971422e-03,        -1.724401894074e+00,        +1.237479630284e+00,        -5.251517059572e-02,        +2.391983615717e+00,        +2.320682758685e-01,        -9.500022774529e-01,        -2.487525995131e+00,        -2.210722746592e+00,        +4.332741175320e+00,        +8.355816207076e-01,        +1.471694165032e-01,        -2.177132564273e+00,        +7.071067811865e+00,        +3.484155456461e-03,        +1.195777553071e-03,        -2.470278969377e+00,        +1.321974914763e-01,        -1.040049360982e+00,        +1.097029695927e+00,        +1.573955310082e-01,        -1.532865554205e+00,        +5.381790122727e-01,        +1.584876297056e+00,        +1.471694165038e-01,        -2.177132564272e+00,        +6.271706360390e+00,        +5.638793369196e-01
 2.40000000e+02,        +7.071067811865e+00,        +5.821277494041e-01,        -1.049716364664e+00,        +2.256773865455e-03,        +1.637666227850e-03,        -9.928188765099e-03,        -3.224869466954e-03,        +7.768123716190e-03,        +7.682414788735e-03,        +9.590569640610e-03,        +4.417404293075e-03,        -1.201563542755e-02,        +2.284618488285e-03,        +3.560678357651e-03,        +9.572535564617e-04,        +7.071067811865e+00,        +2.256773865461e-03,        +1.637666227861e-03,        +4.190278172823e+00,        -6.784522651960e-01,        +6.604078224437e-01,        -2.839206502459e+00,        +3.419177717444e-01,        +2.357968766323e+00,        +5.076174188801e-01,        -2.022084501421e+00,        -1.616052623337e+00,        +1.325679026372e+00,        -2.404494213586e+00,        +1.995466403772e-01,        +7.071067811865e+00,        -9.928188765002e-03,        -3.224869466952e-03,        +6.604078224436e-01,        -2.839206502459e+00,        +4.595230354915e+00,        +7.651126987276e-01,        -2.803362313786e+00,        -2.063891256619e+00,        +1.567064872649e-01,        -9.554131338570e-01,        +1.715940518938e-01,        +2.386003251811e+00,        -9.531576361474e-01,        +1.141894382159e+00,        +7.071067811865e+00,        +7.768123716049e-03,        +7.682414788685e-03,        +3.419177717443e-01,        +2.357968766323e+00,        -2.803362313785e+00,        -2.063891256618e+00,        +2.957254358476e+00,        +2.620511861449e-01,        -2.730430203765e-01,        -4.445941414334e-01,        +9.612999069491e-02,        -9.815277949569e-01,        +8.453138800790e-02,        -1.527976721884e+00,        +7.071067811865e+00,        +9.590569640535e-03,        +4.417404292925e-03,        +5.076174188802e-01,        -2.022084501421e+00,        +1.567064872650e-01,        -9.554131338577e-01,        -2.730430203759e-01,        -4.445941414336e-01,        +2.834603986167e+00,        +3.160421217568e-01,        -2.606724488574e+00,        -2.174195823260e+00,        +6.317704284737e-01,        +1.585419382486e+00,        +7.071067811865e+00,        -1.201563542747e-02,        +2.284618488354e-03,        -1.616052623336e+00,        +1.325679026372e+00,        +1.715940518931e-01,        +2.386003251811e+00,        +9.612999069596e-02,        -9.815277949581e-01,        -2.606724488572e+00,        -2.174195823258e+00,        +4.388766033032e+00,        +8.795549407752e-01,        +4.008782218864e-03,        -2.171488630850e+00,        +7.071067811865e+00,        +3.560678357659e-03,        +9.572535564770e-04,        -2.404494213586e+00,        +1.995466403770e-01,        -9.531576361464e-01,        +1.141894382160e+00,        +8.453138800788e-02,        -1.527976721885e+00,        +6.317704284729e-01,        +1.585419382485e+00,        +4.008782219443e-03,        -2.171488630849e+00,        +6.235044805293e+00,        +6.136139685907e-01
