        f (GHz),            I_inc[1][1] (A),            Re{I[1][1]} (A),            Im{I[1][1]} (A),            Re{I[2][1]} (A),            Im{I[2][1]} (A),            Re{I[3][1]} (A),            Im{I[3][1]} (A),            Re{I[4][1]} (A),            Im{I[4][1]} (A),            Re{I[5][1]} (A),            Im{I[5][1]} (A),            Re{I[6][1]} (A),            Im{I[6][1]} (A),            Re{I[7][1]} (A),            Im{I[7][1]} (A),            I_inc[2][2] (A),            Re{I[1][2]} (A),            Im{I[1][2]} (A),            Re{I[2][2]} (A),            Im{I[2][2]} (A),            Re{I[3][2]} (A),            Im{I[3][2]} (A),            Re{I[4][2]} (A),            Im{I[4][2]} (A),            Re{I[5][2]} (A),            Im{I[5][2]} (A),            Re{I[6][2]} (A),            Im{I[6][2]} (A),            Re{I[7][2]} (A),            Im{I[7][2]} (A),            I_inc[3][3] (A),            Re{I[1][3]} (A),            Im{I[1][3]} (A),            Re{I[2][3]} (A),            Im{I[2][3]} (A),            Re{I[3][3]} (A),            Im{I[3][3]} (A),            Re{I[4][3]} (A),            Im{I[4][3]} (A),            Re{I[5][3]} (A),            Im{I[5][3]} (A),            Re{I[6][3]} (A),            Im{I[6][3]} (A),            Re{I[7][3]} (A),            Im{I[7][3]} (A),            I_inc[4][4] (A),            Re{I[1][4]} (A),            Im{I[1][4]} (A),            Re{I[2][4]} (A),            Im{I[2][4]} (A),            Re{I[3][4]} (A),            Im{I[3][4]} (A),            Re{I[4][4]} (A),            Im{I[4][4]} (A),            Re{I[5][4]} (A),            Im{I[5][4]} (A),            Re{I[6][4]} (A),            Im{I[6][4]} (A),            Re{I[7][4]} (A),            Im{I[7][4]} (A),            I_inc[5][5] (A),            Re{I[1][5]} (A),            Im{I[1][5]} (A),            Re{I[2][5]} (A),            Im{I[2][5]} (A),            Re{I[3][5]} (A),            Im{I[3][5]} (A),            Re{I[4][5]} (A),            Im{I[4][5]} (A),            Re{I[5][5]} (A),            Im{I[5][5]} (A),            Re{I[6][5]} (A),            Im{I[6][5]} (A),            Re{I[7][5]} (A),            Im{I[7][5]} (A),            I_inc[6][6] (A),            Re{I[1][6]} (A),            Im{I[1][6]} (A),            Re{I[2][6]} (A),            Im{I[2][6]} (A),            Re{I[3][6]} (A),            Im{I[3][6]} (A),            Re{I[4][6]} (A),            Im{I[4][6]} (A),            Re{I[5][6]} (A),            Im{I[5][6]} (A),            Re{I[6][6]} (A),            Im{I[6][6]} (A),            Re{I[7][6]} (A),            Im{I[7][6]} (A),            I_inc[7][7] (A),            Re{I[1][7]} (A),            Im{I[1][7]} (A),            Re{I[2][7]} (A),            Im{I[2][7]} (A),            Re{I[3][7]} (A),            Im{I[3][7]} (A),            Re{I[4][7]} (A),            Im{I[4][7]} (A),            Re{I[5][7]} (A),            Im{I[5][7]} (A),            Re{I[6][7]} (A),            Im{I[6][7]} (A),            Re{I[7][7]} (A),            Im{I[7][7]} (A)
 8.00000000e+01,        +1.414213562373e-01,        +6.149263604779e-02,        -1.124863275346e-01,        -4.695312078278e-06,        +6.517226031502e-05,        -1.024930091488e-04,        +6.302421145191e-05,        -7.529603593705e-05,        +1.031221860310e-04,        +2.705049017836e-05,        -3.677546278143e-05,        +5.894085858164e-05,        -4.481652561030e-05,        +2.172303149767e-05,        +3.270939311673e-05,        +1.414213562373e-01,        -4.695312078621e-06,        +6.517226031509e-05,        +1.003552461361e-01,        +5.454018205111e-02,        -3.334113017907e-02,        -4.173825966816e-02,        -1.512473368278e-02,        -4.143128381133e-02,        -3.358233566018e-02,        -2.560032577980e-02,        -4.800651631232e-02,        -1.702960864694e-02,        +3.938344079342e-02,        -2.377968828621e-02,        +1.414213562373e-01,        -1.024930091490e-04,        +6.302421145217e-05,        -3.334113017908e-02,        -4.173825966813e-02,        +1.155559973472e-01,        +1.398421948577e-02,        +5.055877312302e-02,        -7.414941344689e-02,        -2.428611210750e-02,        +2.396928549837e-02,        -1.923503368891e-02,        +3.477805472549e-02,        -3.576315223794e-02,        -1.186408005427e-02,        +1.414213562373e-01,        -7.529603593718e-05,        +1.031221860313e-04,        -1.512473368278e-02,        -4.143128381131e-02,        +5.055877312302e-02,        -7.414941344690e-02,        +8.558016069718e-02,        +2.518414813587e-02,        -2.514075768111e-02,        +1.367990384621e-02,        -2.422005247713e-02,        +2.378500699718e-02,        -2.501736305507e-02,        -1.834939781158e-02,        +1.414213562373e-01,        +2.705049017826e-05,        -3.677546278146e-05,        -3.358233566016e-02,        -2.560032577984e-02,        -2.428611210749e-02,        +2.396928549836e-02,        -2.514075768110e-02,        +1.367990384619e-02,        +8.394593475287e-02,        +2.406200310810e-02,        +4.841119713552e-02,        -7.422802263156e-02,        -9.942287683255e-03,        -3.280348858664e-02,        +1.414213562373e-01,        +5.894085858169e-05,        -4.481652561031e-05,        -4.800651631228e-02,        -1.702960864697e-02,        -1.923503368890e-02,        +3.477805472549e-02,        -2.422005247711e-02,        +2.378500699717e-02,        +4.841119713551e-02,        -7.422802263156e-02,        +1.129361502590e-01,        +1.534569796286e-02,        -2.376872614515e-02,        -3.366727014327e-02,        +1.414213562373e-01,        +2.172303149749e-05,        +3.270939311673e-05,        +3.938344079342e-02,        -2.377968828621e-02,        -3.576315223795e-02,        -1.186408005430e-02,        -2.501736305507e-02,        -1.834939781160e-02,        -9.942287683261e-03,        -3.280348858663e-02,        -2.376872614516e-02,        -3.366727014325e-02,        +1.386681666149e-01,        +4.188391867081e-02
 8.16000000e+01,        +1.414213562373e-01,        +5.815831157729e-02,        -1.098999888247e-01,        -3.189317911584e-07,        +6.214969975659e-05,        -9.734350403815e-05,        +7.004305523677e-05,        -6.766909486637e-05,        +1.080305953938e-04,        +2.526037549664e-05,        -4.417248304646e-05,        +5.830245268452e-05,        -5.138571472336e-05,        +2.442019902143e-05,        +2.810058028851e-05,        +1.414213562373e-01,        -3.189317912854e-07,        +6.214969975652e-05,        +1.028433788399e-01,        +5.439570820162e-02,        -3.631766343611e-02,        -3.979460179768e-02,        -1.706937201105e-02,        -3.994989280787e-02,        -3.476283504331e-02,        -2.324126935996e-02,        -4.974018821422e-02,        -1.387996709721e-02,        +4.012743932164e-02,        -2.491253672492e-02,        +1.414213562373e-01,        -9.734350403811e-05,        +7.004305523657e-05,        -3.631766343611e-02,        -3.979460179768e-02,        +1.142417394373e-01,        +1.230155670116e-02,        +4.697311670329e-02,        -7.628534613912e-02,        -2.175399561971e-02,        +2.542049934198e-02,        -1.555798803211e-02,        +3.592713213945e-02,        -3.701784834855e-02,        -9.511318237761e-03,        +1.414213562373e-01,        -6.766909486644e-05,        +1.080305953935e-04,        -1.706937201105e-02,        -3.994989280788e-02,        +4.697311670329e-02,        -7.628534613913e-02,        +8.404286950069e-02,        +2.578735671649e-02,        -2.329593423999e-02,        +1.534038538319e-02,        -2.170208021508e-02,        +2.523680084634e-02,        -2.587816387040e-02,        -1.660289254825e-02,        +1.414213562373e-01,        +2.526037549656e-05,        -4.417248304645e-05,        -3.476283504330e-02,        -2.324126935996e-02,        -2.175399561971e-02,        +2.542049934199e-02,        -2.329593423999e-02,        +1.534038538320e-02,        +8.230542820517e-02,        +2.488162627427e-02,        +4.478274010784e-02,        -7.608267144783e-02,        -1.153738639186e-02,        -3.183070476390e-02,        +1.414213562373e-01,        +5.830245268442e-05,        -5.138571472331e-05,        -4.974018821421e-02,        -1.387996709720e-02,        -1.555798803211e-02,        +3.592713213946e-02,        -2.170208021508e-02,        +2.523680084634e-02,        +4.478274010783e-02,        -7.608267144783e-02,        +1.116802790749e-01,        +1.404008357092e-02,        -2.620773501257e-02,        -3.239784532270e-02,        +1.414213562373e-01,        +2.442019902135e-05,        +2.810058028857e-05,        +4.012743932164e-02,        -2.491253672492e-02,        -3.701784834857e-02,        -9.511318237759e-03,        -2.587816387041e-02,        -1.660289254825e-02,        -1.153738639185e-02,        -3.183070476390e-02,        -2.620773501255e-02,        -3.239784532270e-02,        +1.402987779908e-01,        +4.202580030528e-02
 8.32000000e+01,        +1.414213562373e-01,        +5.493952508089e-02,        -1.072381340144e-01,        +3.573539272331e-06,        +5.916058932777e-05,        -9.184687060476e-05,        +7.665753108852e-05,        -5.980194482847e-05,        +1.125658071770e-04,        +2.247805120923e-05,        -5.112815317493e-05,        +5.687670371637e-05,        -5.767317383982e-05,        +2.654355193964e-05,        +2.353539386779e-05,        +1.414213562373e-01,        +3.573539272244e-06,        +5.916058932791e-05,        +1.053332582126e-01,        +5.396710308466e-02,        -3.916989111352e-02,        -3.760223966628e-02,        -1.886863763376e-02,        -3.835309302416e-02,        -3.576402707346e-02,        -2.085406412963e-02,        -5.128585735860e-02,        -1.057525001291e-02,        +4.085337676075e-02,        -2.626130263589e-02,        +1.414213562373e-01,        -9.184687060508e-05,        +7.665753108841e-05,        -3.916989111353e-02,        -3.760223966628e-02,        +1.128498372961e-01,        +1.080398997916e-02,        +4.329718543168e-02,        -7.816753538646e-02,        -1.917141383821e-02,        +2.654391035898e-02,        -1.182826713399e-02,        +3.663150848363e-02,        -3.813223856635e-02,        -7.042806606917e-03,        +1.414213562373e-01,        -5.980194482881e-05,        +1.125658071772e-04,        -1.886863763377e-02,        -3.835309302416e-02,        +4.329718543168e-02,        -7.816753538646e-02,        +8.255230607426e-02,        +2.663224624544e-02,        -2.137829247427e-02,        +1.673475069330e-02,        -1.913245476218e-02,        +2.636087714304e-02,        -2.660634461013e-02,        -1.483359472667e-02,        +1.414213562373e-01,        +2.247805120948e-05,        -5.112815317499e-05,        -3.576402707344e-02,        -2.085406412964e-02,        -1.917141383820e-02,        +2.654391035900e-02,        -2.137829247426e-02,        +1.673475069331e-02,        +8.074364777451e-02,        +2.594550146897e-02,        +4.110434941858e-02,        -7.768237564323e-02,        -1.303464832552e-02,        -3.076210804121e-02,        +1.414213562373e-01,        +5.687670371666e-05,        -5.767317383987e-05,        -5.128585735858e-02,        -1.057525001292e-02,        -1.182826713400e-02,        +3.663150848366e-02,        -1.913245476217e-02,        +2.636087714306e-02,        +4.110434941858e-02,        -7.768237564325e-02,        +1.104022500673e-01,        +1.291770410373e-02,        -2.857678177426e-02,        -3.093029098270e-02,        +1.414213562373e-01,        +2.654355193971e-05,        +2.353539386791e-05,        +4.085337676075e-02,        -2.626130263589e-02,        -3.813223856635e-02,        -7.042806606911e-03,        -2.660634461013e-02,        -1.483359472667e-02,        -1.303464832552e-02,        -3.076210804121e-02,        -2.857678177426e-02,        -3.093029098270e-02,        +1.419514009817e-01,        +4.200590693031e-02
 8.48000000e+01,        +1.414213562373e-01,        +5.183491299039e-02,        -1.045042534772e-01,        +7.034894005826e-06,        +5.621775727157e-05,        -8.602853723676e-05,        +8.284120586917e-05,        -5.169381701719e-05,        +1.166957809125e-04,        +1.881152560680e-05,        -5.757743361527e-05,        +5.476544870255e-05,        -6.361900640512e-05,        +2.813827353315e-05,        +1.904074012310e-05,        +1.414213562373e-01,        +7.034894005613e-06,        +5.621775727170e-05,        +1.077845204163e-01,        +5.325620041933e-02,        -4.187334191519e-02,        -3.516384619117e-02,        -2.051141015664e-02,        -3.664829534707e-02,        -3.658757611398e-02,        -1.844385610907e-02,        -5.263165900271e-02,        -7.115740138308e-03,        +4.152833251133e-02,        -2.782609641866e-02,        +1.414213562373e-01,        -8.602853723677e-05,        +8.284120586923e-05,        -4.187334191521e-02,        -3.516384619119e-02,        +1.113977658830e-01,        +9.479498869871e-03,        +3.954915563689e-02,        -7.980146120522e-02,        -1.658633106568e-02,        +2.735096925083e-02,        -8.105238922048e-03,        +3.689664694292e-02,        -3.909708467178e-02,        -4.459172686751e-03,        +1.414213562373e-01,        -5.169381701737e-05,        +1.166957809125e-04,        -2.051141015666e-02,        -3.664829534709e-02,        +3.954915563690e-02,        -7.980146120523e-02,        +8.113064219285e-02,        +2.771259802366e-02,        -1.942765385659e-02,        +1.787565679352e-02,        -1.655937229042e-02,        +2.716846664094e-02,        -2.720265331947e-02,        -1.304570068026e-02,        +1.414213562373e-01,        +1.881152560678e-05,        -5.757743361542e-05,        -3.658757611395e-02,        -1.844385610907e-02,        -1.658633106568e-02,        +2.735096925086e-02,        -1.942765385658e-02,        +1.787565679352e-02,        +7.928099690399e-02,        +2.724302394607e-02,        +3.739273658884e-02,        -7.903828394295e-02,        -1.442570382610e-02,        -2.960198440856e-02,        +1.414213562373e-01,        +5.476544870265e-05,        -6.361900640523e-05,        -5.263165900267e-02,        -7.115740138312e-03,        -8.105238922047e-03,        +3.689664694293e-02,        -1.655937229040e-02,        +2.716846664092e-02,        +3.739273658885e-02,        -7.903828394293e-02,        +1.091189718492e-01,        +1.195871600153e-02,        -3.085821438782e-02,        -2.926373456337e-02,        +1.414213562373e-01,        +2.813827353283e-05,        +1.904074012303e-05,        +4.152833251133e-02,        -2.782609641865e-02,        -3.909708467177e-02,        -4.459172686734e-03,        -2.720265331947e-02,        -1.304570068025e-02,        -1.442570382611e-02,        -2.960198440855e-02,        -3.085821438784e-02,        -2.926373456337e-02,        +1.436044168321e-01,        +4.182213536488e-02
 8.64000000e+01,        +1.414213562373e-01,        +4.884310313268e-02,        -1.017014667554e-01,        +1.010874799638e-05,        +5.333532373334e-05,        -7.992136935250e-05,        +8.857217557135e-05,        -4.335396711559e-05,        +1.203929829019e-04,        +1.435956590692e-05,        -6.346917660396e-05,        +5.206389223664e-05,        -6.918243983347e-05,        +2.924320997784e-05,        +1.464215348069e-05,        +1.414213562373e-01,        +1.010874799610e-05,        +5.333532373337e-05,        +1.101568198240e-01,        +5.226904125534e-02,        -4.440165048746e-02,        -3.248568313602e-02,        -2.198557643916e-02,        -3.484575476301e-02,        -3.723272602158e-02,        -1.601696406656e-02,        -5.376202538316e-02,        -3.503367828925e-03,        +4.211915984338e-02,        -2.960365847477e-02,        +1.414213562373e-01,        -7.992136935227e-05,        +8.857217557124e-05,        -4.440165048747e-02,        -3.248568313600e-02,        +1.098979186585e-01,        +8.314931400937e-03,        +3.574397334081e-02,        -8.119363971388e-02,        -1.404200964540e-02,        +2.785927689269e-02,        -4.444907077238e-03,        +3.673535599173e-02,        -3.990057860030e-02,        -1.762288042927e-03,        +1.414213562373e-01,        -4.335396711557e-05,        +1.203929829017e-04,        -2.198557643917e-02,        -3.484575476299e-02,        +3.574397334082e-02,        -8.119363971389e-02,        +7.979842639071e-02,        +2.902049181517e-02,        -1.747839313126e-02,        +1.878047710416e-02,        -1.402634468661e-02,        +2.767698846810e-02,        -2.766618370786e-02,        -1.124428200578e-02,        +1.414213562373e-01,        +1.435956590694e-05,        -6.346917660376e-05,        -3.723272602157e-02,        -1.601696406655e-02,        -1.404200964542e-02,        +2.785927689270e-02,        -1.747839313127e-02,        +1.878047710417e-02,        +7.793581622568e-02,        +2.876240226667e-02,        +3.366072601943e-02,        -8.016212906366e-02,        -1.570114423616e-02,        -2.835657501419e-02,        +1.414213562373e-01,        +5.206389223662e-05,        -6.918243983321e-05,        -5.376202538314e-02,        -3.503367828912e-03,        -4.444907077268e-03,        +3.673535599175e-02,        -1.402634468662e-02,        +2.767698846813e-02,        +3.366072601941e-02,        -8.016212906366e-02,        +1.078413510583e-01,        +1.114234973092e-02,        -3.303252993235e-02,        -2.739958646995e-02,        +1.414213562373e-01,        +2.924320997767e-05,        +1.464215348072e-05,        +4.211915984338e-02,        -2.960365847477e-02,        -3.990057860031e-02,        -1.762288042942e-03,        -2.766618370787e-02,        -1.124428200579e-02,        -1.570114423615e-02,        -2.835657501420e-02,        -3.303252993234e-02,        -2.739958646995e-02,        +1.452358372507e-01,        +4.147450529723e-02
 8.80000000e+01,        +1.414213562373e-01,        +4.596273930833e-02,        -9.883252906931e-02,        +1.283322599906e-05,        +5.052959879103e-05,        -7.356375373477e-05,        +9.383364935736e-05,        -3.479876753674e-05,        +1.236351773938e-04,        +9.211658770800e-06,        -6.876292325770e-05,        +4.885882729731e-05,        -7.433886181261e-05,        +2.989304757551e-05,        +1.036483499630e-05,        +1.414213562373e-01,        +1.283322599919e-05,        +5.052959879116e-05,        +1.124100519749e-01,        +5.101646463680e-02,        -4.672729820521e-02,        -2.957807384295e-02,        -2.327881294348e-02,        -3.295873127176e-02,        -3.769695671245e-02,        -1.358145296230e-02,        -5.465822092693e-02,        +2.573304613592e-04,        +4.259263618000e-02,        -3.158693439911e-02,        +1.414213562373e-01,        -7.356375373517e-05,        +9.383364935751e-05,        -4.672729820520e-02,        -2.957807384294e-02,        +1.083576821955e-01,        +7.297396793640e-03,        +3.189339244001e-02,        -8.235059130916e-02,        -1.157667334430e-02,        +2.809154280925e-02,        -8.994490780364e-04,        +3.616688854389e-02,        -4.052871879742e-02,        +1.044057298189e-03,        +1.414213562373e-01,        -3.479876753692e-05,        +1.236351773941e-04,        -2.327881294348e-02,        -3.295873127176e-02,        +3.189339244001e-02,        -8.235059130917e-02,        +7.857451989892e-02,        +3.054703711083e-02,        -1.555931059492e-02,        +1.947020450038e-02,        -1.157186466776e-02,        +2.790900866137e-02,        -2.799483672523e-02,        -9.435689579208e-03,        +1.414213562373e-01,        +9.211658770781e-06,        -6.876292325805e-05,        -3.769695671247e-02,        -1.358145296232e-02,        -1.157667334428e-02,        +2.809154280927e-02,        -1.555931059491e-02,        +1.947020450037e-02,        +7.672439737813e-02,        +3.049140903969e-02,        +2.991736039151e-02,        -8.106514931802e-02,        -1.685106762913e-02,        -2.703426856387e-02,        +1.414213562373e-01,        +4.885882729767e-05,        -7.433886181298e-05,        -5.465822092695e-02,        +2.573304613374e-04,        -8.994490780140e-04,        +3.616688854390e-02,        -1.157186466775e-02,        +2.790900866136e-02,        +2.991736039151e-02,        -8.106514931803e-02,        +1.065743938630e-01,        +1.044836586949e-02,        -3.507883921704e-02,        -2.534196617724e-02,        +1.414213562373e-01,        +2.989304757552e-05,        +1.036483499633e-05,        +4.259263618000e-02,        -3.158693439910e-02,        -4.052871879741e-02,        +1.044057298187e-03,        -2.799483672522e-02,        -9.435689579213e-03,        -1.685106762913e-02,        -2.703426856385e-02,        -3.507883921703e-02,        -2.534196617722e-02,        +1.468233645446e-01,        +4.096551184456e-02
 8.96000000e+01,        +1.414213562373e-01,        +4.319250502855e-02,        -9.589983697680e-02,        +1.524416965341e-05,        +4.781929022087e-05,        -6.699833211350e-05,        +9.861419268558e-05,        -2.604946400184e-05,        +1.264058198284e-04,        +3.448155790751e-06,        -7.342583136560e-05,        +4.522710712648e-05,        -7.907687077225e-05,        +3.012028135003e-05,        +6.234257925667e-06,        +1.414213562373e-01,        +1.524416965362e-05,        +4.781929022116e-05,        +1.145048691339e-01,        +4.951463858228e-02,        -4.882240815951e-02,        -2.645577071094e-02,        -2.437933029921e-02,        -3.100354603781e-02,        -3.797669219047e-02,        -1.114757851444e-02,        -5.529903161827e-02,        +4.158372353643e-03,        +4.291581825760e-02,        -3.376467797361e-02,        +1.414213562373e-01,        -6.699833211364e-05,        +9.861419268621e-05,        -4.882240815950e-02,        -2.645577071092e-02,        +1.067798675194e-01,        +6.415548227375e-03,        +2.800630955600e-02,        -8.327791198813e-02,        -9.223296649225e-03,        +2.807465902085e-02,        +2.483117056083e-03,        +3.521616874615e-02,        -4.096579887800e-02,        +3.953562399094e-03,        +1.414213562373e-01,        -2.604946400163e-05,        +1.264058198290e-04,        -2.437933029921e-02,        -3.100354603781e-02,        +2.800630955600e-02,        -8.327791198813e-02,        +7.747629498158e-02,        +3.228300409155e-02,        -1.369361106218e-02,        +1.996846392327e-02,        -9.229196412728e-03,        +2.789131579351e-02,        -2.818582085935e-02,        -7.627868487315e-03,        +1.414213562373e-01,        +3.448155790213e-06,        -7.342583136591e-05,        -3.797669219046e-02,        -1.114757851445e-02,        -9.223296649223e-03,        +2.807465902085e-02,        -1.369361106218e-02,        +1.996846392327e-02,        +7.566125857617e-02,        +3.241802530638e-02,        +2.616830198922e-02,        -8.175711511540e-02,        -1.786560698906e-02,        -2.564572199433e-02,        +1.414213562373e-01,        +4.522710712599e-05,        -7.907687077265e-05,        -5.529903161826e-02,        +4.158372353632e-03,        +2.483117056095e-03,        +3.521616874615e-02,        -9.229196412725e-03,        +2.789131579351e-02,        +2.616830198922e-02,        -8.175711511540e-02,        +1.053176590234e-01,        +9.858406595887e-03,        -3.697537956585e-02,        -2.309806620057e-02,        +1.414213562373e-01,        +3.012028135014e-05,        +6.234257925503e-06,        +4.291581825760e-02,        -3.376467797361e-02,        -4.096579887801e-02,        +3.953562399092e-03,        -2.818582085936e-02,        -7.627868487306e-03,        -1.786560698905e-02,        -2.564572199434e-02,        -3.697537956584e-02,        -2.309806620057e-02,        +1.483446127792e-01,        +4.030046685716e-02
 9.12000000e+01,        +1.414213562373e-01,        +4.053114674216e-02,        -9.290543295974e-02,        +1.737795917870e-05,        +4.522512363624e-05,        -6.027129911829e-05,        +1.029079207737e-04,        -1.713044038765e-05,        +1.286943167519e-04,        -2.859304662091e-06,        -7.742967907219e-05,        +4.123437893845e-05,        -8.339528474129e-05,        +2.995704365815e-05,        +2.276381617890e-06,        +1.414213562373e-01,        +1.737795917888e-05,        +4.522512363640e-05,        +1.164034499839e-01,        +4.778546014209e-02,        -5.065960584486e-02,        -2.313820101668e-02,        -2.527659442457e-02,        -2.899953294906e-02,        -3.806805870517e-02,        -8.728089636366e-03,        -5.566160425441e-02,        +8.187639268832e-03,        +4.305657979752e-02,        -3.612113219203e-02,        +1.414213562373e-01,        -6.027129911806e-05,        +1.029079207737e-04,        -5.065960584487e-02,        -2.313820101668e-02,        +1.051634360874e-01,        +5.660679761342e-03,        +2.408933074564e-02,        -8.397950885983e-02,        -7.009473098982e-03,        +2.783888158190e-02,        +5.659200239633e-03,        +3.391313619034e-02,        -4.119500536973e-02,        +6.956928539858e-03,        +1.414213562373e-01,        -1.713044038760e-05,        +1.286943167518e-04,        -2.527659442458e-02,        -2.899953294906e-02,        +2.408933074566e-02,        -8.397950885983e-02,        +7.652002809365e-02,        +3.421930246253e-02,        -1.189895714132e-02,        +2.030062700854e-02,        -7.026244753819e-03,        +2.765410588623e-02,        -2.823619030179e-02,        -5.830573484746e-03,        +1.414213562373e-01,        -2.859304662095e-06,        -7.742967907176e-05,        -3.806805870516e-02,        -8.728089636369e-03,        -7.009473098991e-03,        +2.783888158189e-02,        -1.189895714132e-02,        +2.030062700853e-02,        +7.475961398812e-02,        +3.453092719592e-02,        +2.241646671747e-02,        -8.224551996422e-02,        -1.873545404609e-02,        -2.420390945319e-02,        +1.414213562373e-01,        +4.123437893840e-05,        -8.339528474091e-05,        -5.566160425440e-02,        +8.187639268833e-03,        +5.659200239623e-03,        +3.391313619032e-02,        -7.026244753824e-03,        +2.765410588622e-02,        +2.241646671747e-02,        -8.224551996422e-02,        +1.040660042010e-01,        +9.357170259441e-03,        -3.870008886047e-02,        -2.067844273439e-02,        +1.414213562373e-01,        +2.995704365830e-05,        +2.276381618047e-06,        +4.305657979751e-02,        -3.612113219204e-02,        -4.119500536974e-02,        +6.956928539856e-03,        -2.823619030179e-02,        -5.830573484741e-03,        -1.873545404608e-02,        -2.420390945320e-02,        -3.870008886046e-02,        -2.067844273440e-02,        +1.497774748295e-01,        +3.948778968281e-02
 9.28000000e+01,        +1.414213562373e-01,        +3.797749691468e-02,        -8.985100871623e-02,        +1.927399913038e-05,        +4.276892710579e-05,        -5.343214165048e-05,        +1.067148707450e-04,        -8.067815524327e-06,        +1.304963418584e-04,        -9.647023506405e-06,        -8.074791378884e-05,        +3.693408540717e-05,        -8.730005759150e-05,        +2.943682420358e-05,        -1.482517930113e-06,        +1.414213562373e-01,        +1.927399913071e-05,        +4.276892710593e-05,        +1.180704746910e-01,        +4.585675902610e-02,        -5.221294243067e-02,        -1.964956469337e-02,        -2.596202624724e-02,        -2.696887867649e-02,        -3.796767942714e-02,        -6.338373673825e-03,        -5.572241693808e-02,        +1.232837091313e-02,        +4.298430200883e-02,        -3.863583609344e-02,        +1.414213562373e-01,        -5.343214165066e-05,        +1.067148707452e-04,        -5.221294243067e-02,        -1.964956469337e-02,        +1.035044509178e-01,        +5.027583693924e-03,        +2.014750319886e-02,        -8.445703768127e-02,        -4.957325434853e-03,        +2.741710022866e-02,        +8.589886634736e-03,        +3.229217943295e-02,        -4.119911066139e-02,        +1.004150431759e-02,        +1.414213562373e-01,        -8.067815524210e-06,        +1.304963418587e-04,        -2.596202624724e-02,        -2.696887867650e-02,        +2.014750319887e-02,        -8.445703768127e-02,        +7.572142268426e-02,        +3.634727856110e-02,        -1.018756979441e-02,        +2.049301292948e-02,        -4.985465556026e-03,        +2.723025699117e-02,        -2.814341116264e-02,        -4.055473474875e-03,        +1.414213562373e-01,        -9.647023506583e-06,        -8.074791378915e-05,        -3.796767942715e-02,        -6.338373673822e-03,        -4.957325434863e-03,        +2.741710022866e-02,        -1.018756979441e-02,        +2.049301292948e-02,        +7.403197221943e-02,        +3.681978550754e-02,        +1.866282661701e-02,        -8.253497317099e-02,        -1.945238297936e-02,        -2.272409306785e-02,        +1.414213562373e-01,        +3.693408540710e-05,        -8.730005759191e-05,        -5.572241693809e-02,        +1.232837091313e-02,        +8.589886634739e-03,        +3.229217943294e-02,        -4.985465556021e-03,        +2.723025699116e-02,        +1.866282661701e-02,        -8.253497317098e-02,        +1.028105614694e-01,        +8.933357315289e-03,        -4.023124369886e-02,        -1.809721254581e-02,        +1.414213562373e-01,        +2.943682420375e-05,        -1.482517930103e-06,        +4.298430200883e-02,        -3.863583609343e-02,        -4.119911066140e-02,        +1.004150431759e-02,        -2.814341116264e-02,        -4.055473474870e-03,        -1.945238297936e-02,        -2.272409306785e-02,        -4.023124369886e-02,        -1.809721254581e-02,        +1.511006146771e-01,        +3.853920992144e-02
 9.44000000e+01,        +1.414213562373e-01,        +3.553049735984e-02,        -8.673790692906e-02,        +2.097688269137e-05,        +4.047220300646e-05,        -4.653367103924e-05,        +1.100417282113e-04,        +1.111819577751e-06,        +1.318143355609e-04,        -1.685803946800e-05,        -8.335272797455e-05,        +3.236674578767e-05,        -9.080104640864e-05,        +2.859608311239e-05,        -5.016409452651e-06,        +1.414213562373e-01,        +2.097688269157e-05,        +4.047220300650e-05,        +1.194742427720e-01,        +4.376224868104e-02,        -5.345886104637e-02,        -1.601875486357e-02,        -2.642967048901e-02,        -2.493634305630e-02,        -3.767348170262e-02,        -3.996432133372e-03,        -5.545834724304e-02,        +1.655887834889e-02,        +4.267067678743e-02,        -4.128360006850e-02,        +1.414213562373e-01,        -4.653367103938e-05,        +1.100417282106e-04,        -5.345886104634e-02,        -1.601875486357e-02,        +1.017971796868e-01,        +4.515134312296e-03,        +1.618514688669e-02,        -8.470956084760e-02,        -3.083433216731e-03,        +2.684416964574e-02,        +1.124120243489e-02,        +3.039161988647e-02,        -4.096123630279e-02,        +1.319108773769e-02,        +1.414213562373e-01,        +1.111819577528e-06,        +1.318143355604e-04,        -2.642967048899e-02,        -2.493634305630e-02,        +1.618514688669e-02,        -8.470956084762e-02,        +7.509620184790e-02,        +3.865881850127e-02,        -8.566357504047e-03,        +2.057215454975e-02,        -3.123792703827e-03,        +2.665466696454e-02,        -2.790593840130e-02,        -2.316135728523e-03,        +1.414213562373e-01,        -1.685803946796e-05,        -8.335272797440e-05,        -3.767348170263e-02,        -3.996432133372e-03,        -3.083433216732e-03,        +2.684416964575e-02,        -8.566357504059e-03,        +2.057215454973e-02,        +7.349080493112e-02,        +3.927536557992e-02,        +1.490731897810e-02,        -8.262681336169e-02,        -2.000976931689e-02,        -2.122370680692e-02,        +1.414213562373e-01,        +3.236674578788e-05,        -9.080104640845e-05,        -5.545834724305e-02,        +1.655887834889e-02,        +1.124120243489e-02,        +3.039161988646e-02,        -3.123792703833e-03,        +2.665466696450e-02,        +1.490731897809e-02,        -8.262681336168e-02,        +1.015398750960e-01,        +8.580353278643e-03,        -4.154815233271e-02,        -1.537213163986e-02,        +1.414213562373e-01,        +2.859608311242e-05,        -5.016409452219e-06,        +4.267067678742e-02,        -4.128360006850e-02,        -4.096123630281e-02,        +1.319108773770e-02,        -2.790593840131e-02,        -2.316135728526e-03,        -2.000976931689e-02,        -2.122370680692e-02,        -4.154815233270e-02,        -1.537213163987e-02,        +1.522940564918e-01,        +3.746984823184e-02
 9.60000000e+01,        +1.414213562373e-01,        +3.318922327375e-02,        -8.356712126850e-02,        +2.253822041477e-05,        +3.835419455601e-05,        -3.963218247326e-05,        +1.129030411902e-04,        +1.038272858824e-05,        +1.326582628318e-04,        -2.444041165921e-05,        -8.521215286356e-05,        +2.755954334059e-05,        -9.390856521161e-05,        +2.747573606635e-05,        -8.300475383577e-06,        +1.414213562373e-01,        +2.253822041478e-05,        +3.835419455620e-05,        +1.205878567350e-01,        +4.154118371093e-02,        -5.437717031753e-02,        -1.227907643996e-02,        -2.667681435709e-02,        -2.292885540502e-02,        -3.718548511160e-02,        -1.722681171739e-03,        -5.484779030757e-02,        +2.085250221992e-02,        +4.209057101227e-02,        -4.403468289829e-02,        +1.414213562373e-01,        -3.963218247296e-05,        +1.129030411901e-04,        -5.437717031752e-02,        -1.227907643997e-02,        +1.000352755012e-01,        +4.126582147452e-03,        +1.220672569314e-02,        -8.473342799464e-02,        -1.398766959952e-03,        +2.615627449205e-02,        +1.358439820795e-02,        +2.825320440574e-02,        -4.046565145548e-02,        +1.638590467688e-02,        +1.414213562373e-01,        +1.038272858808e-05,        +1.326582628315e-04,        -2.667681435710e-02,        -2.292885540503e-02,        +1.220672569316e-02,        -8.473342799463e-02,        +7.466071822457e-02,        +4.114625827443e-02,        -7.037064451965e-03,        +2.056410747014e-02,        -1.452570455152e-03,        +2.596362661572e-02,        -2.752378049458e-02,        -6.278855334613e-04,        +1.414213562373e-01,        -2.444041165887e-05,        -8.521215286334e-05,        -3.718548511159e-02,        -1.722681171734e-03,        -1.398766959953e-03,        +2.615627449204e-02,        -7.037064451962e-03,        +2.056410747012e-02,        +7.314923364104e-02,        +4.188942718992e-02,        +1.114980446053e-02,        -8.251894716196e-02,        -2.040309150719e-02,        -1.972214647489e-02,        +1.414213562373e-01,        +2.755954334086e-05,        -9.390856521145e-05,        -5.484779030755e-02,        +2.085250221993e-02,        +1.358439820795e-02,        +2.825320440571e-02,        -1.452570455153e-03,        +2.596362661569e-02,        +1.114980446054e-02,        -8.251894716195e-02,        +1.002411333012e-01,        +8.296629931686e-03,        -4.263188033018e-02,        -1.252453258196e-02,        +1.414213562373e-01,        +2.747573606644e-05,        -8.300475383304e-06,        +4.209057101227e-02,        -4.403468289829e-02,        -4.046565145548e-02,        +1.638590467689e-02,        -2.752378049457e-02,        -6.278855334500e-04,        -2.040309150720e-02,        -1.972214647490e-02,        -4.263188033019e-02,        -1.252453258198e-02,        +1.533398333192e-01,        +3.629814776846e-02
 9.76000000e+01,        +1.414213562373e-01,        +3.095290848564e-02,        -8.033929436491e-02,        +2.401809795994e-05,        +3.642944732783e-05,        -3.278756482690e-05,        +1.153230215337e-04,        +1.972163925474e-05,        +1.330466581119e-04,        -3.234487374871e-05,        -8.628717310391e-05,        +2.252626707602e-05,        -9.662965091328e-05,        +2.612247452460e-05,        -1.131250616471e-05,        +1.414213562373e-01,        +2.401809795994e-05,        +3.642944732812e-05,        +1.213903826737e-01,        +3.923770382741e-02,        -5.495197590583e-02,        -8.467749587044e-03,        -2.670453067526e-02,        -2.097499020152e-02,        -3.650653405255e-02,        +4.604193120152e-04,        -5.387176748953e-02,        +2.517782964845e-02,        +4.122289033378e-02,        -4.685518942869e-02,        +1.414213562373e-01,        -3.278756482721e-05,        +1.153230215336e-04,        -5.495197590582e-02,        -8.467749587025e-03,        +9.821296239131e-02,        +3.869560446951e-03,        +8.217704359174e-03,        -8.452236766357e-02,        +9.137056218625e-05,        +2.539030394517e-02,        +1.559624490876e-02,        +2.592157008191e-02,        -3.969856291124e-02,        +1.960277326266e-02,        +1.414213562373e-01,        +1.972163925485e-05,        +1.330466581116e-04,        -2.670453067525e-02,        -2.097499020152e-02,        +8.217704359184e-03,        -8.452236766358e-02,        +7.443253681565e-02,        +4.380211122431e-02,        -5.596436161880e-03,        +2.049378108986e-02,        +2.250855607571e-05,        +2.519420404421e-02,        -2.699902571457e-02,        +9.924559002256e-04,        +1.414213562373e-01,        -3.234487374880e-05,        -8.628717310388e-05,        -3.650653405256e-02,        +4.604193119996e-04,        +9.137056219936e-05,        +2.539030394517e-02,        -5.596436161873e-03,        +2.049378108985e-02,        +7.302169039174e-02,        +4.465443310484e-02,        +7.391022496744e-03,        -8.220590493086e-02,        -2.063039685814e-02,        -1.824046391652e-02,        +1.414213562373e-01,        +2.252626707607e-05,        -9.662965091355e-05,        -5.387176748953e-02,        +2.517782964844e-02,        +1.559624490876e-02,        +2.592157008192e-02,        +2.250855607393e-05,        +2.519420404420e-02,        +7.391022496751e-03,        -8.220590493085e-02,        +9.890142568973e-02,        +8.085861245011e-03,        -4.346597544502e-02,        -9.579104154072e-03,        +1.414213562373e-01,        +2.612247452472e-05,        -1.131250616445e-05,        +4.122289033378e-02,        -4.685518942871e-02,        -3.969856291125e-02,        +1.960277326265e-02,        -2.699902571457e-02,        +9.924559002172e-04,        -2.063039685813e-02,        -1.824046391651e-02,        -4.346597544502e-02,        -9.579104154059e-03,        +1.542226502992e-01,        +3.504563893392e-02
 9.92000000e+01,        +1.414213562373e-01,        +2.882097252302e-02,        -7.705471345594e-02,        +2.548611270788e-05,        +3.470486149562e-05,        -2.606317422512e-05,        +1.173380124805e-04,        +2.910987261189e-05,        +1.330079438729e-04,        -4.052171270587e-05,        -8.652888306659e-05,        +1.726768252488e-05,        -9.896395698913e-05,        +2.458987387880e-05,        -1.403473916527e-05,        +1.414213562373e-01,        +2.548611270774e-05,        +3.470486149584e-05,        +1.218678931977e-01,        +3.689987124474e-02,        -5.517251253163e-02,        -4.625202047749e-03,        -2.651811819973e-02,        -1.910433592826e-02,        -3.564293832519e-02,        +2.528892749032e-03,        -5.251495930930e-02,        +2.949916525052e-02,        +4.005137486915e-02,        -4.970768892271e-02,        +1.414213562373e-01,        -2.606317422513e-05,        +1.173380124804e-04,        -5.517251253164e-02,        -4.625202047732e-03,        +9.632615702444e-02,        +3.755823042096e-03,        +4.225346575362e-03,        -8.406776713047e-02,        +1.387387238180e-03,        +2.458321875859e-02,        +1.725931703284e-02,        +2.344365667871e-02,        -3.864884824999e-02,        +2.281545026942e-02,        +1.414213562373e-01,        +2.910987261187e-05,        +1.330079438730e-04,        -2.651811819974e-02,        -1.910433592824e-02,        +4.225346575358e-03,        -8.406776713048e-02,        +7.443095524249e-02,        +4.661862946450e-02,        -4.236406962593e-03,        +2.038427422292e-02,        +1.301451507588e-03,        +2.438362323360e-02,        -2.633630391096e-02,        +2.526944039301e-03,        +1.414213562373e-01,        -4.052171270601e-05,        -8.652888306643e-05,        -3.564293832520e-02,        +2.528892749017e-03,        +1.387387238215e-03,        +2.458321875859e-02,        -4.236406962575e-03,        +2.038427422290e-02,        +7.312451589143e-02,        +4.756308077604e-02,        +3.633499836830e-03,        -8.167909488386e-02,        -2.069271084466e-02,        -1.680097087270e-02,        +1.414213562373e-01,        +1.726768252475e-05,        -9.896395698904e-05,        -5.251495930929e-02,        +2.949916525051e-02,        +1.725931703287e-02,        +2.344365667871e-02,        +1.301451507607e-03,        +2.438362323357e-02,        +3.633499836831e-03,        -8.167909488384e-02,        +9.750896020424e-02,        +7.956766223135e-03,        -4.403714988508e-02,        -6.563508624301e-03,        +1.414213562373e-01,        +2.458987387888e-05,        -1.403473916522e-05,        +4.005137486916e-02,        -4.970768892271e-02,        -3.864884824998e-02,        +2.281545026942e-02,        -2.633630391095e-02,        +2.526944039298e-03,        -2.069271084466e-02,        -1.680097087270e-02,        -4.403714988507e-02,        -6.563508624315e-03,        +1.549305121195e-01,        +3.373653366502e-02
 1.00800000e+02,        +1.414213562373e-01,        +2.679305019814e-02,        -7.371330336993e-02,        +2.702192918273e-05,        +3.317622283899e-05,        -1.952527156428e-05,        +1.189996919848e-04,        +3.853625762828e-05,        +1.325819670630e-04,        -4.891667885671e-05,        -8.587573246677e-05,        +1.177243938437e-05,        -1.008991763330e-04,        +2.293923612415e-05,        -1.645616686862e-05,        +1.414213562373e-01,        +2.702192918235e-05,        +3.317622283889e-05,        +1.220143011039e-01,        +3.457843825452e-02,        -5.503381802102e-02,        -7.941750715522e-04,        -2.612741535544e-02,        -1.734678177880e-02,        -3.460498985598e-02,        +4.457902349182e-03,        -5.076659627396e-02,        +3.377723034792e-02,        +3.856525951093e-02,        -5.255203234014e-02,        +1.414213562373e-01,        -1.952527156386e-05,        +1.189996919841e-04,        -5.503381802103e-02,        -7.941750715474e-04,        +9.437346667641e-02,        +3.800749701551e-03,        +2.394208636834e-04,        -8.335910884962e-02,        +2.495416938143e-03,        +2.377140273552e-02,        +1.856223032902e-02,        +2.086805870744e-02,        -3.730868387803e-02,        +2.599513986715e-02,        +1.414213562373e-01,        +3.853625762819e-05,        +1.325819670621e-04,        -2.612741535545e-02,        -1.734678177878e-02,        +2.394208636968e-04,        -8.335910884964e-02,        +7.467743495490e-02,        +4.958721861597e-02,        -2.944316989008e-03,        +2.025620163699e-02,        +2.389988517152e-03,        +2.356862890310e-02,        -2.554316137275e-02,        +3.956974422387e-03,        +1.414213562373e-01,        -4.891667885700e-05,        -8.587573246638e-05,        -3.460498985598e-02,        +4.457902349168e-03,        +2.495416938127e-03,        +2.377140273552e-02,        -2.944316989022e-03,        +2.025620163699e-02,        +7.347646667305e-02,        +5.060767461504e-02,        -1.176222370400e-04,        -8.092722840606e-02,        -2.059436993106e-02,        -1.542676626503e-02,        +1.414213562373e-01,        +1.177243938365e-05,        -1.008991763327e-04,        -5.076659627396e-02,        +3.377723034792e-02,        +1.856223032901e-02,        +2.086805870741e-02,        +2.389988517123e-03,        +2.356862890308e-02,        -1.176222370302e-04,        -8.092722840605e-02,        +9.605417907142e-02,        +7.922707143732e-03,        -4.433587485623e-02,        -3.507846985431e-03,        +1.414213562373e-01,        +2.293923612420e-05,        -1.645616686826e-05,        +3.856525951094e-02,        -5.255203234014e-02,        -3.730868387804e-02,        +2.599513986717e-02,        -2.554316137273e-02,        +3.956974422391e-03,        -2.059436993107e-02,        -1.542676626504e-02,        -4.433587485623e-02,        -3.507846985449e-03,        +1.554552635696e-01,        +3.239716142551e-02
 1.02400000e+02,        +1.414213562373e-01,        +2.486902456644e-02,        -7.031461645126e-02,        +2.871528375199e-05,        +3.182418404913e-05,        -1.324180061756e-05,        +1.203790866301e-04,        +4.800114081466e-05,        +1.318216492806e-04,        -5.746567273602e-05,        -8.425094946873e-05,        +6.018667818172e-06,        -1.024058739395e-04,        +2.124010774789e-05,        -1.857535266681e-05,        +1.414213562373e-01,        +2.871528375212e-05,        +3.182418404917e-05,        +1.218319056792e-01,        +3.232541101890e-02,        -5.453719858871e-02,        +2.981311116168e-03,        -2.554697243168e-02,        -1.573175611606e-02,        -3.340733339535e-02,        +6.222500461377e-03,        -4.862114924172e-02,        +3.797004245740e-02,        +3.675973958256e-02,        -5.534632463926e-02,        +1.414213562373e-01,        -1.324180061808e-05,        +1.203790866300e-04,        -5.453719858872e-02,        +2.981311116158e-03,        +9.235701691182e-02,        +4.022670192443e-03,        -3.727205623990e-03,        -8.238452680488e-02,        +3.427297246131e-03,        +2.298999883855e-02,        +1.949980140111e-02,        +1.824432753767e-02,        -3.567402588859e-02,        +2.911112892469e-02,        +1.414213562373e-01,        +4.800114081403e-05,        +1.318216492810e-04,        -2.554697243170e-02,        -1.573175611606e-02,        -3.727205623983e-03,        -8.238452680488e-02,        +7.519592533099e-02,        +5.269772451820e-02,        -1.703167627595e-03,        +2.012700059186e-02,        +3.299561482486e-03,        +2.278483795102e-02,        -2.463033375047e-02,        +5.263810123006e-03,        +1.414213562373e-01,        -5.746567273578e-05,        -8.425094946825e-05,        -3.340733339534e-02,        +6.222500461380e-03,        +3.427297246124e-03,        +2.298999883854e-02,        -1.703167627606e-03,        +2.012700059187e-02,        +7.409911029557e-02,        +5.377935613891e-02,        -3.853864543918e-03,        -7.993688361328e-02,        -2.034326330782e-02,        -1.414120831097e-02,        +1.414213562373e-01,        +6.018667818258e-06,        -1.024058739391e-04,        -4.862114924170e-02,        +3.797004245740e-02,        +1.949980140110e-02,        +1.824432753766e-02,        +3.299561482465e-03,        +2.278483795103e-02,        -3.853864543912e-03,        -7.993688361328e-02,        +9.453072353560e-02,        +8.001087413515e-03,        -4.435684520557e-02,        -4.439990052137e-04,        +1.414213562373e-01,        +2.124010774792e-05,        -1.857535266679e-05,        +3.675973958257e-02,        -5.534632463925e-02,        -3.567402588859e-02,        +2.911112892471e-02,        -2.463033375045e-02,        +5.263810123018e-03,        -2.034326330783e-02,        -1.414120831098e-02,        -4.435684520559e-02,        -4.439990052264e-04,        +1.557929968106e-01,        +3.105527569186e-02
 1.04000000e+02,        +1.414213562373e-01,        +2.304906429693e-02,        -6.685781896051e-02,        +3.066535271034e-05,        +3.060963770878e-05,        -7.280239175265e-06,        +1.215714909321e-04,        +5.752186672190e-05,        +1.307945825927e-04,        -6.608787243827e-05,        -8.156029156926e-05,        -2.352133698455e-08,        -1.034315793790e-04,        +1.957040217192e-05,        -2.040381859944e-05,        +1.414213562373e-01,        +3.066535270984e-05,        +3.060963770942e-05,        +1.213315974654e-01,        +3.019250013018e-02,        -5.369045086516e-02,        +6.657068226528e-03,        -2.479608052363e-02,        -1.428745568297e-02,        -3.206918298927e-02,        +7.798428765298e-03,        -4.607877757635e-02,        +4.203390780075e-02,        +3.463619860239e-02,        -5.804798882857e-02,        +1.414213562373e-01,        -7.280239174655e-06,        +1.215714909314e-04,        -5.369045086515e-02,        +6.657068226524e-03,        +9.028308084737e-02,        +4.442069711468e-03,        -7.658090212181e-03,        -8.113144550379e-02,        +4.200505887244e-03,        +2.227223556282e-02,        +2.007310473401e-02,        +1.562225096762e-02,        -3.374491412399e-02,        +3.213149897631e-02,        +1.414213562373e-01,        +5.752186672183e-05,        +1.307945825917e-04,        -2.479608052363e-02,        -1.428745568298e-02,        -7.658090212182e-03,        -8.113144550381e-02,        +7.601306944513e-02,        +5.593760608815e-02,        -4.919244353984e-04,        +2.001020675013e-02,        +4.047275954782e-03,        +2.206608322315e-02,        -2.361191262380e-02,        +6.429142601013e-03,        +1.414213562373e-01,        -6.608787243866e-05,        -8.156029156903e-05,        -3.206918298928e-02,        +7.798428765303e-03,        +4.200505887248e-03,        +2.227223556283e-02,        -4.919244354031e-04,        +2.001020675013e-02,        +7.501709374986e-02,        +5.706720569004e-02,        -7.562799036255e-03,        -7.869317247382e-02,        -1.995097793069e-02,        -1.296735798224e-02,        +1.414213562373e-01,        -2.352133735310e-08,        -1.034315793797e-04,        -4.607877757634e-02,        +4.203390780076e-02,        +2.007310473399e-02,        +1.562225096761e-02,        +4.047275954774e-03,        +2.206608322315e-02,        -7.562799036258e-03,        -7.869317247382e-02,        +9.293621292590e-02,        +8.212606663850e-03,        -4.409928166742e-02,        +2.595119719828e-03,        +1.414213562373e-01,        +1.957040217156e-05,        -2.040381859889e-05,        +3.463619860239e-02,        -5.804798882858e-02,        -3.374491412399e-02,        +3.213149897634e-02,        -2.361191262379e-02,        +6.429142601020e-03,        -1.995097793069e-02,        -1.296735798224e-02,        -4.409928166743e-02,        +2.595119719823e-03,        +1.559442896849e-01,        +2.973927472831e-02
 1.05600000e+02,        +1.414213562373e-01,        +2.133366674706e-02,        -6.334167338902e-02,        +3.297936373220e-05,        +2.946837544205e-05,        -1.704176640460e-06,        +1.227024201617e-04,        +6.714020219711e-05,        +1.295843081607e-04,        -7.467685577847e-05,        -7.769037213962e-05,        -6.388320265383e-06,        -1.038939476095e-04,        +1.801603053549e-05,        -2.197011057986e-05,        +1.414213562373e-01,        +3.297936373189e-05,        +2.946837544199e-05,        +1.205326997553e-01,        +2.822956406054e-02,        -5.250782968536e-02,        +1.018985146715e-02,        -2.389867142057e-02,        -1.304010367639e-02,        -3.061439266169e-02,        +9.162927598429e-03,        -4.314551741109e-02,        +4.592444629082e-02,        +3.220217780941e-02,        -6.061484508436e-02,        +1.414213562373e-01,        -1.704176640216e-06,        +1.227024201622e-04,        -5.250782968535e-02,        +1.018985146716e-02,        +8.816250452634e-02,        +5.080743987202e-03,        -1.153284417618e-02,        -7.958726948577e-02,        +4.838061335120e-03,        +2.164874965008e-02,        +2.028941832173e-02,        +1.305115013642e-02,        -3.152558770911e-02,        +3.502385535898e-02,        +1.414213562373e-01,        +6.714020219691e-05,        +1.295843081614e-04,        -2.389867142057e-02,        -1.304010367638e-02,        -1.153284417617e-02,        -7.958726948576e-02,        +7.715828400374e-02,        +5.929100027033e-02,        +7.141226012282e-04,        +1.991468589226e-02,        +4.655822978491e-03,        +2.144375570763e-02,        -2.250541392283e-02,        +7.435655820624e-03,        +1.414213562373e-01,        -7.467685577798e-05,        -7.769037213974e-05,        -3.061439266169e-02,        +9.162927598425e-03,        +4.838061335108e-03,        +2.164874965009e-02,        +7.141226012311e-04,        +1.991468589227e-02,        +7.625827360970e-02,        +6.045722228301e-02,        -1.122754379752e-02,        -7.718048040641e-02,        -1.943285288910e-02,        -1.192742124814e-02,        +1.414213562373e-01,        -6.388320264950e-06,        -1.038939476091e-04,        -4.314551741107e-02,        +4.592444629082e-02,        +2.028941832172e-02,        +1.305115013643e-02,        +4.655822978493e-03,        +2.144375570764e-02,        -1.122754379752e-02,        -7.718048040640e-02,        +9.127282454830e-02,        +8.580439448977e-03,        -4.356705405990e-02,        +5.576329980574e-03,        +1.414213562373e-01,        +1.801603053587e-05,        -2.197011058027e-05,        +3.220217780940e-02,        -6.061484508436e-02,        -3.152558770911e-02,        +3.502385535898e-02,        -2.250541392283e-02,        +7.435655820627e-03,        -1.943285288910e-02,        -1.192742124815e-02,        -4.356705405991e-02,        +5.576329980566e-03,        +1.559142554318e-01,        +2.847739149196e-02
 1.07200000e+02,        +1.414213562373e-01,        +1.972370837207e-02,        -5.976451600920e-02,        +3.577026382796e-05,        +2.830486389235e-05,        +3.431862040561e-06,        +1.239347663023e-04,        +7.693231270392e-05,        +1.282908653045e-04,        -8.308912728835e-05,        -7.250796657196e-05,        -1.310882865440e-05,        -1.036727475195e-04,        +1.666989256026e-05,        -2.332470418729e-05,        +1.414213562373e-01,        +3.577026382786e-05,        +2.830486389319e-05,        +1.194624624146e-01,        +2.648315515256e-02,        -5.100977867752e-02,        +1.353839354039e-02,        -2.288311871562e-02,        -1.201326663392e-02,        -2.907140663404e-02,        +1.029552044744e-02,        -3.983322151956e-02,        +4.959756404492e-02,        +2.947109443921e-02,        -6.300612330829e-02,        +1.414213562373e-01,        +3.431862040125e-06,        +1.239347663025e-04,        -5.100977867753e-02,        +1.353839354040e-02,        +8.601094810171e-02,        +5.960970312004e-03,        -1.532684426964e-02,        -7.774010284729e-02,        +5.368402934136e-03,        +2.114690519870e-02,        +2.016207021017e-02,        +1.057923879845e-02,        -2.902442193202e-02,        +3.775601097099e-02,        +1.414213562373e-01,        +7.693231270302e-05,        +1.282908653046e-04,        -2.288311871563e-02,        -1.201326663391e-02,        -1.532684426962e-02,        -7.774010284730e-02,        +7.866370461135e-02,        +6.273767352334e-02,        +1.942927714038e-03,        +1.984380160411e-02,        +5.153388244750e-03,        +2.094614501261e-02,        -2.133176931251e-02,        +8.267569614110e-03,        +1.414213562373e-01,        -8.308912728820e-05,        -7.250796657187e-05,        -2.907140663404e-02,        +1.029552044742e-02,        +5.368402934121e-03,        +2.114690519871e-02,        +1.942927714031e-03,        +1.984380160411e-02,        +7.785369513380e-02,        +6.393117770188e-02,        -1.482634330424e-02,        -7.538325741226e-02,        -1.880796170668e-02,        -1.104221303656e-02,        +1.414213562373e-01,        -1.310882865398e-05,        -1.036727475198e-04,        -3.983322151954e-02,        +4.959756404490e-02,        +2.016207021014e-02,        +1.057923879843e-02,        +5.153388244725e-03,        +2.094614501258e-02,        -1.482634330423e-02,        -7.538325741225e-02,        +8.954768581496e-02,        +9.129405691122e-03,        -4.276862921299e-02,        +8.466931314215e-03,        +1.414213562373e-01,        +1.666989255979e-05,        -2.332470418664e-05,        +2.947109443921e-02,        -6.300612330829e-02,        -2.902442193201e-02,        +3.775601097102e-02,        -2.133176931248e-02,        +8.267569614120e-03,        -1.880796170670e-02,        -1.104221303657e-02,        -4.276862921300e-02,        +8.466931314193e-03,        +1.557124039417e-01,        +2.729691261831e-02
 1.08800000e+02,        +1.414213562373e-01,        +1.822050455577e-02,        -5.612422883183e-02,        +3.915313757675e-05,        +2.698489189487e-05,        +8.090040583332e-06,        +1.254773640304e-04,        +8.702207834019e-05,        +1.270299568639e-04,        -9.112927548341e-05,        -6.586095314502e-05,        -2.020928246857e-05,        -1.026003909887e-04,        +1.562998420983e-05,        -2.454598563659e-05,        +1.414213562373e-01,        +3.915313757732e-05,        +2.698489189417e-05,        +1.181552611597e-01,        +2.499526786874e-02,        -4.922246966964e-02,        +1.666429105599e-02,        -2.178198370517e-02,        -1.122724431027e-02,        -2.747312862576e-02,        +1.117875518549e-02,        -3.615929326204e-02,        +5.301029473900e-02,        +2.646174422960e-02,        -6.518333238439e-02,        +1.414213562373e-01,        +8.090040583987e-06,        +1.254773640315e-04,        -4.922246966965e-02,        +1.666429105599e-02,        +8.384898778521e-02,        +7.104749782263e-03,        -1.901099220858e-02,        -7.557949670844e-02,        +5.825273468148e-03,        +2.079009593954e-02,        +1.971022214761e-02,        +8.253085822707e-03,        -2.625371926836e-02,        +4.029656686461e-02,        +1.414213562373e-01,        +8.702207834129e-05,        +1.270299568645e-04,        -2.178198370518e-02,        -1.122724431027e-02,        -1.901099220859e-02,        -7.557949670845e-02,        +8.056397879867e-02,        +6.625184075816e-02,        +3.225163468816e-03,        +1.979449038076e-02,        +5.573574245653e-03,        +2.059776422322e-02,        -2.011527270458e-02,        +8.911150355390e-03,        +1.414213562373e-01,        -9.112927548483e-05,        -6.586095314503e-05,        -2.747312862575e-02,        +1.117875518549e-02,        +5.825273468154e-03,        +2.079009593956e-02,        +3.225163468810e-03,        +1.979449038077e-02,        +7.983739904508e-02,        +6.746532836114e-02,        -1.833220213407e-02,        -7.328685721605e-02,        -1.809905252084e-02,        -1.033065523124e-02,        +1.414213562373e-01,        -2.020928246999e-05,        -1.026003909889e-04,        -3.615929326203e-02,        +5.301029473900e-02,        +1.971022214760e-02,        +8.253085822717e-03,        +5.573574245638e-03,        +2.059776422322e-02,        -1.833220213407e-02,        -7.328685721604e-02,        +8.777311681487e-02,        +9.885193995307e-03,        -4.171687009057e-02,        +1.123535771084e-02,        +1.414213562373e-01,        +1.562998420995e-05,        -2.454598563732e-05,        +2.646174422960e-02,        -6.518333238438e-02,        -2.625371926835e-02,        +4.029656686460e-02,        -2.011527270458e-02,        +8.911150355386e-03,        -1.809905252085e-02,        -1.033065523125e-02,        -4.171687009059e-02,        +1.123535771083e-02,        +1.553523358869e-01,        +2.622348442114e-02
 1.10400000e+02,        +1.414213562373e-01,        +1.682588157362e-02,        -5.241820495344e-02,        +4.323987220220e-05,        +2.532676575090e-05,        +1.226030847011e-05,        +1.275951835828e-04,        +9.759875969733e-05,        +1.259296864539e-04,        -9.853076285141e-05,        -5.758194643176e-05,        -2.769385622502e-05,        -1.004506931140e-04,        +1.499621864943e-05,        -2.574762096766e-05,        +1.414213562373e-01,        +4.323987220260e-05,        +2.532676575212e-05,        +1.166515883410e-01,        +2.380236617509e-02,        -4.717722311634e-02,        +1.953269228615e-02,        -2.063175712291e-02,        -1.069852391202e-02,        -2.585675819125e-02,        +1.179890657706e-02,        -3.214628617598e-02,        +5.612144850768e-02,        +2.319764979246e-02,        -6.711092405622e-02,        +1.414213562373e-01,        +1.226030846944e-05,        +1.275951835812e-04,        -4.717722311633e-02,        +1.953269228614e-02,        +8.170214611240e-02,        +8.533155615599e-03,        -2.255148504869e-02,        -7.309724741584e-02,        +6.247629103310e-03,        +2.059699693703e-02,        +1.895865002263e-02,        +6.117207270085e-03,        -2.322940895380e-02,        +4.261534480487e-02,        +1.414213562373e-01,        +9.759875969636e-05,        +1.259296864538e-04,        -2.063175712291e-02,        -1.069852391202e-02,        -2.255148504869e-02,        -7.309724741584e-02,        +8.289587053475e-02,        +6.980081934983e-02,        +4.593558426308e-03,        +1.975620649929e-02,        +5.955364026004e-03,        +2.041862384278e-02,        -1.888352097612e-02,        +9.355194900684e-03,        +1.414213562373e-01,        -9.853076285033e-05,        -5.758194643147e-05,        -2.585675819125e-02,        +1.179890657707e-02,        +6.247629103318e-03,        +2.059699693701e-02,        +4.593558426314e-03,        +1.975620649928e-02,        +8.224601629850e-02,        +7.102895584033e-02,        -2.171253536974e-02,        -7.087844572629e-02,        -1.733248379488e-02,        -9.809304298511e-03,        +1.414213562373e-01,        -2.769385622393e-05,        -1.004506931137e-04,        -3.214628617599e-02,        +5.612144850769e-02,        +1.895865002264e-02,        +6.117207270055e-03,        +5.955364025996e-03,        +2.041862384276e-02,        -2.171253536973e-02,        -7.087844572627e-02,        +8.596678755656e-02,        +1.087368192988e-02,        -4.042873484218e-02,        +1.385170059550e-02,        +1.414213562373e-01,        +1.499621864940e-05,        -2.574762096734e-05,        +2.319764979246e-02,        -6.711092405622e-02,        -2.322940895380e-02,        +4.261534480489e-02,        -1.888352097610e-02,        +9.355194900698e-03,        -1.733248379489e-02,        -9.809304298520e-03,        -4.042873484219e-02,        +1.385170059548e-02,        +1.548513111864e-01,        +2.528055450231e-02
 1.12000000e+02,        +1.414213562373e-01,        +1.554226426070e-02,        -4.864330604115e-02,        +4.813125822759e-05,        +2.309067289471e-05,        +1.597648742877e-05,        +1.306213077974e-04,        +1.089402730160e-04,        +1.251231998574e-04,        -1.049311067336e-04,        -4.749632000842e-05,        -3.553046136325e-05,        -9.692559831630e-05,        +1.486530210342e-05,        -2.708769616016e-05,        +1.414213562373e-01,        +4.813125822700e-05,        +2.309067289450e-05,        +1.149969455686e-01,        +2.293473341963e-02,        -4.490990178467e-02,        +2.211276386020e-02,        -1.947264645159e-02,        -1.043926156609e-02,        -2.426364150027e-02,        +1.214667363135e-02,        -2.782146461382e-02,        +5.889203495471e-02,        +1.970633729280e-02,        -6.875671249961e-02,        +1.414213562373e-01,        +1.597648742911e-05,        +1.306213077976e-04,        -4.490990178467e-02,        +2.211276386022e-02,        +7.960093523538e-02,        +1.026579269573e-02,        -2.590956648568e-02,        -7.028829860273e-02,        +6.679594250499e-03,        +2.058070511622e-02,        +1.793760067957e-02,        +4.213789179535e-03,        -1.997072739404e-02,        +4.468364756388e-02,        +1.414213562373e-01,        +1.089402730152e-04,        +1.251231998579e-04,        -1.947264645157e-02,        -1.043926156607e-02,        -2.590956648568e-02,        -7.028829860273e-02,        +8.569760849486e-02,        +7.334347649571e-02,        +6.082026029846e-03,        +1.970969323495e-02,        +6.343148772095e-03,        +2.042339114423e-02,        -1.766738838594e-02,        +9.591516756031e-03,        +1.414213562373e-01,        -1.049311067337e-04,        -4.749632000989e-05,        -2.426364150030e-02,        +1.214667363134e-02,        +6.679594250512e-03,        +2.058070511622e-02,        +6.082026029859e-03,        +1.970969323493e-02,        +8.511807979806e-02,        +7.458269820412e-02,        -2.492880386967e-02,        -6.814803179599e-02,        -1.653819475618e-02,        -9.491881868651e-03,        +1.414213562373e-01,        -3.553046136288e-05,        -9.692559831752e-05,        -2.782146461383e-02,        +5.889203495469e-02,        +1.793760067959e-02,        +4.213789179536e-03,        +6.343148772127e-03,        +2.042339114421e-02,        -2.492880386969e-02,        -6.814803179599e-02,        +8.415187651557e-02,        +1.212036970902e-02,        -3.892494384370e-02,        +1.628807198395e-02,        +1.414213562373e-01,        +1.486530210347e-05,        -2.708769616028e-05,        +1.970633729279e-02,        -6.875671249962e-02,        -1.997072739406e-02,        +4.468364756387e-02,        -1.766738838596e-02,        +9.591516756022e-03,        -1.653819475615e-02,        -9.491881868651e-03,        -3.892494384368e-02,        +1.628807198396e-02,        +1.542297500443e-01,        +2.448898160620e-02
 1.13600000e+02,        +1.414213562373e-01,        +1.437278416303e-02,        -4.479581041191e-02,        +5.390525474692e-05,        +1.996583840004e-05,        +1.933957464731e-05,        +1.349706486699e-04,        +1.214435637179e-04,        +1.247345837380e-04,        -1.098399936379e-04,        -3.543731396718e-05,        -4.362719906414e-05,        -9.163979220257e-05,        +1.532261782057e-05,        -2.878004192606e-05,        +1.414213562373e-01,        +5.390525474708e-05,        +1.996583839933e-05,        +1.132407615067e-01,        +2.241614705609e-02,        -4.246038119600e-02,        +2.437795074865e-02,        -1.834844550649e-02,        -1.045672168245e-02,        -2.273917123024e-02,        +1.221793860008e-02,        -2.321643662822e-02,        +6.128546390070e-02,        +1.601863724137e-02,        -7.009204032189e-02,        +1.414213562373e-01,        +1.933957464848e-05,        +1.349706486702e-04,        -4.246038119602e-02,        +2.437795074866e-02,        +7.758100694650e-02,        +1.232033481578e-02,        -2.904125015199e-02,        -6.715183418232e-02,        +7.170457725574e-03,        +2.074767668268e-02,        +1.668281788777e-02,        +2.582506207537e-03,        -1.649996391313e-02,        +4.647435024347e-02,        +1.414213562373e-01,        +1.214435637190e-04,        +1.247345837374e-04,        -1.834844550648e-02,        -1.045672168244e-02,        -2.904125015199e-02,        -6.715183418233e-02,        +8.900786348972e-02,        +7.682842862140e-02,        +7.724467147475e-03,        +1.962554047875e-02,        +6.786821279555e-03,        +2.062033745677e-02,        -1.650106556227e-02,        +9.615490415672e-03,        +1.414213562373e-01,        -1.098399936381e-04,        -3.543731396746e-05,        -2.273917123027e-02,        +1.221793860006e-02,        +7.170457725591e-03,        +2.074767668268e-02,        +7.724467147477e-03,        +1.962554047873e-02,        +8.849293483486e-02,        +7.807663531181e-02,        -2.793612186630e-02,        -6.508971029061e-02,        -1.574974239567e-02,        -9.388754851151e-03,        +1.414213562373e-01,        -4.362719906368e-05,        -9.163979220254e-05,        -2.321643662823e-02,        +6.128546390066e-02,        +1.668281788778e-02,        +2.582506207544e-03,        +6.786821279567e-03,        +2.062033745675e-02,        -2.793612186631e-02,        -6.508971029063e-02,        +8.235733291521e-02,        +1.364990498310e-02,        -3.722969701759e-02,        +1.851880736097e-02,        +1.414213562373e-01,        +1.532261782028e-05,        -2.878004192577e-05,        +1.601863724136e-02,        -7.009204032189e-02,        -1.649996391313e-02,        +4.647435024347e-02,        -1.650106556229e-02,        +9.615490415673e-03,        -1.574974239565e-02,        -9.388754851147e-03,        -3.722969701759e-02,        +1.851880736098e-02,        +1.535107366307e-01,        +2.386682500333e-02
 1.15200000e+02,        +1.414213562373e-01,        +1.332141466087e-02,        -4.087134981127e-02,        +6.059948641321e-05,        +1.555523384044e-05,        +2.255148742016e-05,        +1.411548895913e-04,        +1.356636704931e-04,        +1.248538659327e-04,        -1.125987937361e-04,        -2.127245543021e-05,        -5.179804443361e-05,        -8.410357513166e-05,        +1.642949938444e-05,        -3.110809430385e-05,        +1.414213562373e-01,        +6.059948641251e-05,        +1.555523383883e-05,        +1.114354585822e-01,        +2.226383518089e-02,        -3.987220071429e-02,        +2.630608723410e-02,        -1.730649480024e-02,        -1.075257156147e-02,        -2.133274163051e-02,        +1.201468900155e-02,        -1.836697576345e-02,        +6.326757261264e-02,        +1.216811003656e-02,        -7.109171592937e-02,        +1.414213562373e-01,        +2.255148742092e-05,        +1.411548895907e-04,        -3.987220071430e-02,        +2.630608723414e-02,        +7.568350085064e-02,        +1.471205859298e-02,        -3.189704595922e-02,        -6.369268378331e-02,        +7.774666162152e-03,        +2.109633708106e-02,        +1.523583313931e-02,        +1.260354247579e-03,        -1.284236124975e-02,        +4.796185971064e-02,        +1.414213562373e-01,        +1.356636704928e-04,        +1.248538659317e-04,        -1.730649480025e-02,        -1.075257156143e-02,        -3.189704595923e-02,        -6.369268378336e-02,        +9.286417617953e-02,        +8.019197081639e-02,        +9.553066454083e-03,        +1.946251086245e-02,        +7.341897474306e-03,        +2.100993966799e-02,        -1.542217320265e-02,        +9.426739182921e-03,        +1.414213562373e-01,        -1.125987937363e-04,        -2.127245542944e-05,        -2.133274163051e-02,        +1.201468900153e-02,        +7.774666162168e-03,        +2.109633708110e-02,        +9.553066454088e-03,        +1.946251086245e-02,        +9.240906487717e-02,        +8.144811185733e-02,        -3.068286389116e-02,        -6.170324688848e-02,        -1.500441733068e-02,        -9.506282083429e-03,        +1.414213562373e-01,        -5.179804443413e-05,        -8.410357513109e-05,        -1.836697576343e-02,        +6.326757261262e-02,        +1.523583313931e-02,        +1.260354247608e-03,        +7.341897474311e-03,        +2.100993966798e-02,        -3.068286389115e-02,        -6.170324688848e-02,        +8.061835079729e-02,        +1.548562592019e-02,        -3.537053100129e-02,        +2.052054174049e-02,        +1.414213562373e-01,        +1.642949938448e-05,        -3.110809430390e-05,        +1.216811003657e-02,        -7.109171592938e-02,        -1.284236124976e-02,        +4.796185971065e-02,        -1.542217320265e-02,        +9.426739182911e-03,        -1.500441733068e-02,        -9.506282083427e-03,        -3.537053100129e-02,        +2.052054174050e-02,        +1.527196014011e-01,        +2.342929913773e-02
 1.16800000e+02,        +1.414213562373e-01,        +1.239314201315e-02,        -3.686483258714e-02,        +6.818512138364e-05,        +9.357983084018e-06,        +2.596382489583e-05,        +1.497971963926e-04,        +1.523628329785e-04,        +1.254946899621e-04,        -1.123302318364e-04,        -4.947819666097e-06,        -5.971285771657e-05,        -7.370532083264e-05,        +1.820346094606e-05,        -3.444138863221e-05,        +1.414213562373e-01,        +6.818512138404e-05,        +9.357983083373e-06,        +1.096357796699e-01,        +2.248862427560e-02,        -3.719248629676e-02,        +2.787946566333e-02,        -1.639769345716e-02,        -1.132189820043e-02,        -2.009771563246e-02,        +1.154623573677e-02,        -1.331314086250e-02,        +6.480658099553e-02,        +8.190692549964e-03,        -7.173378477866e-02,        +1.414213562373e-01,        +2.596382489569e-05,        +1.497971963932e-04,        -3.719248629677e-02,        +2.787946566334e-02,        +7.395566393294e-02,        +1.745323656485e-02,        -3.442178602790e-02,        -5.992319121825e-02,        +8.551703977767e-03,        +2.161521186616e-02,        +1.364460447288e-02,        +2.813564637321e-04,        -9.026255828407e-03,        +4.912201927305e-02,        +1.414213562373e-01,        +1.523628329786e-04,        +1.254946899621e-04,        -1.639769345717e-02,        -1.132189820042e-02,        -3.442178602790e-02,        -5.992319121825e-02,        +9.730057475665e-02,        +8.335576637399e-02,        +1.159582393145e-02,        +1.916567139183e-02,        +8.069560934581e-03,        +2.158296930677e-02,        -1.447192357971e-02,        +9.030080857879e-03,        +1.414213562373e-01,        -1.123302318373e-04,        -4.947819665796e-06,        -2.009771563247e-02,        +1.154623573678e-02,        +8.551703977783e-03,        +2.161521186616e-02,        +1.159582393146e-02,        +1.916567139183e-02,        +9.690156665210e-02,        +8.461933654235e-02,        -3.311036559841e-02,        -5.799616998760e-02,        -1.434341472995e-02,        -9.845914872410e-03,        +1.414213562373e-01,        -5.971285771732e-05,        -7.370532083250e-05,        -1.331314086251e-02,        +6.480658099552e-02,        +1.364460447289e-02,        +2.813564637400e-04,        +8.069560934577e-03,        +2.158296930678e-02,        -3.311036559842e-02,        -5.799616998759e-02,        +7.897715312953e-02,        +1.764898622733e-02,        -3.337840380415e-02,        +2.227223377243e-02,        +1.414213562373e-01,        +1.820346094617e-05,        -3.444138863207e-05,        +8.190692549977e-03,        -7.173378477866e-02,        -9.026255828411e-03,        +4.912201927306e-02,        -1.447192357970e-02,        +9.030080857888e-03,        -1.434341472995e-02,        -9.845914872419e-03,        -3.337840380416e-02,        +2.227223377243e-02,        +1.518836574544e-01,        +2.318885011826e-02
 1.18400000e+02,        +1.414213562373e-01,        +1.159418487070e-02,        -3.277035051031e-02,        +7.652806495382e-05,        +7.504427975865e-07,        +3.014796457016e-05,        +1.616434884586e-04,        +1.725700058919e-04,        +1.265249156855e-04,        -1.078780487090e-04,        +1.343999336630e-05,        -6.682487891232e-05,        -5.969664201516e-05,        +2.058784055105e-05,        -3.925417292646e-05,        +1.414213562373e-01,        +7.652806495439e-05,        +7.504427970173e-07,        +1.078984587519e-01,        +2.309513870861e-02,        -3.447220557227e-02,        +2.908502426359e-02,        -1.567645026948e-02,        -1.215179384420e-02,        -1.909128500140e-02,        +1.083088159646e-02,        -8.099777829964e-03,        +6.587313674651e-02,        +4.124647277848e-03,        -7.199923785452e-02,        +1.414213562373e-01,        +3.014796457023e-05,        +1.616434884592e-04,        -3.447220557229e-02,        +2.908502426359e-02,        +7.245177298655e-02,        +2.055218692302e-02,        -3.655474584220e-02,        -5.586570922924e-02,        +9.565647930273e-03,        +2.228041644971e-02,        +1.196455019702e-02,        -3.240684825869e-04,        -5.083525559836e-03,        +4.993208261191e-02,        +1.414213562373e-01,        +1.725700058921e-04,        +1.265249156859e-04,        -1.567645026949e-02,        -1.215179384419e-02,        -3.655474584218e-02,        -5.586570922927e-02,        +1.023440297249e-01,        +8.622443216374e-02,        +1.387297358424e-02,        +1.866447643818e-02,        +9.036421111406e-03,        +2.231788431371e-02,        -1.369524372420e-02,        +8.436869304733e-03,        +1.414213562373e-01,        -1.078780487097e-04,        +1.343999336571e-05,        -1.909128500140e-02,        +1.083088159644e-02,        +9.565647930261e-03,        +2.228041644974e-02,        +1.387297358424e-02,        +1.866447643818e-02,        +1.019984148671e-01,        +8.749490623200e-02,        -3.515291842939e-02,        -5.398655601422e-02,        -1.381197784907e-02,        -1.040291445866e-02,        +1.414213562373e-01,        -6.682487891259e-05,        -5.969664201609e-05,        -8.099777829957e-03,        +6.587313674649e-02,        +1.196455019698e-02,        -3.240684825853e-04,        +9.036421111375e-03,        +2.231788431370e-02,        -3.515291842937e-02,        -5.398655601421e-02,        +7.748414997582e-02,        +2.015864817853e-02,        -3.128807951768e-02,        +2.375526254775e-02,        +1.414213562373e-01,        +2.058784055110e-05,        -3.925417292662e-05,        +4.124647277853e-03,        -7.199923785453e-02,        -5.083525559824e-03,        +4.993208261193e-02,        -1.369524372417e-02,        +8.436869304727e-03,        -1.381197784908e-02,        -1.040291445865e-02,        -3.128807951770e-02,        +2.375526254776e-02,        +1.510321580005e-01,        +2.315527754963e-02
 1.20000000e+02,        +1.414213562373e-01,        +1.093228015422e-02,        -2.858106609092e-02,        +8.533190656106e-05,        -1.103147309642e-05,        +3.599488873245e-05,        +1.775639853343e-04,        +1.976486758829e-04,        +1.275557375368e-04,        -9.773910110426e-05,        +3.352961803176e-05,        -7.226649850540e-05,        -4.118660042104e-05,        +2.340588184835e-05,        -4.614438563025e-05,        +1.414213562373e-01,        +8.533190656077e-05,        -1.103147309610e-05,        +1.062822743093e-01,        +2.408186287624e-02,        -3.176676013824e-02,        +2.991487380409e-02,        -1.520035619534e-02,        -1.321935971749e-02,        -1.837399515174e-02,        +9.898191257550e-03,        -2.777435817953e-03,        +6.644068011737e-02,        +1.086688433686e-05,        -7.187180527979e-02,        +1.414213562373e-01,        +3.599488873274e-05,        +1.775639853347e-04,        -3.176676013823e-02,        +2.991487380409e-02,        +7.123431311544e-02,        +2.401170719347e-02,        -3.823039671850e-02,        -5.155585940887e-02,        +1.088404059269e-02,        +2.305237060259e-02,        +1.025995010367e-02,        -5.303672154304e-04,        -1.050375835880e-03,        +5.037093479120e-02,        +1.414213562373e-01,        +1.976486758833e-04,        +1.275557375372e-04,        -1.520035619532e-02,        -1.321935971749e-02,        -3.823039671851e-02,        -5.155585940888e-02,        +1.080093079960e-01,        +8.868334328104e-02,        +1.639186155598e-02,        +1.787113956530e-02,        +1.031362468691e-02,        +2.317735651850e-02,        -1.314068551990e-02,        +7.666877704119e-03,        +1.414213562373e-01,        -9.773910110469e-05,        +3.352961803154e-05,        -1.837399515175e-02,        +9.898191257548e-03,        +1.088404059272e-02,        +2.305237060260e-02,        +1.639186155600e-02,        +1.787113956529e-02,        +1.077150725825e-01,        +8.995959966370e-02,        -3.673841121397e-02,        -4.970667837042e-02,        -1.345934322319e-02,        -1.116454110844e-02,        +1.414213562373e-01,        -7.226649850507e-05,        -4.118660042168e-05,        -2.777435817948e-03,        +6.644068011736e-02,        +1.025995010368e-02,        -5.303672154142e-04,        +1.031362468692e-02,        +2.317735651851e-02,        -3.673841121397e-02,        -4.970667837041e-02,        +7.619946091168e-02,        +2.302893981604e-02,        -2.913884989197e-02,        +2.495378044368e-02,        +1.414213562373e-01,        +2.340588184834e-05,        -4.614438563071e-05,        +1.086688432940e-05,        -7.187180527979e-02,        -1.050375835867e-03,        +5.037093479121e-02,        -1.314068551989e-02,        +7.666877704122e-03,        -1.345934322319e-02,        -1.116454110844e-02,        -2.913884989197e-02,        +2.495378044368e-02,        +1.501965228663e-01,        +2.333578724553e-02
 1.21600000e+02,        +1.414213562373e-01,        +1.041706128700e-02,        -2.428907706277e-02,        +9.405542749599e-05,        -2.690335339680e-05,        +4.485528201589e-05,        +1.985335980534e-04,        +2.293657260476e-04,        +1.277687479654e-04,        -7.999574120464e-05,        +5.451773350680e-05,        -7.470156153260e-05,        -1.715676421537e-05,        +2.629260658501e-05,        -5.584895928081e-05,        +1.414213562373e-01,        +9.405542749568e-05,        -2.690335339717e-05,        +1.048484524999e-01,        +2.544082887542e-02,        -2.913682549135e-02,        +3.036743918142e-02,        -1.502921911871e-02,        -1.448902770610e-02,        -1.800855941865e-02,        +8.791961151980e-03,        +2.596362202374e-03,        +6.648642733380e-02,        -4.106463134568e-03,        -7.133803037596e-02,        +1.414213562373e-01,        +4.485528201695e-05,        +1.985335980546e-04,        -2.913682549134e-02,        +3.036743918143e-02,        +7.037523176739e-02,        +2.782655602047e-02,        -3.938030895379e-02,        -4.704659922411e-02,        +1.257553978997e-02,        +2.387170666793e-02,        +8.605553180641e-03,        -3.191106635303e-04,        +3.031574488101e-03,        +5.041979545944e-02,        +1.414213562373e-01,        +2.293657260480e-04,        +1.277687479648e-04,        -1.502921911872e-02,        -1.448902770610e-02,        -3.938030895378e-02,        -4.704659922413e-02,        +1.142917546410e-01,        +9.059728350575e-02,        +1.913982998245e-02,        +1.667993938955e-02,        +1.197475686070e-02,        +2.410386000542e-02,        -1.285982362584e-02,        +6.750841435448e-03,        +1.414213562373e-01,        -7.999574120411e-05,        +5.451773350764e-05,        -1.800855941866e-02,        +8.791961151982e-03,        +1.257553978997e-02,        +2.387170666791e-02,        +1.913982998243e-02,        +1.667993938953e-02,        +1.140469741692e-01,        +9.187710022210e-02,        -3.779017686819e-02,        -4.520759845699e-02,        -1.333819207802e-02,        -1.210759748998e-02,        +1.414213562373e-01,        -7.470156153140e-05,        -1.715676421464e-05,        +2.596362202388e-03,        +6.648642733378e-02,        +8.605553180624e-03,        -3.191106635482e-04,        +1.197475686068e-02,        +2.410386000540e-02,        -3.779017686817e-02,        -4.520759845698e-02,        +7.519465484604e-02,        +2.626728071604e-02,        -2.697556006860e-02,        +2.585557004354e-02,        +1.414213562373e-01,        +2.629260658466e-05,        -5.584895928127e-05,        -4.106463134574e-03,        -7.133803037595e-02,        +3.031574488109e-03,        +5.041979545944e-02,        -1.285982362584e-02,        +6.750841435439e-03,        -1.333819207801e-02,        -1.210759748998e-02,        -2.697556006860e-02,        +2.585557004354e-02,        +1.494108453745e-01,        +2.373481746239e-02
 1.23200000e+02,        +1.414213562373e-01,        +1.006056725152e-02,        -1.988525518054e-02,        +1.017961333207e-04,        -4.792676782643e-05,        +5.873198926883e-05,        +2.255715394996e-04,        +2.699444000303e-04,        +1.256529504006e-04,        -5.226638777501e-05,        +7.489095050852e-05,        -7.212043768846e-05,        +1.348224557589e-05,        +2.859620917006e-05,        -6.924752155581e-05,        +1.414213562373e-01,        +1.017961333207e-04,        -4.792676782782e-05,        +1.036612757427e-01,        +2.715665603421e-02,        -2.664919775577e-02,        +3.044952812695e-02,        -1.522293150382e-02,        -1.590923717781e-02,        -1.805741137603e-02,        +7.573844460794e-03,        +7.955708810889e-03,        +6.599332541435e-02,        -8.178924890883e-03,        -7.038786333000e-02,        +1.414213562373e-01,        +5.873198926656e-05,        +2.255715395007e-04,        -2.664919775577e-02,        +3.044952812694e-02,        +6.995687569004e-02,        +3.197962116520e-02,        -3.993693265400e-02,        -4.241291328919e-02,        +1.470558970413e-02,        +2.465457535619e-02,        +7.088011214628e-03,        +3.173334719813e-04,        +7.114063241020e-03,        +5.006368739340e-02,        +1.414213562373e-01,        +2.699444000290e-04,        +1.256529504019e-04,        -1.522293150383e-02,        -1.590923717782e-02,        -3.993693265400e-02,        -4.241291328918e-02,        +1.211576327904e-01,        +9.181101134148e-02,        +2.207476835128e-02,        +1.496855247745e-02,        +1.409173065778e-02,        +2.501447246523e-02,        -1.290568385718e-02,        +5.733680856411e-03,        +1.414213562373e-01,        -5.226638777421e-05,        +7.489095050706e-05,        -1.805741137604e-02,        +7.573844460831e-03,        +1.470558970414e-02,        +2.465457535619e-02,        +2.207476835129e-02,        +1.496855247745e-02,        +1.209595232859e-01,        +9.309076558943e-02,        -3.823084309502e-02,        -4.056454826079e-02,        -1.350315420880e-02,        -1.319530794435e-02,        +1.414213562373e-01,        -7.212043768781e-05,        +1.348224557573e-05,        +7.955708810878e-03,        +6.599332541436e-02,        +7.088011214641e-03,        +3.173334719813e-04,        +1.409173065777e-02,        +2.501447246523e-02,        -3.823084309502e-02,        -4.056454826079e-02,        +7.455432954901e-02,        +2.987011713243e-02,        -2.484978307521e-02,        +2.645371138435e-02,        +1.414213562373e-01,        +2.859620917112e-05,        -6.924752155653e-05,        -8.178924890882e-03,        -7.038786332999e-02,        +7.114063241014e-03,        +5.006368739341e-02,        -1.290568385717e-02,        +5.733680856423e-03,        -1.350315420879e-02,        -1.319530794436e-02,        -2.484978307520e-02,        +2.645371138435e-02,        +1.487126255686e-01,        +2.435343759252e-02
 1.24800000e+02,        +1.414213562373e-01,        +9.877940565233e-03,        -1.535905854171e-02,        +1.071310805400e-04,        -7.527021774816e-05,        +8.053658106898e-05,        +2.596081833661e-04,        +3.220676209300e-04,        +1.186161632347e-04,        -1.170956065940e-05,        +9.203158882383e-05,        -6.156395957387e-05,        +5.175854717081e-05,        +2.923980849536e-05,        -8.734042095737e-05,        +1.414213562373e-01,        +1.071310805404e-04,        -7.527021774795e-05,        +1.027885862223e-01,        +2.920466858911e-02,        -2.437718203452e-02,        +3.017961509596e-02,        -1.583747961983e-02,        -1.740878406984e-02,        -1.857827664735e-02,        +6.327296154634e-03,        +1.322521250975e-02,        +6.495332815064e-02,        -1.215286615768e-02,        -6.901603482188e-02,        +1.414213562373e-01,        +8.053658106980e-05,        +2.596081833650e-04,        -2.437718203451e-02,        +3.017961509596e-02,        +7.007191271562e-02,        +3.643648375452e-02,        -3.984015171160e-02,        -3.775652233130e-02,        +1.732918987358e-02,        +2.528799229800e-02,        +5.806430990014e-03,        +1.370348902954e-03,        +1.114115250756e-02,        +4.929396098366e-02,        +1.414213562373e-01,        +3.220676209308e-04,        +1.186161632341e-04,        -1.583747961983e-02,        -1.740878406985e-02,        -3.984015171159e-02,        -3.775652233132e-02,        +1.285320335359e-01,        +9.215337664750e-02,        +2.511339699322e-02,        +1.260307345678e-02,        +1.672764973555e-02,        +2.579548434946e-02,        -1.332957700311e-02,        +4.678206108608e-03,        +1.414213562373e-01,        -1.170956065970e-05,        +9.203158882392e-05,        -1.857827664736e-02,        +6.327296154641e-03,        +1.732918987357e-02,        +2.528799229801e-02,        +2.511339699321e-02,        +1.260307345676e-02,        +1.283756575160e-01,        +9.342814175805e-02,        -3.798919834424e-02,        -3.588250610147e-02,        -1.400774413773e-02,        -1.437373644459e-02,        +1.414213562373e-01,        -6.156395957334e-05,        +5.175854717004e-05,        +1.322521250974e-02,        +6.495332815062e-02,        +5.806430990003e-03,        +1.370348902936e-03,        +1.672764973554e-02,        +2.579548434942e-02,        -3.798919834423e-02,        -3.588250610147e-02,        +7.437680136881e-02,        +3.381693776057e-02,        -2.282079008201e-02,        +2.674938532380e-02,        +1.414213562373e-01,        +2.923980849464e-05,        -8.734042095755e-05,        -1.215286615767e-02,        -6.901603482188e-02,        +1.114115250755e-02,        +4.929396098366e-02,        -1.332957700311e-02,        +4.678206108606e-03,        -1.400774413772e-02,        -1.437373644460e-02,        -2.282079008200e-02,        +2.674938532380e-02,        +1.481435664470e-01,        +2.518808825182e-02
 1.26400000e+02,        +1.414213562373e-01,        +9.888403794403e-03,        -1.069832238863e-02,        +1.079086274740e-04,        -1.101099548716e-04,        +1.144175111175e-04,        +3.012297567006e-04,        +3.887710113576e-04,        +1.024301074586e-04,        +4.485566245426e-05,        +1.016577951230e-04,        -3.876636734567e-05,        +9.837749441492e-05,        +2.653540724584e-05,        -1.111781011002e-04,        +1.414213562373e-01,        +1.079086274742e-04,        -1.101099548705e-04,        +1.023016486795e-01,        +3.154790404173e-02,        -2.239976419642e-02,        +2.959247179101e-02,        -1.691834373233e-02,        -1.889363784954e-02,        -1.961698492102e-02,        +5.161008472339e-03,        +1.831998065884e-02,        +6.337220674477e-02,        -1.596874255782e-02,        -6.722442786786e-02,        +1.414213562373e-01,        +1.144175111174e-04,        +3.012297567014e-04,        -2.239976419641e-02,        +2.959247179101e-02,        +7.082116255391e-02,        +4.113836011714e-02,        -3.904749108994e-02,        -3.320932096934e-02,        +2.047985951965e-02,        +2.562657239984e-02,        +4.870918200204e-03,        +2.807727385311e-03,        +1.504899190640e-02,        +4.811207184852e-02,        +1.414213562373e-01,        +3.887710113582e-04,        +1.024301074603e-04,        -1.691834373231e-02,        -1.889363784954e-02,        -3.904749108996e-02,        -3.320932096936e-02,        +1.362852259757e-01,        +9.144718128868e-02,        +2.811823817462e-02,        +9.448934351556e-03,        +1.992559294082e-02,        +2.629814458661e-02,        -1.417560857989e-02,        +3.668709847040e-03,        +1.414213562373e-01,        +4.485566245436e-05,        +1.016577951224e-04,        -1.961698492105e-02,        +5.161008472344e-03,        +2.047985951967e-02,        +2.562657239983e-02,        +2.811823817461e-02,        +9.448934351545e-03,        +1.361619380605e-01,        +9.271148124193e-02,        -3.701111528074e-02,        -3.130062515270e-02,        -1.489900942463e-02,        -1.556834714871e-02,        +1.414213562373e-01,        -3.876636734437e-05,        +9.837749441498e-05,        +1.831998065883e-02,        +6.337220674475e-02,        +4.870918200209e-03,        +2.807727385309e-03,        +1.992559294081e-02,        +2.629814458661e-02,        -3.701111528074e-02,        -3.130062515271e-02,        +7.477270967699e-02,        +3.806218307501e-02,        -2.095568150417e-02,        +2.675605560222e-02,        +1.414213562373e-01,        +2.653540724610e-05,        -1.111781011000e-04,        -1.596874255784e-02,        -6.722442786786e-02,        +1.504899190642e-02,        +4.811207184854e-02,        -1.417560857988e-02,        +3.668709847024e-03,        -1.489900942463e-02,        -1.556834714871e-02,        -2.095568150418e-02,        +2.675605560223e-02,        +1.477501043109e-01,        +2.622844865928e-02
 1.28000000e+02,        +1.414213562373e-01,        +1.011665599629e-02,        -5.889047408085e-03,        +1.009913351499e-04,        -1.534322146828e-04,        +1.661567526861e-04,        +3.502283694567e-04,        +4.731251823022e-04,        +7.046987893016e-05,        +1.206090640727e-04,        +9.706142432975e-05,        +2.281502699361e-06,        +1.532509962588e-04,        +1.794640352221e-05,        -1.417072178786e-04,        +1.414213562373e-01,        +1.009913351512e-04,        -1.534322146829e-04,        +1.022735857323e-01,        +3.413307414629e-02,        -2.079850937100e-02,        +2.874488484567e-02,        -1.849076249013e-02,        -2.024570648344e-02,        -2.119697355748e-02,        +4.210301794488e-03,        +2.314780237351e-02,        +6.127572649511e-02,        -1.956144246015e-02,        -6.502549352347e-02,        +1.414213562373e-01,        +1.661567526873e-04,        +3.502283694552e-04,        -2.079850937101e-02,        +2.874488484566e-02,        +7.230792078705e-02,        +4.599400328468e-02,        -3.754840356638e-02,        -2.893334117133e-02,        +2.415436760033e-02,        +2.549293836537e-02,        +4.397579627624e-03,        +4.564926102965e-03,        +1.876726373649e-02,        +4.653452324742e-02,        +1.414213562373e-01,        +4.731251823014e-04,        +7.046987892891e-05,        -1.849076249016e-02,        -2.024570648343e-02,        -3.754840356637e-02,        -2.893334117132e-02,        +1.442198367749e-01,        +8.952718971525e-02,        +3.088579317972e-02,        +5.390121846223e-03,        +2.369268062837e-02,        +2.633788935629e-02,        -1.547224332075e-02,        +2.813252621827e-03,        +1.414213562373e-01,        +1.206090640725e-04,        +9.706142433195e-05,        -2.119697355747e-02,        +4.210301794490e-03,        +2.415436760032e-02,        +2.549293836536e-02,        +3.088579317974e-02,        +5.390121846241e-03,        +1.441157123654e-01,        +9.077671223491e-02,        -3.527514486028e-02,        -2.699314914279e-02,        -1.620929048302e-02,        -1.668191782833e-02,        +1.414213562373e-01,        +2.281502697992e-06,        +1.532509962594e-04,        +2.314780237352e-02,        +6.127572649510e-02,        +4.397579627610e-03,        +4.564926102954e-03,        +2.369268062836e-02,        +2.633788935630e-02,        -3.527514486027e-02,        -2.699314914278e-02,        +7.585986196505e-02,        +4.252547833760e-02,        -1.932771444517e-02,        +2.650498561533e-02,        +1.414213562373e-01,        +1.794640352384e-05,        -1.417072178779e-04,        -1.956144246014e-02,        -6.502549352347e-02,        +1.876726373651e-02,        +4.653452324743e-02,        -1.547224332071e-02,        +2.813252621837e-03,        -1.620929048304e-02,        -1.668191782834e-02,        -1.932771444517e-02,        +2.650498561532e-02,        +1.475831308348e-01,        +2.745433966507e-02
 1.29600000e+02,        +1.414213562373e-01,        +1.059491748089e-02,        -9.152374841197e-04,        +8.196188417084e-05,        -2.056858544724e-04,        +2.436133779395e-04,        +4.048553524464e-04,        +5.775522011028e-04,        +1.272079610196e-05,        +2.180092177839e-04,        +6.812230272145e-05,        +6.982709721465e-05,        +2.147036728843e-04,        -1.959166526781e-07,        -1.794853386729e-04,        +1.414213562373e-01,        +8.196188416979e-05,        -2.056858544740e-04,        +1.027754340516e-01,        +3.688603372701e-02,        -1.965100136338e-02,        +2.772148641516e-02,        -2.054710057744e-02,        -2.132577825369e-02,        -2.330572040714e-02,        +3.634166025660e-03,        +2.761484230754e-02,        +5.871628471629e-02,        -2.286242138336e-02,        -6.244637415323e-02,        +1.414213562373e-01,        +2.436133779400e-04,        +4.048553524476e-04,        -1.965100136336e-02,        +2.772148641516e-02,        +7.462732179719e-02,        +5.087216475815e-02,        -3.538183663342e-02,        -2.511414469259e-02,        +2.829406259954e-02,        +2.468500379326e-02,        +4.498328572994e-03,        +6.536487808970e-03,        +2.222337993659e-02,        +4.459831421645e-02,        +1.414213562373e-01,        +5.775522011016e-04,        +1.272079610326e-05,        -2.054710057745e-02,        -2.132577825370e-02,        -3.538183663340e-02,        -2.511414469260e-02,        +1.520633989394e-01,        +8.626793499265e-02,        +3.314064082179e-02,        +3.582704506061e-04,        +2.798001806446e-02,        +2.570046102601e-02,        -1.722085586141e-02,        +2.242728092679e-03,        +1.414213562373e-01,        +2.180092177842e-04,        +6.812230272044e-05,        -2.330572040714e-02,        +3.634166025665e-03,        +2.829406259952e-02,        +2.468500379324e-02,        +3.314064082177e-02,        +3.582704506044e-04,        +1.519581258519e-01,        +8.750246239348e-02,        -3.281212551130e-02,        -2.316339153291e-02,        -1.794506531529e-02,        -1.759573452799e-02,        +1.414213562373e-01,        +6.982709721346e-05,        +2.147036728823e-04,        +2.761484230752e-02,        +5.871628471629e-02,        +4.498328572999e-03,        +6.536487808946e-03,        +2.798001806444e-02,        +2.570046102600e-02,        -3.281212551130e-02,        -2.316339153290e-02,        +7.775243464385e-02,        +4.708175617494e-02,        -1.801162124344e-02,        +2.605144598001e-02,        +1.414213562373e-01,        -1.959166511329e-07,        -1.794853386720e-04,        -2.286242138335e-02,        -6.244637415323e-02,        +2.222337993657e-02,        +4.459831421646e-02,        -1.722085586140e-02,        +2.242728092685e-03,        -1.794506531530e-02,        -1.759573452800e-02,        -1.801162124344e-02,        +2.605144598001e-02,        +1.476961645683e-01,        +2.883187412637e-02
 1.31200000e+02,        +1.414213562373e-01,        +1.136600076004e-02,        +4.241084560224e-03,        +4.481815415568e-05,        -2.662219625996e-04,        +3.571676290799e-04,        +4.606344874905e-04,        +7.025474221497e-04,        -8.545104718237e-05,        +3.374601594908e-04,        +1.059738141546e-07,        +1.748578482107e-04,        +2.781942992742e-04,        -3.300405184749e-05,        -2.242009244506e-04,        +1.414213562373e-01,        +4.481815415592e-05,        -2.662219626008e-04,        +1.038690155629e-01,        +3.970805661021e-02,        -1.901999388205e-02,        +2.663872341345e-02,        -2.303308500201e-02,        -2.198325742397e-02,        -2.587990605777e-02,        +3.605248367629e-03,        +3.163586052561e-02,        +5.577803122882e-02,        -2.580443227920e-02,        -5.953277698852e-02,        +1.414213562373e-01,        +3.571676290816e-04,        +4.606344874914e-04,        -1.901999388205e-02,        +2.663872341345e-02,        +7.784998231208e-02,        +5.559753113998e-02,        -3.265406876593e-02,        -2.194431423641e-02,        +3.276590558731e-02,        +2.299356523731e-02,        +5.264469273427e-03,        +8.570625255451e-03,        +2.535031464548e-02,        +4.236537640451e-02,        +1.414213562373e-01,        +7.025474221513e-04,        -8.545104718312e-05,        -2.303308500201e-02,        -2.198325742397e-02,        -3.265406876593e-02,        -2.194431423642e-02,        +1.594729835272e-01,        +8.162042426481e-02,        +3.454237307254e-02,        -5.629440960084e-03,        +3.266145083987e-02,        +2.415876748907e-02,        -1.938242549994e-02,        +2.104289216172e-03,        +1.414213562373e-01,        +3.374601594886e-04,        +1.059738138408e-07,        -2.587990605777e-02,        +3.605248367666e-03,        +3.276590558731e-02,        +2.299356523731e-02,        +3.454237307255e-02,        -5.629440960073e-03,        +1.593399753652e-01,        +8.284803516446e-02,        -2.972576507599e-02,        -2.002694125715e-02,        -2.007411137460e-02,        -1.817648742185e-02,        +1.414213562373e-01,        +1.748578482098e-04,        +2.781942992712e-04,        +3.163586052559e-02,        +5.577803122881e-02,        +5.264469273424e-03,        +8.570625255466e-03,        +3.266145083987e-02,        +2.415876748909e-02,        -2.972576507600e-02,        -2.002694125717e-02,        +8.054320593240e-02,        +5.155442520660e-02,        -1.707484490307e-02,        +2.548003202888e-02,        +1.414213562373e-01,        -3.300405184691e-05,        -2.242009244502e-04,        -2.580443227919e-02,        -5.953277698852e-02,        +2.535031464548e-02,        +4.236537640452e-02,        -1.938242549994e-02,        +2.104289216179e-03,        -2.007411137459e-02,        -1.817648742186e-02,        -1.707484490307e-02,        +2.548003202888e-02,        +1.481411944192e-01,        +3.030959617086e-02
 1.32800000e+02,        +1.414213562373e-01,        +1.248804689002e-02,        +9.599374291456e-03,        -1.830711631223e-05,        -3.324380806621e-04,        +5.200902068241e-04,        +5.085153023675e-04,        +8.444635776696e-04,        -2.447433692039e-04,        +4.750170468431e-04,        -1.277140988841e-04,        +3.315209579776e-04,        +3.343061990053e-04,        -8.734597350126e-05,        -2.739128001191e-04,        +1.414213562373e-01,        -1.830711631196e-05,        -3.324380806610e-04,        +1.055965674349e-01,        +4.247500632891e-02,        -1.893865168448e-02,        +2.564405963080e-02,        -2.583683093371e-02,        -2.207458921896e-02,        -2.879330625817e-02,        +4.290817964228e-03,        +3.514877652024e-02,        +5.257742754858e-02,        -2.832910475558e-02,        -5.635092101600e-02,        +1.414213562373e-01,        +5.200902068254e-04,        +5.085153023656e-04,        -1.893865168447e-02,        +2.564405963081e-02,        +8.200102706140e-02,        +5.995408486743e-02,        -2.955095360154e-02,        -1.959515474060e-02,        +3.734922481520e-02,        +2.023215757030e-02,        +6.744917534221e-03,        +1.047120626636e-02,        +2.809806051590e-02,        +3.992359187163e-02,        +1.414213562373e-01,        +8.444635776681e-04,        -2.447433692052e-04,        -2.583683093371e-02,        -2.207458921896e-02,        -2.955095360154e-02,        -1.959515474059e-02,        +1.660592818039e-01,        +7.565209125242e-02,        +3.471290109736e-02,        -1.242957291435e-02,        +3.751722766735e-02,        +2.150305451929e-02,        -2.186540813625e-02,        +2.547057366139e-03,        +1.414213562373e-01,        +4.750170468418e-04,        -1.277140988829e-04,        -2.879330625818e-02,        +4.290817964236e-03,        +3.734922481522e-02,        +2.023215757028e-02,        +3.471290109736e-02,        -1.242957291435e-02,        +1.658679804986e-01,        +7.689424413329e-02,        -2.620795043482e-02,        -1.778161409972e-02,        -2.251412685119e-02,        -1.829090326119e-02,        +1.414213562373e-01,        +3.315209579767e-04,        +3.343061990055e-04,        +3.514877652024e-02,        +5.257742754858e-02,        +6.744917534237e-03,        +1.047120626636e-02,        +3.751722766736e-02,        +2.150305451929e-02,        -2.620795043483e-02,        -1.778161409971e-02,        +8.427940613613e-02,        +5.571621713231e-02,        -1.656450157385e-02,        +2.490647896042e-02,        +1.414213562373e-01,        -8.734597350259e-05,        -2.739128001179e-04,        -2.832910475558e-02,        -5.635092101600e-02,        +2.809806051590e-02,        +3.992359187165e-02,        -2.186540813625e-02,        +2.547057366138e-03,        -2.251412685118e-02,        -1.829090326118e-02,        -1.656450157386e-02,        +2.490647896042e-02,        +1.489617833839e-01,        +3.181602002421e-02
 1.34400000e+02,        +1.414213562373e-01,        +1.404202520477e-02,        +1.517883106495e-02,        -1.173702478927e-04,        -3.984885895445e-04,        +7.487131644248e-04,        +5.319657884103e-04,        +9.917766830088e-04,        -4.935415812558e-04,        +6.185485502512e-04,        -3.435375064771e-04,        +5.573086262623e-04,        +3.655661720522e-04,        -1.721263216758e-04,        -3.238670501581e-04,        +1.414213562373e-01,        -1.173702478936e-04,        -3.984885895439e-04,        +1.079685701720e-01,        +4.504178161460e-02,        -1.939439481821e-02,        +2.490743172348e-02,        -2.878645131815e-02,        -2.148968026123e-02,        -3.185331985904e-02,        +5.825371768957e-03,        +3.813115655398e-02,        +4.925597415361e-02,        -3.039642628394e-02,        -5.298549561908e-02,        +1.414213562373e-01,        +7.487131644263e-04,        +5.319657884094e-04,        -1.939439481820e-02,        +2.490743172350e-02,        +8.703854515777e-02,        +6.369947103841e-02,        -2.633666492592e-02,        -1.817868191875e-02,        +4.173629204586e-02,        +1.627707822402e-02,        +8.923050917177e-03,        +1.201121358574e-02,        +3.044694549398e-02,        +3.738170773589e-02,        +1.414213562373e-01,        +9.917766830085e-04,        -4.935415812577e-04,        -2.878645131814e-02,        -2.148968026123e-02,        -2.633666492592e-02,        -1.817868191875e-02,        +1.714343801893e-01,        +6.857842640995e-02,        +3.328839583075e-02,        -1.974094906198e-02,        +4.223119046170e-02,        +1.758295209302e-02,        -2.451967157171e-02,        +3.699951023518e-03,        +1.414213562373e-01,        +6.185485502492e-04,        -3.435375064761e-04,        -3.185331985904e-02,        +5.825371768960e-03,        +4.173629204590e-02,        +1.627707822404e-02,        +3.328839583078e-02,        -1.974094906201e-02,        +1.711556613877e-01,        +6.987487262685e-02,        -2.254002135481e-02,        -1.656581413381e-02,        -2.512781997127e-02,        -1.782815241401e-02,        +1.414213562373e-01,        +5.573086262634e-04,        +3.655661720536e-04,        +3.813115655398e-02,        +4.925597415360e-02,        +8.923050917167e-03,        +1.201121358576e-02,        +4.223119046172e-02,        +1.758295209304e-02,        -2.254002135481e-02,        -1.656581413382e-02,        +8.893612685636e-02,        +5.930244350744e-02,        -1.649172600869e-02,        +2.447291063326e-02,        +1.414213562373e-01,        -1.721263216755e-04,        -3.238670501586e-04,        -3.039642628395e-02,        -5.298549561908e-02,        +3.044694549400e-02,        +3.738170773588e-02,        -2.451967157172e-02,        +3.699951023502e-03,        -2.512781997126e-02,        -1.782815241401e-02,        -1.649172600870e-02,        +2.447291063327e-02,        +1.501839806240e-01,        +3.326044636980e-02
 1.36000000e+02,        +1.414213562373e-01,        +1.614387553665e-02,        +2.099359779909e-02,        -2.645472324139e-04,        -4.532464669257e-04,        +1.062103016146e-03,        +5.021583451975e-04,        +1.118656703145e-03,        -8.696260465642e-04,        +7.411876828313e-04,        -6.844549718898e-04,        +8.726478478864e-04,        +3.411799362229e-04,        -2.984928866767e-04,        -3.645857032469e-04,        +1.414213562373e-01,        -2.645472324161e-04,        -4.532464669260e-04,        +1.109530531801e-01,        +4.725346873878e-02,        -2.031618324542e-02,        +2.460372143907e-02,        -3.166183876260e-02,        -2.018127822872e-02,        -3.481181927835e-02,        +8.279946213635e-03,        +4.061363640664e-02,        +4.596351368888e-02,        -3.199356981920e-02,        -4.953218066507e-02,        +1.414213562373e-01,        +1.062103016148e-03,        +5.021583451958e-04,        -2.031618324542e-02,        +2.460372143909e-02,        +9.283828275537e-02,        +6.659101398830e-02,        -2.333228751679e-02,        -1.770787011599e-02,        +4.555353836793e-02,        +1.110949513790e-02,        +1.169930667908e-02,        +1.295886498562e-02,        +3.241895635406e-02,        +3.485667251666e-02,        +1.414213562373e-01,        +1.118656703142e-03,        -8.696260465650e-04,        -3.166183876257e-02,        -2.018127822871e-02,        -2.333228751682e-02,        -1.770787011598e-02,        +1.752792134911e-01,        +6.077117563373e-02,        +2.999161296367e-02,        -2.709809701907e-02,        +4.640932588706e-02,        +1.235364418126e-02,        -2.714171302127e-02,        +5.645055157277e-03,        +1.414213562373e-01,        +7.411876828339e-04,        -6.844549718893e-04,        -3.481181927836e-02,        +8.279946213627e-03,        +4.555353836795e-02,        +1.110949513789e-02,        +2.999161296364e-02,        -2.709809701908e-02,        +1.748943068082e-01,        +6.218295017847e-02,        -1.907213935642e-02,        -1.641343336867e-02,        -2.772976284939e-02,        -1.672637530990e-02,        +1.414213562373e-01,        +8.726478478855e-04,        +3.411799362231e-04,        +4.061363640663e-02,        +4.596351368886e-02,        +1.169930667909e-02,        +1.295886498563e-02,        +4.640932588704e-02,        +1.235364418124e-02,        -1.907213935642e-02,        -1.641343336866e-02,        +9.439479926222e-02,        +6.203861162310e-02,        -1.681738585174e-02,        +2.433454873796e-02,        +1.414213562373e-01,        -2.984928866745e-04,        -3.645857032464e-04,        -3.199356981920e-02,        -4.953218066508e-02,        +3.241895635407e-02,        +3.485667251666e-02,        -2.714171302127e-02,        +5.645055157258e-03,        -2.772976284939e-02,        -1.672637530991e-02,        -1.681738585175e-02,        +2.433454873794e-02,        +1.518070028448e-01,        +3.453862264694e-02
 1.37600000e+02,        +1.414213562373e-01,        +1.896433106679e-02,        +2.704025129183e-02,        -4.740770216451e-04,        -4.767356360970e-04,        +1.480212873249e-03,        +3.694026187839e-04,        +1.173168597409e-03,        -1.421375658429e-03,        +7.894442111133e-04,        -1.197073972134e-03,        +1.298724301491e-03,        +2.077190428535e-04,        -4.797704401895e-04,        -3.784958133796e-04,        +1.414213562373e-01,        -4.740770216451e-04,        -4.767356360952e-04,        +1.144706519632e-01,        +4.896210511041e-02,        -2.157081319251e-02,        +2.488876675447e-02,        -3.422220611060e-02,        -1.818820970976e-02,        -3.739194658737e-02,        +1.163728160563e-02,        +4.268427134631e-02,        +4.283444384708e-02,        -3.313945566726e-02,        -4.608528998935e-02,        +1.414213562373e-01,        +1.480212873250e-03,        +3.694026187853e-04,        -2.157081319250e-02,        +2.488876675448e-02,        +9.919132676376e-02,        +6.841867210945e-02,        -2.087408032274e-02,        -1.806761942128e-02,        +4.840365512105e-02,        +4.847032356808e-03,        +1.488697478802e-02,        +1.311194880164e-02,        +3.408225283645e-02,        +3.245496240451e-02,        +1.414213562373e-01,        +1.173168597412e-03,        -1.421375658427e-03,        -3.422220611057e-02,        -1.818820970975e-02,        -2.087408032276e-02,        -1.806761942127e-02,        +1.774157844487e-01,        +5.273190566194e-02,        +2.470916736802e-02,        -3.390129615536e-02,        +4.962114229245e-02,        +5.913179384358e-03,        -2.949355959746e-02,        +8.393697322609e-03,        +1.414213562373e-01,        +7.894442111086e-04,        -1.197073972136e-03,        -3.739194658740e-02,        +1.163728160561e-02,        +4.840365512106e-02,        +4.847032356802e-03,        +2.470916736800e-02,        -3.390129615536e-02,        +1.769281774781e-01,        +5.434023804253e-02,        -1.617947482109e-02,        -1.721872786802e-02,        -3.010736332327e-02,        -1.499584300514e-02,        +1.414213562373e-01,        +1.298724301490e-03,        +2.077190428515e-04,        +4.268427134631e-02,        +4.283444384705e-02,        +1.488697478803e-02,        +1.311194880164e-02,        +4.962114229243e-02,        +5.913179384350e-03,        -1.617947482108e-02,        -1.721872786801e-02,        +1.004350907041e-01,        +6.367846921054e-02,        -1.744444055902e-02,        +2.463902267699e-02,        +1.414213562373e-01,        -4.797704401909e-04,        -3.784958133810e-04,        -3.313945566727e-02,        -4.608528998935e-02,        +3.408225283646e-02,        +3.245496240451e-02,        -2.949355959745e-02,        +8.393697322598e-03,        -3.010736332328e-02,        -1.499584300514e-02,        -1.744444055903e-02,        +2.463902267698e-02,        +1.537967580508e-01,        +3.554328363510e-02
 1.39200000e+02,        +1.414213562373e-01,        +2.276022731879e-02,        +3.326550598948e-02,        -7.607822280265e-04,        -4.332380527218e-04,        +2.016850370569e-03,        +4.710863670056e-05,        +1.054046965694e-03,        -2.205384200217e-03,        +6.601141417721e-04,        -1.933973996874e-03,        +1.849473189900e-03,        -1.281541445337e-04,        -7.301425726710e-04,        -3.334344677335e-04,        +1.414213562373e-01,        -7.607822280262e-04,        -4.332380527214e-04,        +1.183983536587e-01,        +5.004476435453e-02,        -2.297097005064e-02,        +2.587553829514e-02,        -3.624368047896e-02,        -1.564339230505e-02,        -3.932514192959e-02,        +1.578189055179e-02,        +4.448054683898e-02,        +3.996369107658e-02,        -3.388227740459e-02,        -4.272389615729e-02,        +1.414213562373e-01,        +2.016850370572e-03,        +4.710863670149e-05,        -2.297097005064e-02,        +2.587553829515e-02,        +1.058161194648e-01,        +6.903544265280e-02,        -1.926120618003e-02,        -1.900647702938e-02,        +4.991882091583e-02,        -2.245261400501e-03,        +1.822325722701e-02,        +1.233059473224e-02,        +3.554605165307e-02,        +3.025312256029e-02,        +1.414213562373e-01,        +1.054046965697e-03,        -2.205384200221e-03,        -3.624368047896e-02,        -1.564339230503e-02,        -1.926120618003e-02,        -1.900647702939e-02,        +1.778638212223e-01,        +4.503323786042e-02,        +1.755273617290e-02,        -3.948123360839e-02,        +5.145488373247e-02,        -1.480277957558e-03,        -3.133184156234e-02,        +1.187307147929e-02,        +1.414213562373e-01,        +6.601141417690e-04,        -1.933973996870e-03,        -3.932514192959e-02,        +1.578189055179e-02,        +4.991882091583e-02,        -2.245261400489e-03,        +1.755273617291e-02,        -3.948123360839e-02,        +1.773125616047e-01,        +4.693230909137e-02,        -1.420461830932e-02,        -1.872274015769e-02,        -3.205222731378e-02,        -1.273059612364e-02,        +1.414213562373e-01,        +1.849473189896e-03,        -1.281541445309e-04,        +4.448054683897e-02,        +3.996369107658e-02,        +1.822325722701e-02,        +1.233059473223e-02,        +5.145488373246e-02,        -1.480277957566e-03,        -1.420461830931e-02,        -1.872274015769e-02,        +1.067433977182e-01,        +6.404260890423e-02,        -1.822044726842e-02,        +2.550338971820e-02,        +1.414213562373e-01,        -7.301425726718e-04,        -3.334344677327e-04,        -3.388227740459e-02,        -4.272389615730e-02,        +3.554605165307e-02,        +3.025312256029e-02,        -3.133184156236e-02,        +1.187307147928e-02,        -3.205222731377e-02,        -1.273059612363e-02,        -1.822044726843e-02,        +2.550338971820e-02,        +1.560849090337e-01,        +3.617723517045e-02
 1.40800000e+02,        +1.414213562373e-01,        +2.791582526534e-02,        +3.948259307948e-02,        -1.132960802756e-03,        -2.576599404356e-04,        +2.655063405974e-03,        -6.173946831017e-04,        +5.639612337663e-04,        -3.267316997146e-03,        +1.546229932814e-04,        -2.932273362236e-03,        +2.504174998709e-03,        -8.307372131575e-04,        -1.058069069048e-03,        -1.698590494677e-04,        +1.414213562373e-01,        -1.132960802752e-03,        -2.576599404369e-04,        +1.225807243160e-01,        +5.041714332732e-02,        -2.429109403397e-02,        +2.761787898308e-02,        -3.755515235617e-02,        -1.276483960865e-02,        -4.038671871621e-02,        +2.050664310073e-02,        +4.617283664844e-02,        +3.739046006471e-02,        -3.429061190102e-02,        -3.950143060850e-02,        +1.414213562373e-01,        +2.655063405979e-03,        -6.173946831020e-04,        -2.429109403396e-02,        +2.761787898309e-02,        +1.123755613253e-01,        +6.837755390517e-02,        -1.870825376930e-02,        -2.014574379276e-02,        +4.981000190094e-02,        -9.761173060918e-03,        +2.138649524852e-02,        +1.056017837918e-02,        +3.694863591385e-02,        +2.828387647431e-02,        +1.414213562373e-01,        +5.639612337675e-04,        -3.267316997154e-03,        -3.755515235616e-02,        -1.276483960863e-02,        -1.870825376927e-02,        -2.014574379276e-02,        +1.768724505572e-01,        +3.824605733488e-02,        +8.894033129480e-03,        -4.318026499246e-02,        +5.157134126079e-02,        -9.408924543492e-03,        -3.243806185862e-02,        +1.592571311088e-02,        +1.414213562373e-01,        +1.546229932787e-04,        -2.932273362229e-03,        -4.038671871621e-02,        +2.050664310072e-02,        +4.981000190094e-02,        -9.761173060922e-03,        +8.894033129500e-03,        -4.318026499246e-02,        +1.763444596835e-01,        +4.052766932830e-02,        -1.340187854995e-02,        -2.051914302448e-02,        -3.339261832707e-02,        -1.010604270380e-02,        +1.414213562373e-01,        +2.504174998705e-03,        -8.307372131575e-04,        +4.617283664843e-02,        +3.739046006469e-02,        +2.138649524849e-02,        +1.056017837918e-02,        +5.157134126077e-02,        -9.408924543474e-03,        -1.340187854994e-02,        -2.051914302450e-02,        +1.129295133693e-01,        +6.304876661552e-02,        -1.894802833510e-02,        +2.699547435512e-02,        +1.414213562373e-01,        -1.058069069048e-03,        -1.698590494661e-04,        -3.429061190102e-02,        -3.950143060850e-02,        +3.694863591386e-02,        +2.828387647432e-02,        -3.243806185861e-02,        +1.592571311087e-02,        -3.339261832709e-02,        -1.010604270380e-02,        -1.894802833512e-02,        +2.699547435512e-02,        +1.585735646394e-01,        +3.636500609250e-02
 1.42400000e+02,        +1.414213562373e-01,        +3.495160518395e-02,        +4.516042459774e-02,        -1.564366582639e-03,        +1.677715620372e-04,        +3.266473570756e-03,        -1.883561581066e-03,        -6.743166758133e-04,        -4.557166887756e-03,        -1.100280527194e-03,        -4.124990022280e-03,        +3.119042155167e-03,        -2.177369057486e-03,        -1.440206445634e-03,        +2.209818302952e-04,        +1.414213562373e-01,        -1.564366582638e-03,        +1.677715620329e-04,        +1.268420388537e-01,        +5.003979811139e-02,        -2.527947565095e-02,        +3.010186758496e-02,        -3.806414357523e-02,        -9.841743004808e-03,        -4.042228551822e-02,        +2.552371230628e-02,        +4.795146414857e-02,        +3.509020216755e-02,        -3.444358453663e-02,        -3.644155242926e-02,        +1.414213562373e-01,        +3.266473570752e-03,        -1.883561581064e-03,        -2.527947565094e-02,        +3.010186758499e-02,        +1.184801541421e-01,        +6.648399308817e-02,        -1.930352418573e-02,        -2.098100008849e-02,        +4.791225708807e-02,        -1.715237025149e-02,        +2.399983011935e-02,        +7.854160335283e-03,        +3.844822250431e-02,        +2.652817494529e-02,        +1.414213562373e-01,        -6.743166758140e-04,        -4.557166887755e-03,        -3.806414357520e-02,        -9.841743004789e-03,        -1.930352418577e-02,        -2.098100008850e-02,        +1.749504742516e-01,        +3.286741609051e-02,        -6.041422914699e-04,        -4.443646775409e-02,        +4.975586292989e-02,        -1.728855910836e-02,        -3.264363321732e-02,        +2.031232087007e-02,        +1.414213562373e-01,        -1.100280527193e-03,        -4.124990022279e-03,        -4.042228551825e-02,        +2.552371230627e-02,        +4.791225708811e-02,        -1.715237025148e-02,        -6.041422914496e-04,        -4.443646775408e-02,        +1.745880294906e-01,        +3.559451330758e-02,        -1.388391805327e-02,        -2.205510606985e-02,        -3.402036976019e-02,        -7.371793912627e-03,        +1.414213562373e-01,        +3.119042155164e-03,        -2.177369057487e-03,        +4.795146414856e-02,        +3.509020216752e-02,        +2.399983011935e-02,        +7.854160335295e-03,        +4.975586292987e-02,        -1.728855910835e-02,        -1.388391805324e-02,        -2.205510606984e-02,        +1.185317051953e-01,        +6.074377545191e-02,        -1.939371886611e-02,        +2.912008808597e-02,        +1.414213562373e-01,        -1.440206445634e-03,        +2.209818302957e-04,        -3.444358453663e-02,        -3.644155242926e-02,        +3.844822250432e-02,        +2.652817494531e-02,        -3.264363321730e-02,        +2.031232087007e-02,        -3.402036976022e-02,        -7.371793912626e-03,        -1.939371886613e-02,        +2.912008808596e-02,        +1.611415362231e-01,        +3.606064715436e-02
 1.44000000e+02,        +1.414213562373e-01,        +4.425897412248e-02,        +4.897509078368e-02,        -1.901924126017e-03,        +1.025719787511e-03,        +3.381453738277e-03,        -4.095631798728e-03,        -3.283457428708e-03,        -5.631889566722e-03,        -3.702934543483e-03,        -5.041537494121e-03,        +3.178832517869e-03,        -4.528738358472e-03,        -1.735358795923e-03,        +1.008636285616e-03,        +1.414213562373e-01,        -1.901924126013e-03,        +1.025719787510e-03,        +1.309907767926e-01,        +4.892493773685e-02,        -2.565671394445e-02,        +3.322255337239e-02,        -3.779225291534e-02,        -7.237497491676e-03,        -3.938550830007e-02,        +3.045908012078e-02,        +5.002779591107e-02,        +3.295130090880e-02,        -3.442777394434e-02,        -3.353357461693e-02,        +1.414213562373e-01,        +3.381453738278e-03,        -4.095631798731e-03,        -2.565671394444e-02,        +3.322255337242e-02,        +1.236742389919e-01,        +6.357107953005e-02,        -2.091019523949e-02,        -2.084844255927e-02,        +4.428974170185e-02,        -2.369589910776e-02,        +2.561922660416e-02,        +4.456064483895e-03,        +4.022544239688e-02,        +2.489346281761e-02,        +1.414213562373e-01,        -3.283457428709e-03,        -5.631889566719e-03,        -3.779225291533e-02,        -7.237497491667e-03,        -2.091019523946e-02,        -2.084844255928e-02,        +1.729524301428e-01,        +2.918860023138e-02,        -9.908348980582e-03,        -4.293241600130e-02,        +4.603635221173e-02,        -2.432779455430e-02,        -3.186788806633e-02,        +2.469949102081e-02,        +1.414213562373e-01,        -3.702934543483e-03,        -5.041537494114e-03,        -3.938550830009e-02,        +3.045908012078e-02,        +4.428974170186e-02,        -2.369589910775e-02,        -9.908348980569e-03,        -4.293241600132e-02,        +1.729441274919e-01,        +3.235229297064e-02,        -1.550341654766e-02,        -2.260347879253e-02,        -3.393028759600e-02,        -4.857144882932e-03,        +1.414213562373e-01,        +3.178832517867e-03,        -4.528738358469e-03,        +5.002779591106e-02,        +3.295130090878e-02,        +2.561922660414e-02,        +4.456064483871e-03,        +4.603635221174e-02,        -2.432779455431e-02,        -1.550341654765e-02,        -2.260347879253e-02,        +1.230099209995e-01,        +5.739963022171e-02,        -1.928679985703e-02,        +3.178939558135e-02,        +1.414213562373e-01,        -1.735358795922e-03,        +1.008636285615e-03,        -3.442777394435e-02,        -3.353357461693e-02,        +4.022544239688e-02,        +2.489346281760e-02,        -3.186788806634e-02,        +2.469949102081e-02,        -3.393028759599e-02,        -4.857144882929e-03,        -1.928679985703e-02,        +3.178939558137e-02,        +1.636459750288e-01,        +3.525749349712e-02
 1.45600000e+02,        +1.414213562373e-01,        +5.477223907549e-02,        +4.850075152703e-02,        -1.669624332992e-03,        +2.410808624382e-03,        +1.799289649071e-03,        -7.203780792465e-03,        -7.687746053324e-03,        -4.971877619321e-03,        -8.000357903154e-03,        -4.149179627978e-03,        +1.386892429156e-03,        -7.799962700967e-03,        -1.501216201033e-03,        +2.281106779321e-03,        +1.414213562373e-01,        -1.669624332991e-03,        +2.410808624382e-03,        +1.348284060665e-01,        +4.717089243669e-02,        -2.514758544887e-02,        +3.669212771640e-02,        -3.700401863381e-02,        -5.375531258783e-03,        -3.746926483807e-02,        +3.486870309644e-02,        +5.259798212797e-02,        +3.067966766304e-02,        -3.433019399157e-02,        -3.070283142561e-02,        +1.414213562373e-01,        +1.799289649071e-03,        -7.203780792461e-03,        -2.514758544887e-02,        +3.669212771641e-02,        +1.275521673876e-01,        +6.025892304998e-02,        -2.283250990783e-02,        -1.899674546952e-02,        +3.957061566411e-02,        -2.857905765359e-02,        +2.586635896518e-02,        +1.041141671528e-03,        +4.245410823289e-02,        +2.312878384204e-02,        +1.414213562373e-01,        -7.687746053325e-03,        -4.971877619318e-03,        -3.700401863380e-02,        -5.375531258775e-03,        -2.283250990785e-02,        -1.899674546952e-02,        +1.721183322152e-01,        +2.682931823341e-02,        -1.760269533729e-02,        -3.907492480647e-02,        +4.105514784008e-02,        -2.961082348577e-02,        -3.024647868882e-02,        +2.866540473794e-02,        +1.414213562373e-01,        -8.000357903155e-03,        -4.149179627979e-03,        -3.746926483807e-02,        +3.486870309643e-02,        +3.957061566412e-02,        -2.857905765359e-02,        -1.760269533729e-02,        -3.907492480649e-02,        +1.726361915581e-01,        +3.029985487160e-02,        -1.749170753272e-02,        -2.137139128717e-02,        -3.334650164835e-02,        -2.952929006244e-03,        +1.414213562373e-01,        +1.386892429154e-03,        -7.799962700971e-03,        +5.259798212796e-02,        +3.067966766303e-02,        +2.586635896518e-02,        +1.041141671529e-03,        +4.105514784007e-02,        -2.961082348577e-02,        -1.749170753270e-02,        -2.137139128718e-02,        +1.259031243661e-01,        +5.377691413977e-02,        -1.835642437435e-02,        +3.472596767213e-02,        +1.414213562373e-01,        -1.501216201032e-03,        +2.281106779324e-03,        -3.433019399157e-02,        -3.070283142562e-02,        +4.245410823290e-02,        +2.312878384205e-02,        -3.024647868881e-02,        +2.866540473793e-02,        -3.334650164835e-02,        -2.952929006232e-03,        -1.835642437437e-02,        +3.472596767213e-02,        +1.659299000725e-01,        +3.402204296458e-02
 1.47200000e+02,        +1.414213562373e-01,        +6.177411347739e-02,        +4.286864684789e-02,        -1.852683850961e-04,        +3.706366472947e-03,        -2.787268800686e-03,        -9.318120662242e-03,        -1.204140462845e-02,        -1.816686391709e-04,        -1.203473872905e-02,        +8.426819681547e-04,        -3.620111478404e-03,        -9.909605098076e-03,        -1.021945790778e-04,        +3.462683660416e-03,        +1.414213562373e-01,        -1.852683850963e-04,        +3.706366472950e-03,        +1.382523979370e-01,        +4.500748775469e-02,        -2.375364268963e-02,        +3.997443021931e-02,        -3.639353092825e-02,        -4.412741052027e-03,        -3.528045847843e-02,        +3.856879313923e-02,        +5.554825956277e-02,        +2.773904607238e-02,        -3.414432231644e-02,        -2.777163770240e-02,        +1.414213562373e-01,        -2.787268800686e-03,        -9.318120662238e-03,        -2.375364268961e-02,        +3.997443021931e-02,        +1.304510884313e-01,        +5.760023755298e-02,        -2.350507645449e-02,        -1.546303204653e-02,        +3.522020315830e-02,        -3.178475095299e-02,        +2.518029022605e-02,        -1.272266072108e-03,        +4.504765856217e-02,        +2.076519220022e-02,        +1.414213562373e-01,        -1.204140462845e-02,        -1.816686391685e-04,        -3.639353092823e-02,        -4.412741052022e-03,        -2.350507645450e-02,        -1.546303204651e-02,        +1.730892894364e-01,        +2.398139022112e-02,        -2.291693397911e-02,        -3.471175798054e-02,        +3.639638202377e-02,        -3.305433013667e-02,        -2.831660861204e-02,        +3.199966056385e-02,        +1.414213562373e-01,        -1.203473872906e-02,        +8.426819681548e-04,        -3.528045847844e-02,        +3.856879313924e-02,        +3.522020315830e-02,        -3.178475095300e-02,        -2.291693397909e-02,        -3.471175798054e-02,        +1.741508730385e-01,        +2.756266117101e-02,        -1.818983554838e-02,        -1.847615458397e-02,        -3.288773337329e-02,        -1.797295891340e-03,        +1.414213562373e-01,        -3.620111478404e-03,        -9.909605098078e-03,        +5.554825956275e-02,        +2.773904607235e-02,        +2.518029022607e-02,        -1.272266072116e-03,        +3.639638202375e-02,        -3.305433013668e-02,        -1.818983554836e-02,        -1.847615458396e-02,        +1.276533963418e-01,        +5.111965807574e-02,        -1.661329656340e-02,        +3.740014688091e-02,        +1.414213562373e-01,        -1.021945790779e-04,        +3.462683660419e-03,        -3.414432231645e-02,        -2.777163770241e-02,        +4.504765856218e-02,        +2.076519220026e-02,        -2.831660861200e-02,        +3.199966056384e-02,        -3.288773337332e-02,        -1.797295891342e-03,        -1.661329656343e-02,        +3.740014688088e-02,        +1.679133328923e-01,        +3.253660007486e-02
 1.48800000e+02,        +1.414213562373e-01,        +6.168451383881e-02,        +3.824078803602e-02,        +2.107372250807e-03,        +3.595862208835e-03,        -8.573071128457e-03,        -7.457808161960e-03,        -1.186680352947e-02,        +7.652272640397e-03,        -1.140279894128e-02,        +8.622795236735e-03,        -9.801220344449e-03,        -7.675664105186e-03,        +2.046059637091e-03,        +3.321476381543e-03,        +1.414213562373e-01,        +2.107372250806e-03,        +3.595862208840e-03,        +1.414080209959e-01,        +4.260191276096e-02,        -2.201645804079e-02,        +4.282867181831e-02,        -3.649571849192e-02,        -3.681706244487e-03,        -3.323336361681e-02,        +4.215827272958e-02,        +5.818870189328e-02,        +2.395124466198e-02,        -3.363203060214e-02,        -2.464413391888e-02,        +1.414213562373e-01,        -8.573071128456e-03,        -7.457808161961e-03,        -2.201645804078e-02,        +4.282867181829e-02,        +1.337921469262e-01,        +5.563716477855e-02,        -2.218256070796e-02,        -1.209950587184e-02,        +3.181609805091e-02,        -3.502778025199e-02,        +2.514832249272e-02,        -2.498011391203e-03,        +4.741446524068e-02,        +1.762565887493e-02,        +1.414213562373e-01,        -1.186680352947e-02,        +7.652272640396e-03,        -3.649571849193e-02,        -3.681706244491e-03,        -2.218256070796e-02,        -1.209950587185e-02,        +1.739225801709e-01,        +1.911254806048e-02,        -2.763257979909e-02,        -3.134457632627e-02,        +3.274206991509e-02,        -3.647968562709e-02,        -2.648064643624e-02,        +3.522378040465e-02,        +1.414213562373e-01,        -1.140279894129e-02,        +8.622795236739e-03,        -3.323336361681e-02,        +4.215827272959e-02,        +3.181609805093e-02,        -3.502778025198e-02,        -2.763257979909e-02,        -3.134457632628e-02,        +1.754345392840e-01,        +2.277987424462e-02,        -1.695212500939e-02,        -1.592349926332e-02,        -3.299939682424e-02,        -7.790936849128e-04,        +1.414213562373e-01,        -9.801220344455e-03,        -7.675664105179e-03,        +5.818870189326e-02,        +2.395124466198e-02,        +2.514832249272e-02,        -2.498011391203e-03,        +3.274206991508e-02,        -3.647968562709e-02,        -1.695212500938e-02,        -1.592349926332e-02,        +1.299338276628e-01,        +4.943755404369e-02,        -1.460876458313e-02,        +3.958626342470e-02,        +1.414213562373e-01,        +2.046059637090e-03,        +3.321476381542e-03,        -3.363203060215e-02,        -2.464413391889e-02,        +4.741446524067e-02,        +1.762565887493e-02,        -2.648064643626e-02,        +3.522378040465e-02,        -3.299939682424e-02,        -7.790936849184e-04,        -1.460876458313e-02,        +3.958626342471e-02,        +1.697284769660e-01,        +3.093192073355e-02
 1.50400000e+02,        +1.414213562373e-01,        +6.027194193820e-02,        +4.000939184410e-02,        +3.728420185716e-03,        +2.102270273773e-03,        -1.195473976807e-02,        -2.423630426057e-03,        -6.727907919371e-03,        +1.363055023090e-02,        -5.921982209427e-03,        +1.428415822507e-02,        -1.326051901524e-02,        -2.066746830107e-03,        +3.554091120196e-03,        +1.874535691791e-03,        +1.414213562373e-01,        +3.728420185715e-03,        +2.102270273777e-03,        +1.443899803052e-01,        +3.982951385557e-02,        -2.017390936911e-02,        +4.569541667135e-02,        -3.684425495419e-02,        -2.595792629970e-03,        -3.076695936436e-02,        +4.607348884498e-02,        +6.018550526302e-02,        +1.989500819233e-02,        -3.260828408786e-02,        -2.152408799039e-02,        +1.414213562373e-01,        -1.195473976808e-02,        -2.423630426062e-03,        -2.017390936911e-02,        +4.569541667134e-02,        +1.378315177719e-01,        +5.294123991284e-02,        -2.044670733489e-02,        -9.936538201847e-03,        +2.769200627559e-02,        -3.905372462616e-02,        +2.605282110308e-02,        -4.223583844438e-03,        +4.924914075571e-02,        +1.418982360542e-02,        +1.414213562373e-01,        -6.727907919372e-03,        +1.363055023090e-02,        -3.684425495420e-02,        -2.595792629966e-03,        -2.044670733486e-02,        -9.936538201839e-03,        +1.727922624162e-01,        +1.392871942336e-02,        -3.326244032239e-02,        -2.731930358340e-02,        +2.832126189059e-02,        -4.072296706049e-02,        -2.423097663107e-02,        +3.875010342640e-02,        +1.414213562373e-01,        -5.921982209421e-03,        +1.428415822507e-02,        -3.076695936436e-02,        +4.607348884497e-02,        +2.769200627558e-02,        -3.905372462614e-02,        -3.326244032237e-02,        -2.731930358341e-02,        +1.748555900764e-01,        +1.777112880602e-02,        -1.556074045244e-02,        -1.464828069414e-02,        -3.321346801449e-02,        +5.876008794040e-04,        +1.414213562373e-01,        -1.326051901524e-02,        -2.066746830101e-03,        +6.018550526302e-02,        +1.989500819234e-02,        +2.605282110310e-02,        -4.223583844450e-03,        +2.832126189062e-02,        -4.072296706050e-02,        -1.556074045245e-02,        -1.464828069411e-02,        +1.329873068945e-01,        +4.708520855990e-02,        -1.257577511252e-02,        +4.173717505620e-02,        +1.414213562373e-01,        +3.554091120190e-03,        +1.874535691792e-03,        -3.260828408786e-02,        -2.152408799039e-02,        +4.924914075571e-02,        +1.418982360544e-02,        -2.423097663105e-02,        +3.875010342642e-02,        -3.321346801451e-02,        +5.876008793773e-04,        -1.257577511253e-02,        +4.173717505619e-02,        +1.714622743780e-01,        +2.908613814365e-02
 1.52000000e+02,        +1.414213562373e-01,        +6.328615972926e-02,        +4.488927962584e-02,        +4.290775153598e-03,        +2.163574941332e-04,        -1.243677958323e-02,        +3.258925071971e-03,        +3.424332448654e-04,        +1.604860408212e-02,        +1.290595332737e-03,        +1.627789281348e-02,        -1.351433701928e-02,        +4.148280245426e-03,        +4.045492363753e-03,        +4.912770340235e-05,        +1.414213562373e-01,        +4.290775153601e-03,        +2.163574941331e-04,        +1.470401811377e-01,        +3.661636457262e-02,        -1.785904928609e-02,        +4.875336779947e-02,        -3.702316177614e-02,        -1.417544983142e-03,        -2.744398746739e-02,        +4.987876886385e-02,        +6.187234072561e-02,        +1.587447659532e-02,        -3.113975500524e-02,        -1.859604727604e-02,        +1.414213562373e-01,        -1.243677958323e-02,        +3.258925071978e-03,        -1.785904928609e-02,        +4.875336779946e-02,        +1.414456874211e-01,        +4.907471023422e-02,        -1.921087064342e-02,        -7.915644329821e-03,        +2.199947983324e-02,        -4.253435788242e-02,        +2.669872362924e-02,        -6.934596333771e-03,        +5.082207451572e-02,        +1.071413583968e-02,        +1.414213562373e-01,        +3.424332448724e-04,        +1.604860408213e-02,        -3.702316177614e-02,        -1.417544983136e-03,        -1.921087064340e-02,        -7.915644329846e-03,        +1.707927284374e-01,        +1.011153154714e-02,        -3.844431387370e-02,        -2.121609569211e-02,        +2.220434320462e-02,        -4.435255104727e-02,        -2.114417196988e-02,        +4.216851858403e-02,        +1.414213562373e-01,        +1.290595332729e-03,        +1.627789281348e-02,        -2.744398746736e-02,        +4.987876886385e-02,        +2.199947983321e-02,        -4.253435788240e-02,        -3.844431387370e-02,        -2.121609569212e-02,        +1.736462504800e-01,        +1.403355426296e-02,        -1.489443640005e-02,        -1.339442245797e-02,        -3.316271390668e-02,        +2.001227017762e-03,        +1.414213562373e-01,        -1.351433701928e-02,        +4.148280245423e-03,        +6.187234072562e-02,        +1.587447659533e-02,        +2.669872362923e-02,        -6.934596333770e-03,        +2.220434320463e-02,        -4.435255104729e-02,        -1.489443640008e-02,        -1.339442245795e-02,        +1.355168819734e-01,        +4.365779912541e-02,        -1.014635868812e-02,        +4.402540410908e-02,        +1.414213562373e-01,        +4.045492363754e-03,        +4.912770340335e-05,        -3.113975500524e-02,        -1.859604727604e-02,        +5.082207451570e-02,        +1.071413583969e-02,        -2.114417196989e-02,        +4.216851858405e-02,        -3.316271390668e-02,        +2.001227017742e-03,        -1.014635868811e-02,        +4.402540410908e-02,        +1.729794481832e-01,        +2.692226764487e-02
 1.53600000e+02,        +1.414213562373e-01,        +7.093209360917e-02,        +4.796049425415e-02,        +4.052997835531e-03,        -1.624088497166e-03,        -1.066037239267e-02,        +8.726408649677e-03,        +7.864171077235e-03,        +1.531631788330e-02,        +8.764176288663e-03,        +1.508870871068e-02,        -1.127613577650e-02,        +1.001267998020e-02,        +3.743567581281e-03,        -1.731150109116e-03,        +1.414213562373e-01,        +4.052997835532e-03,        -1.624088497166e-03,        +1.492134129285e-01,        +3.306788009625e-02,        -1.481406877767e-02,        +5.174399516416e-02,        -3.716733901687e-02,        -4.415920800619e-04,        -2.342099981687e-02,        +5.311481146870e-02,        +6.348030086423e-02,        +1.174224148245e-02,        -2.930668534275e-02,        -1.590113851914e-02,        +1.414213562373e-01,        -1.066037239268e-02,        +8.726408649682e-03,        -1.481406877767e-02,        +5.174399516419e-02,        +1.439601989814e-01,        +4.465874049432e-02,        -1.790826460988e-02,        -5.169447715679e-03,        +1.541376562192e-02,        -4.439367943898e-02,        +2.639769570556e-02,        -9.985404876735e-03,        +5.231843601695e-02,        +7.063314081079e-03,        +1.414213562373e-01,        +7.864171077240e-03,        +1.531631788330e-02,        -3.716733901683e-02,        -4.415920800670e-04,        -1.790826460990e-02,        -5.169447715667e-03,        +1.693783244310e-01,        +7.363987467674e-03,        -4.161379012387e-02,        -1.365627818439e-02,        +1.513341528602e-02,        -4.618483203619e-02,        -1.736368182721e-02,        +4.502233845990e-02,        +1.414213562373e-01,        +8.764176288659e-03,        +1.508870871067e-02,        -2.342099981692e-02,        +5.311481146870e-02,        +1.541376562196e-02,        -4.439367943899e-02,        -4.161379012387e-02,        -1.365627818440e-02,        +1.731669002711e-01,        +1.107555280746e-02,        -1.424125921916e-02,        -1.124852548572e-02,        -3.301020325839e-02,        +3.163119617556e-03,        +1.414213562373e-01,        -1.127613577650e-02,        +1.001267998019e-02,        +6.348030086422e-02,        +1.174224148242e-02,        +2.639769570556e-02,        -9.985404876759e-03,        +1.513341528598e-02,        -4.618483203616e-02,        -1.424125921912e-02,        -1.124852548573e-02,        +1.368442625544e-01,        +3.995726105745e-02,        -7.080906523148e-03,        +4.618356150080e-02,        +1.414213562373e-01,        +3.743567581281e-03,        -1.731150109116e-03,        -2.930668534277e-02,        -1.590113851912e-02,        +5.231843601696e-02,        +7.063314081065e-03,        -1.736368182723e-02,        +4.502233845989e-02,        -3.301020325837e-02,        +3.163119617557e-03,        -7.080906523172e-03,        +4.618356150083e-02,        +1.741545246517e-01,        +2.452164900902e-02
 1.55200000e+02,        +1.414213562373e-01,        +8.041624379537e-02,        +4.588657961706e-02,        +3.075047440006e-03,        -3.273406595278e-03,        -6.463548342119e-03,        +1.352589295751e-02,        +1.508888588743e-02,        +1.110514072062e-02,        +1.571468698296e-02,        +1.044493782507e-02,        -6.412429101844e-03,        +1.497344044574e-02,        +2.692670941991e-03,        -3.293416461319e-03,        +1.414213562373e-01,        +3.075047440002e-03,        -3.273406595277e-03,        +1.508655619273e-01,        +2.933789870674e-02,        -1.104576217303e-02,        +5.432253452443e-02,        -3.757332598769e-02,        +3.315735511992e-04,        -1.905281264714e-02,        +5.561935243342e-02,        +6.498434737267e-02,        +7.276350017578e-03,        -2.712803391151e-02,        -1.345186108967e-02,        +1.414213562373e-01,        -6.463548342117e-03,        +1.352589295751e-02,        -1.104576217303e-02,        +5.432253452445e-02,        +1.453881412472e-01,        +4.048296939371e-02,        -1.555547981950e-02,        -1.692368754721e-03,        +9.045425097377e-03,        -4.444173886774e-02,        +2.520585535104e-02,        -1.257335413672e-02,        +5.369355640175e-02,        +3.034463408739e-03,        +1.414213562373e-01,        +1.508888588745e-02,        +1.110514072062e-02,        -3.757332598768e-02,        +3.315735511994e-04,        -1.555547981951e-02,        -1.692368754751e-03,        +1.690485344260e-01,        +4.501574069539e-03,        -4.227833479664e-02,        -6.124898768994e-03,        +8.345071577118e-03,        -4.601321609534e-02,        -1.324305210474e-02,        +4.713777928780e-02,        +1.414213562373e-01,        +1.571468698295e-02,        +1.044493782507e-02,        -1.905281264715e-02,        +5.561935243342e-02,        +9.045425097394e-03,        -4.444173886772e-02,        -4.227833479666e-02,        -6.124898769022e-03,        +1.737141981556e-01,        +7.648588144767e-03,        -1.251822149454e-02,        -8.285689490977e-03,        -3.306682351132e-02,        +4.075149517261e-03,        +1.414213562373e-01,        -6.412429101842e-03,        +1.497344044573e-02,        +6.498434737265e-02,        +7.276350017573e-03,        +2.520585535102e-02,        -1.257335413673e-02,        +8.345071577072e-03,        -4.601321609532e-02,        -1.251822149449e-02,        -8.285689491012e-03,        +1.371428341158e-01,        +3.690608358730e-02,        -3.422467743721e-03,        +4.787036346676e-02,        +1.414213562373e-01,        +2.692670941988e-03,        -3.293416461319e-03,        -2.712803391151e-02,        -1.345186108966e-02,        +5.369355640175e-02,        +3.034463408731e-03,        -1.324305210473e-02,        +4.713777928779e-02,        -3.306682351133e-02,        +4.075149517263e-03,        -3.422467743737e-03,        +4.787036346678e-02,        +1.749515629690e-01,        +2.200934535003e-02
 1.56800000e+02,        +1.414213562373e-01,        +8.663887820917e-02,        +3.802597942367e-02,        +1.329353631625e-03,        -4.367082426932e-03,        +3.597226747221e-04,        +1.615353487632e-02,        +1.996661326426e-02,        +2.896685186226e-03,        +2.006748164441e-02,        +1.978814588717e-03,        +1.157963747568e-03,        +1.735866132083e-02,        +8.935296445422e-04,        -4.239687953189e-03,        +1.414213562373e-01,        +1.329353631625e-03,        -4.367082426935e-03,        +1.520349427309e-01,        +2.556366891223e-02,        -6.781125369402e-03,        +5.621071952801e-02,        -3.847274602424e-02,        +1.177283199250e-03,        -1.466925067587e-02,        +5.751576745397e-02,        +6.616064149057e-02,        +2.337041189112e-03,        -2.458382902992e-02,        -1.128426635337e-02,        +1.414213562373e-01,        +3.597226747210e-04,        +1.615353487633e-02,        -6.781125369393e-03,        +5.621071952802e-02,        +1.463697692878e-01,        +3.712130165222e-02,        -1.134401541082e-02,        +1.619881418749e-03,        +3.844556804544e-03,        -4.340079637201e-02,        +2.383875620783e-02,        -1.416504141582e-02,        +5.471550558767e-02,        -1.496187348462e-03,        +1.414213562373e-01,        +1.996661326425e-02,        +2.896685186222e-03,        -3.847274602421e-02,        +1.177283199256e-03,        -1.134401541085e-02,        +1.619881418724e-03,        +1.690671605156e-01,        +2.799311824316e-04,        -4.125709495724e-02,        -9.665767475612e-05,        +2.897334921816e-03,        -4.464850492906e-02,        -9.119845285056e-03,        +4.863334618548e-02,        +1.414213562373e-01,        +2.006748164442e-02,        +1.978814588723e-03,        -1.466925067589e-02,        +5.751576745396e-02,        +3.844556804554e-03,        -4.340079637201e-02,        -4.125709495726e-02,        -9.665767472874e-05,        +1.743483875411e-01,        +2.620081245223e-03,        -8.946748265487e-03,        -5.544303281770e-03,        -3.355999861451e-02,        +5.018837355934e-03,        +1.414213562373e-01,        +1.157963747569e-03,        +1.735866132083e-02,        +6.616064149056e-02,        +2.337041189098e-03,        +2.383875620781e-02,        -1.416504141580e-02,        +2.897334921812e-03,        -4.464850492904e-02,        -8.946748265512e-03,        -5.544303281790e-03,        +1.373112545729e-01,        +3.505641951958e-02,        +5.552073330794e-04,        +4.884344825449e-02,        +1.414213562373e-01,        +8.935296445398e-04,        -4.239687953182e-03,        -2.458382902992e-02,        -1.128426635337e-02,        +5.471550558768e-02,        -1.496187348458e-03,        -9.119845285042e-03,        +4.863334618545e-02,        -3.355999861454e-02,        +5.018837355955e-03,        +5.552073330578e-04,        +4.884344825449e-02,        +1.754093697873e-01,        +1.949204268007e-02
 1.58400000e+02,        +1.414213562373e-01,        +8.507247153504e-02,        +2.914838668232e-02,        -7.806638769815e-04,        -4.383253711028e-03,        +8.165348526146e-03,        +1.460433353854e-02,        +1.948639370321e-02,        -7.446914591543e-03,        +1.896316213893e-02,        -8.255656890068e-03,        +9.464300631053e-03,        +1.512475854318e-02,        -1.187247092630e-03,        -4.060731596476e-03,        +1.414213562373e-01,        -7.806638769847e-04,        -4.383253711026e-03,        +1.528140465289e-01,        +2.181402631846e-02,        -2.384716334224e-03,        +5.737074951926e-02,        -3.978409197393e-02,        +2.554776563229e-03,        -1.032827955241e-02,        +5.912586238067e-02,        +6.668858089772e-02,        -2.960542616790e-03,        -2.164714170840e-02,        -9.496706605797e-03,        +1.414213562373e-01,        +8.165348526141e-03,        +1.460433353854e-02,        -2.384716334197e-03,        +5.737074951926e-02,        +1.478986493869e-01,        +3.430250296207e-02,        -5.563043943345e-03,        +3.237098355720e-03,        -3.062308102764e-04,        -4.260079096974e-02,        +2.332192533545e-02,        -1.516012903379e-02,        +5.506192631984e-02,        -6.405475838604e-03,        +1.414213562373e-01,        +1.948639370320e-02,        -7.446914591535e-03,        -3.978409197392e-02,        +2.554776563188e-03,        -5.563043943357e-03,        +3.237098355704e-03,        +1.676208536430e-01,        -5.285216410968e-03,        -4.043127925279e-02,        +4.293772084325e-03,        -1.337504634961e-03,        -4.357174773542e-02,        -5.053527272449e-03,        +4.983166560680e-02,        +1.414213562373e-01,        +1.896316213892e-02,        -8.255656890077e-03,        -1.032827955241e-02,        +5.912586238070e-02,        -3.062308102550e-04,        -4.260079096976e-02,        -4.043127925281e-02,        +4.293772084299e-03,        +1.732365147525e-01,        -3.745411423995e-03,        -4.016852810210e-03,        -4.590270922648e-03,        -3.438231212890e-02,        +6.431347394014e-03,        +1.414213562373e-01,        +9.464300631054e-03,        +1.512475854318e-02,        +6.668858089769e-02,        -2.960542616785e-03,        +2.332192533542e-02,        -1.516012903380e-02,        -1.337504634982e-03,        -4.357174773539e-02,        -4.016852810190e-03,        -4.590270922699e-03,        +1.385181189330e-01,        +3.388221422059e-02,        +4.471223934268e-03,        +4.914657649512e-02,        +1.414213562373e-01,        -1.187247092630e-03,        -4.060731596476e-03,        -2.164714170840e-02,        -9.496706605790e-03,        +5.506192631985e-02,        -6.405475838601e-03,        -5.053527272452e-03,        +4.983166560679e-02,        -3.438231212891e-02,        +6.431347394020e-03,        +4.471223934266e-03,        +4.914657649513e-02,        +1.756076098187e-01,        +1.700633353427e-02
 1.60000000e+02,        +1.414213562373e-01,        +7.803699501355e-02,        +2.640313201645e-02,        -2.434867983057e-03,        -3.350710828691e-03,        +1.376837897554e-02,        +9.139597230543e-03,        +1.340705025541e-02,        -1.559207296397e-02,        +1.245607425732e-02,        -1.594679353164e-02,        +1.506189215824e-02,        +8.832459460843e-03,        -2.704970527082e-03,        -2.859453080164e-03,        +1.414213562373e-01,        -2.434867983057e-03,        -3.350710828692e-03,        +1.532648442158e-01,        +1.807479985983e-02,        +1.948417099515e-03,        +5.803446443394e-02,        -4.103133274420e-02,        +4.690686037353e-03,        -5.748463330971e-03,        +6.056915260118e-02,        +6.647957670012e-02,        -8.250516467273e-03,        -1.836672794423e-02,        -8.244577753880e-03,        +1.414213562373e-01,        +1.376837897554e-02,        +9.139597230547e-03,        +1.948417099535e-03,        +5.803446443396e-02,        +1.501679051095e-01,        +3.088734798749e-02,        +1.531466861409e-04,        +2.551470586143e-03,        -4.749097681580e-03,        -4.243968213135e-02,        +2.373987667235e-02,        -1.681664273144e-02,        +5.463401457804e-02,        -1.132847804975e-02,        +1.414213562373e-01,        +1.340705025541e-02,        -1.559207296396e-02,        -4.103133274421e-02,        +4.690686037349e-03,        +1.531466861273e-04,        +2.551470586165e-03,        +1.638389918218e-01,        -1.028232337315e-02,        -4.068516718843e-02,        +8.770322042175e-03,        -5.834112353541e-03,        -4.323399103515e-02,        -7.602587300303e-04,        +5.084221422517e-02,        +1.414213562373e-01,        +1.245607425732e-02,        -1.594679353164e-02,        -5.748463330982e-03,        +6.056915260119e-02,        -4.749097681577e-03,        -4.243968213138e-02,        -4.068516718844e-02,        +8.770322042197e-03,        +1.697227046659e-01,        -9.434673980266e-03,        +4.896222982174e-04,        -5.805553977080e-03,        -3.506633588703e-02,        +8.471012505079e-03,        +1.414213562373e-01,        +1.506189215824e-02,        +8.832459460841e-03,        +6.647957670010e-02,        -8.250516467253e-03,        +2.373987667236e-02,        -1.681664273145e-02,        -5.834112353528e-03,        -4.323399103513e-02,        +4.896222981962e-04,        -5.805553977096e-03,        +1.408285011973e-01,        +3.196647292569e-02,        +8.186176125161e-03,        +4.908490558845e-02,        +1.414213562373e-01,        -2.704970527077e-03,        -2.859453080166e-03,        -1.836672794424e-02,        -8.244577753876e-03,        +5.463401457805e-02,        -1.132847804974e-02,        -7.602587300242e-04,        +5.084221422519e-02,        -3.506633588704e-02,        +8.471012505068e-03,        +8.186176125152e-03,        +4.908490558845e-02,        +1.755782399000e-01,        +1.451882636399e-02
 1.61600000e+02,        +1.414213562373e-01,        +7.255242786627e-02,        +3.097314327048e-02,        -3.245851308908e-03,        -1.912682157359e-03,        +1.576165021355e-02,        +2.313285429688e-03,        +4.901352523472e-03,        -1.916569383740e-02,        +3.849405529201e-03,        -1.895893264121e-02,        +1.664476647871e-02,        +1.383790875650e-03,        -3.318070294358e-03,        -1.334048122563e-03,        +1.414213562373e-01,        -3.245851308909e-03,        -1.912682157362e-03,        +1.533775243643e-01,        +1.433480558710e-02,        +6.308666338536e-03,        +5.835990876790e-02,        -4.180190530868e-02,        +7.358078192132e-03,        -7.559445931069e-04,        +6.158526507511e-02,        +6.576190670435e-02,        -1.330501355993e-02,        -1.489087265458e-02,        -7.638514165752e-03,        +1.414213562373e-01,        +1.576165021355e-02,        +2.313285429700e-03,        +6.308666338542e-03,        +5.835990876788e-02,        +1.522491316250e-01,        +2.624208531017e-02,        +4.607544307212e-03,        +5.724166876049e-04,        -1.026300746535e-02,        -4.182870175464e-02,        +2.401345553189e-02,        -1.973336547061e-02,        +5.363564283745e-02,        -1.602756165232e-02,        +1.414213562373e-01,        +4.901352523475e-03,        -1.916569383741e-02,        -4.180190530870e-02,        +7.358078192129e-03,        +4.607544307217e-03,        +5.724166876160e-04,        +1.590357346958e-01,        -1.314310006436e-02,        -4.080508772187e-02,        +1.462993983773e-02,        -1.144519408235e-02,        -4.246131164318e-02,        +3.920077915000e-03,        +5.138756607373e-02,        +1.414213562373e-01,        +3.849405529194e-03,        -1.895893264121e-02,        -7.559445930888e-04,        +6.158526507511e-02,        -1.026300746535e-02,        -4.182870175465e-02,        -4.080508772185e-02,        +1.462993983773e-02,        +1.652493595597e-01,        -1.304230605895e-02,        +3.515406081232e-03,        -7.926854071082e-03,        -3.527647811937e-02,        +1.086619943390e-02,        +1.414213562373e-01,        +1.664476647870e-02,        +1.383790875645e-03,        +6.576190670433e-02,        -1.330501355991e-02,        +2.401345553189e-02,        -1.973336547061e-02,        -1.144519408235e-02,        -4.246131164317e-02,        +3.515406081222e-03,        -7.926854071082e-03,        +1.430772431321e-01,        +2.867735116421e-02,        +1.186503900399e-02,        +4.882029407163e-02,        +1.414213562373e-01,        -3.318070294356e-03,        -1.334048122559e-03,        -1.489087265457e-02,        -7.638514165754e-03,        +5.363564283745e-02,        -1.602756165231e-02,        +3.920077915000e-03,        +5.138756607373e-02,        -3.527647811937e-02,        +1.086619943390e-02,        +1.186503900398e-02,        +4.882029407163e-02,        +1.752823763749e-01,        +1.202335908550e-02
 1.63200000e+02,        +1.414213562373e-01,        +7.253166007605e-02,        +3.868666892275e-02,        -3.410365885524e-03,        -5.513253790755e-04,        +1.488569144666e-02,        -4.037143270802e-03,        -3.396511240385e-03,        -1.881464983837e-02,        -4.293252065188e-03,        -1.811318232041e-02,        +1.518807784343e-02,        -5.286592108041e-03,        -3.271112344547e-03,        +3.353077795345e-05,        +1.414213562373e-01,        -3.410365885525e-03,        -5.513253790755e-04,        +1.531356824718e-01,        +1.062999321796e-02,        +1.078933052762e-02,        +5.828441565594e-02,        -4.201554680532e-02,        +1.023421959079e-02,        +4.497704725252e-03,        +6.190690085370e-02,        +6.474858574577e-02,        -1.816909200996e-02,        -1.138313888340e-02,        -7.700689613491e-03,        +1.414213562373e-01,        +1.488569144665e-02,        -4.037143270807e-03,        +1.078933052763e-02,        +5.828441565597e-02,        +1.532691143206e-01,        +2.074493950061e-02,        +7.941954836335e-03,        -1.548665377285e-03,        -1.629909436158e-02,        -3.971718844759e-02,        +2.322843376334e-02,        -2.340997704738e-02,        +5.225992094689e-02,        -2.051796847075e-02,        +1.414213562373e-01,        -3.396511240389e-03,        -1.881464983836e-02,        -4.201554680530e-02,        +1.023421959079e-02,        +7.941954836333e-03,        -1.548665377339e-03,        +1.548882630467e-01,        -1.410012156335e-02,        -3.935687164310e-02,        +2.142806741686e-02,        -1.757982030424e-02,        -4.013299515017e-02,        +8.807794402216e-03,        +5.119721035766e-02,        +1.414213562373e-01,        -4.293252065181e-03,        -1.811318232042e-02,        +4.497704725232e-03,        +6.190690085372e-02,        -1.629909436155e-02,        -3.971718844756e-02,        -3.935687164312e-02,        +2.142806741683e-02,        +1.613892770579e-01,        -1.495419852545e-02,        +5.452609547012e-03,        -9.768407269931e-03,        -3.501653745729e-02,        +1.331731804838e-02,        +1.414213562373e-01,        +1.518807784343e-02,        -5.286592108042e-03,        +6.474858574577e-02,        -1.816909200997e-02,        +2.322843376330e-02,        -2.340997704739e-02,        -1.757982030426e-02,        -4.013299515016e-02,        +5.452609547045e-03,        -9.768407269957e-03,        +1.443408219037e-01,        +2.454252525491e-02,        +1.563352439612e-02,        +4.826150541753e-02,        +1.414213562373e-01,        -3.271112344545e-03,        +3.353077795445e-05,        -1.138313888341e-02,        -7.700689613487e-03,        +5.225992094690e-02,        -2.051796847076e-02,        +8.807794402210e-03,        +5.119721035768e-02,        -3.501653745728e-02,        +1.331731804835e-02,        +1.563352439611e-02,        +4.826150541755e-02,        +1.746906363653e-01,        +9.572378809051e-03
 1.64800000e+02,        +1.414213562373e-01,        +7.780289826815e-02,        +4.516633330426e-02,        -3.186389498661e-03,        +6.327480486433e-04,        +1.195511357430e-02,        -9.421230751789e-03,        -1.061792022192e-02,        -1.557017845059e-02,        -1.118635054417e-02,        -1.449331011418e-02,        +1.163949601508e-02,        -1.072350401171e-02,        -2.839310493222e-03,        +1.152865093593e-03,        +1.414213562373e-01,        -3.186389498656e-03,        +6.327480486477e-04,        +1.525500680693e-01,        +7.006201679022e-03,        +1.535057371868e-02,        +5.768964492119e-02,        -4.174391027440e-02,        +1.312815964028e-02,        +9.751292693234e-03,        +6.146355755715e-02,        +6.349395590075e-02,        -2.296428964090e-02,        -7.978240162188e-03,        -8.407226564993e-03,        +1.414213562373e-01,        +1.195511357431e-02,        -9.421230751792e-03,        +1.535057371868e-02,        +5.768964492118e-02,        +1.529584700403e-01,        +1.511402796252e-02,        +1.084034878838e-02,        -3.375640011093e-03,        -2.185458421848e-02,        -3.587909613900e-02,        +2.117214537501e-02,        -2.703695861989e-02,        +5.055662802739e-02,        -2.488244441357e-02,        +1.414213562373e-01,        -1.061792022192e-02,        -1.557017845061e-02,        -4.174391027439e-02,        +1.312815964028e-02,        +1.084034878838e-02,        -3.375640011103e-03,        +1.521324765588e-01,        -1.424851042698e-02,        -3.588977050068e-02,        +2.799122054208e-02,        -2.317146590201e-02,        -3.602818986975e-02,        +1.361502585622e-02,        +5.021564728587e-02,        +1.414213562373e-01,        -1.118635054418e-02,        -1.449331011416e-02,        +9.751292693238e-03,        +6.146355755714e-02,        -2.185458421848e-02,        -3.587909613899e-02,        -3.588977050070e-02,        +2.799122054208e-02,        +1.587038340895e-01,        -1.626292163672e-02,        +7.146543056231e-03,        -1.100760122183e-02,        -3.440540909515e-02,        +1.569256251783e-02,        +1.414213562373e-01,        +1.163949601508e-02,        -1.072350401171e-02,        +6.349395590074e-02,        -2.296428964091e-02,        +2.117214537500e-02,        -2.703695861989e-02,        -2.317146590202e-02,        -3.602818986974e-02,        +7.146543056230e-03,        -1.100760122186e-02,        +1.444458669143e-01,        +2.035722533066e-02,        +1.945604788588e-02,        +4.727415614893e-02,        +1.414213562373e-01,        -2.839310493224e-03,        +1.152865093597e-03,        -7.978240162184e-03,        -8.407226565000e-03,        +5.055662802739e-02,        -2.488244441356e-02,        +1.361502585620e-02,        +5.021564728587e-02,        -3.440540909515e-02,        +1.569256251782e-02,        +1.945604788588e-02,        +4.727415614894e-02,        +1.738138697847e-01,        +7.227710021442e-03
 1.66400000e+02,        +1.414213562373e-01,        +8.597885855250e-02,        +4.737242676352e-02,        -2.649109511809e-03,        +1.670684882971e-03,        +7.095446586135e-03,        -1.352093732882e-02,        -1.625226405715e-02,        -9.649625612679e-03,        -1.635093806811e-02,        -8.351874680684e-03,        +6.187699076154e-03,        -1.462112033335e-02,        -2.110049898720e-03,        +2.045465522100e-03,        +1.414213562373e-01,        -2.649109511817e-03,        +1.670684882974e-03,        +1.516430047069e-01,        +3.497858552124e-03,        +1.987188999623e-02,        +5.649794479770e-02,        -4.107869276171e-02,        +1.594759430667e-02,        +1.477761367175e-02,        +6.032301890135e-02,        +6.195355123361e-02,        -2.778061722861e-02,        -4.789412575661e-03,        -9.714081501817e-03,        +1.414213562373e-01,        +7.095446586139e-03,        -1.352093732883e-02,        +1.987188999624e-02,        +5.649794479770e-02,        +1.515189859186e-01,        +1.000099576947e-02,        +1.395121457729e-02,        -5.076622239959e-03,        -2.605766575050e-02,        -3.074626828519e-02,        +1.814358091339e-02,        -2.993413311454e-02,        +4.848989450453e-02,        -2.917025122239e-02,        +1.414213562373e-01,        -1.625226405716e-02,        -9.649625612680e-03,        -4.107869276173e-02,        +1.594759430666e-02,        +1.395121457731e-02,        -5.076622239959e-03,        +1.506136571281e-01,        -1.470797602995e-02,        -3.081083023634e-02,        +3.322928677572e-02,        -2.731360687150e-02,        -3.062722469873e-02,        +1.809907491793e-02,        +4.853894516409e-02,        +1.414213562373e-01,        -1.635093806810e-02,        -8.351874680684e-03,        +1.477761367178e-02,        +6.032301890135e-02,        -2.605766575051e-02,        -3.074626828520e-02,        -3.081083023633e-02,        +3.322928677573e-02,        +1.569094337925e-01,        -1.796636549247e-02,        +9.293465002105e-03,        -1.196222358327e-02,        -3.354460991931e-02,        +1.796644223880e-02,        +1.414213562373e-01,        +6.187699076148e-03,        -1.462112033334e-02,        +6.195355123359e-02,        -2.778061722860e-02,        +1.814358091339e-02,        -2.993413311456e-02,        -2.731360687148e-02,        -3.062722469874e-02,        +9.293465002087e-03,        -1.196222358326e-02,        +1.437212520720e-01,        +1.673954326206e-02,        +2.321075044021e-02,        +4.578114220594e-02,        +1.414213562373e-01,        -2.110049898723e-03,        +2.045465522094e-03,        -4.789412575657e-03,        -9.714081501794e-03,        +4.848989450453e-02,        -2.917025122239e-02,        +1.809907491792e-02,        +4.853894516412e-02,        -3.354460991932e-02,        +1.796644223878e-02,        +2.321075044023e-02,        +4.578114220596e-02,        +1.726838061890e-01,        +5.036307188260e-03
 1.68000000e+02,        +1.414213562373e-01,        +9.282336351281e-02,        +4.422883907994e-02,        -1.742718726305e-03,        +2.491690059914e-03,        +4.024996459431e-04,        -1.525356056065e-02,        -1.886687169706e-02,        -1.195624348051e-03,        -1.839924175071e-02,        +8.126637084446e-05,        -9.653945181145e-04,        -1.587729639979e-02,        -1.071319219059e-03,        +2.623560911450e-03,        +1.414213562373e-01,        -1.742718726305e-03,        +2.491690059908e-03,        +1.504379272507e-01,        +1.329633648510e-04,        +2.418187785983e-02,        +5.468385160734e-02,        -4.010814718595e-02,        +1.867785584789e-02,        +1.941183611488e-02,        +5.864882306534e-02,        +6.001661954416e-02,        -3.265936488071e-02,        -1.912042139413e-03,        -1.155946942948e-02,        +1.414213562373e-01,        +4.024996459412e-04,        -1.525356056065e-02,        +2.418187785984e-02,        +5.468385160730e-02,        +1.495648236720e-01,        +5.779227511005e-03,        +1.758717673279e-02,        -7.345019864220e-03,        -2.846921603435e-02,        -2.528791041582e-02,        +1.485568109398e-02,        -3.177088664023e-02,        +4.597224528643e-02,        -3.337888146003e-02,        +1.414213562373e-01,        -1.886687169707e-02,        -1.195624348050e-03,        -4.010814718599e-02,        +1.867785584785e-02,        +1.758717673281e-02,        -7.345019864219e-03,        +1.493934885440e-01,        -1.616748889421e-02,        -2.523863906126e-02,        +3.655804090312e-02,        -2.957556870283e-02,        -2.496698105388e-02,        +2.209990616426e-02,        +4.636365082071e-02,        +1.414213562373e-01,        -1.839924175071e-02,        +8.126637083932e-05,        +1.941183611492e-02,        +5.864882306537e-02,        -2.846921603438e-02,        -2.528791041584e-02,        -2.523863906129e-02,        +3.655804090312e-02,        +1.550426784407e-01,        -2.055441300940e-02,        +1.214648087007e-02,        -1.344531223584e-02,        -3.249394306610e-02,        +2.018219181797e-02,        +1.414213562373e-01,        -9.653945181162e-04,        -1.587729639980e-02,        +6.001661954413e-02,        -3.265936488067e-02,        +1.485568109397e-02,        -3.177088664022e-02,        -2.957556870280e-02,        -2.496698105385e-02,        +1.214648087002e-02,        -1.344531223588e-02,        +1.428741502673e-01,        +1.392198494233e-02,        +2.672949393089e-02,        +4.377468367375e-02,        +1.414213562373e-01,        -1.071319219061e-03,        +2.623560911449e-03,        -1.912042139421e-03,        -1.155946942948e-02,        +4.597224528644e-02,        -3.337888146004e-02,        +2.209990616424e-02,        +4.636365082071e-02,        -3.249394306609e-02,        +2.018219181797e-02,        +2.672949393089e-02,        +4.377468367378e-02,        +1.713412752636e-01,        +3.031484903245e-03
 1.69600000e+02,        +1.414213562373e-01,        +9.370873902544e-02,        +3.892422740104e-02,        -5.148083860934e-04,        +2.836754527306e-03,        -6.614611996777e-03,        -1.313397964533e-02,        -1.648271830268e-02,        +7.856211401707e-03,        -1.551759131302e-02,        +8.789941337098e-03,        -8.123336947441e-03,        -1.308519199514e-02,        +1.493857844456e-04,        +2.661459050676e-03,        +1.414213562373e-01,        -5.148083860940e-04,        +2.836754527298e-03,        +1.489641094857e-01,        -3.065168321984e-03,        +2.806568674749e-02,        +5.232550407419e-02,        -3.884315050891e-02,        +2.138828960302e-02,        +2.362286273185e-02,        +5.668279592912e-02,        +5.751980155448e-02,        -3.753454027448e-02,        +5.825069637893e-04,        -1.387136406814e-02,        +1.414213562373e-01,        -6.614611996773e-03,        -1.313397964533e-02,        +2.806568674748e-02,        +5.232550407419e-02,        +1.478568661455e-01,        +2.108813970633e-03,        +2.115538667159e-02,        -1.105921503423e-02,        -2.962338624928e-02,        -2.061854857646e-02,        +1.210991356652e-02,        -3.299360703276e-02,        +4.289088283862e-02,        -3.740244678909e-02,        +1.414213562373e-01,        -1.648271830269e-02,        +7.856211401715e-03,        -3.884315050891e-02,        +2.138828960304e-02,        +2.115538667159e-02,        -1.105921503425e-02,        +1.471991623476e-01,        -1.811206420950e-02,        -2.051351998059e-02,        +3.861184140262e-02,        -3.056318127460e-02,        -2.021192200544e-02,        +2.561239534932e-02,        +4.394637498580e-02,        +1.414213562373e-01,        -1.551759131301e-02,        +8.789941337094e-03,        +2.362286273187e-02,        +5.668279592909e-02,        -2.962338624931e-02,        -2.061854857646e-02,        -2.051351998061e-02,        +3.861184140265e-02,        +1.519816583235e-01,        -2.333349433235e-02,        +1.499269837738e-02,        -1.632772074172e-02,        -3.120600363422e-02,        +2.242409364588e-02,        +1.414213562373e-01,        -8.123336947436e-03,        -1.308519199514e-02,        +5.751980155449e-02,        -3.753454027447e-02,        +1.210991356651e-02,        -3.299360703277e-02,        -3.056318127460e-02,        -2.021192200545e-02,        +1.499269837736e-02,        -1.632772074171e-02,        +1.426231223925e-01,        +1.134451247020e-02,        +2.982904308548e-02,        +4.136462311542e-02,        +1.414213562373e-01,        +1.493857844469e-04,        +2.661459050669e-03,        +5.825069637894e-04,        -1.387136406814e-02,        +4.289088283862e-02,        -3.740244678909e-02,        +2.561239534931e-02,        +4.394637498581e-02,        -3.120600363421e-02,        +2.242409364587e-02,        +2.982904308549e-02,        +4.136462311543e-02,        +1.698345606233e-01,        +1.229818057936e-03
 1.71200000e+02,        +1.414213562373e-01,        +8.907294277133e-02,        +3.832120183836e-02,        +6.691998280817e-04,        +2.524438755452e-03,        -1.100054319803e-02,        -7.585701799399e-03,        -9.545155990343e-03,        +1.364254071490e-02,        -8.382943696199e-03,        +1.402286685836e-02,        -1.224910989058e-02,        -6.940002242180e-03,        +1.157922406435e-03,        +2.095274646398e-03,        +1.414213562373e-01,        +6.691998280804e-04,        +2.524438755446e-03,        +1.472528336433e-01,        -6.090271777771e-03,        +3.138445238678e-02,        +4.966186229869e-02,        -3.712899914837e-02,        +2.409219786414e-02,        +2.758359420939e-02,        +5.458718146895e-02,        +5.437867209509e-02,        -4.217916497210e-02,        +2.639467188388e-03,        -1.658406009246e-02,        +1.414213562373e-01,        -1.100054319804e-02,        -7.585701799400e-03,        +3.138445238681e-02,        +4.966186229867e-02,        +1.463469322938e-01,        -1.990874673629e-03,        +2.322814459298e-02,        -1.604054242503e-02,        -3.087882754371e-02,        -1.676523032688e-02,        +9.799773752656e-03,        -3.466434114045e-02,        +3.923745702037e-02,        -4.100939680442e-02,        +1.414213562373e-01,        -9.545155990355e-03,        +1.364254071492e-02,        -3.712899914836e-02,        +2.409219786409e-02,        +2.322814459299e-02,        -1.604054242504e-02,        +1.440557690218e-01,        -1.886314193927e-02,        -1.660626496936e-02,        +4.109107388785e-02,        -3.173306602053e-02,        -1.634821599003e-02,        +2.882162616290e-02,        +4.143043563004e-02,        +1.414213562373e-01,        -8.382943696189e-03,        +1.402286685835e-02,        +2.758359420939e-02,        +5.458718146900e-02,        -3.087882754372e-02,        -1.676523032688e-02,        -1.660626496939e-02,        +4.109107388786e-02,        +1.479941920760e-01,        -2.466757169593e-02,        +1.640969263337e-02,        -2.028590640282e-02,        -2.949920091845e-02,        +2.466059403446e-02,        +1.414213562373e-01,        -1.224910989058e-02,        -6.940002242179e-03,        +5.437867209506e-02,        -4.217916497208e-02,        +9.799773752623e-03,        -3.466434114045e-02,        -3.173306602054e-02,        -1.634821598999e-02,        +1.640969263336e-02,        -2.028590640287e-02,        +1.426862439435e-01,        +7.909549955795e-03,        +3.244644929291e-02,        +3.878981064117e-02,        +1.414213562373e-01,        +1.157922406430e-03,        +2.095274646403e-03,        +2.639467188385e-03,        -1.658406009246e-02,        +3.923745702036e-02,        -4.100939680444e-02,        +2.882162616287e-02,        +4.143043563004e-02,        -2.949920091843e-02,        +2.466059403445e-02,        +3.244644929292e-02,        +3.878981064120e-02,        +1.682054056715e-01,        -3.760365588484e-04
 1.72800000e+02,        +1.414213562373e-01,        +8.548157019914e-02,        +4.525752121238e-02,        +1.421443771119e-03,        +1.779905709245e-03,        -1.144914557575e-02,        -1.504224809594e-03,        -1.764238944352e-03,        +1.434988678214e-02,        -7.380551844484e-04,        +1.423803115931e-02,        -1.222940066814e-02,        -5.664226786706e-04,        +1.656107773815e-03,        +1.242909168058e-03,        +1.414213562373e-01,        +1.421443771119e-03,        +1.779905709244e-03,        +1.453148831619e-01,        -8.948113231898e-03,        +3.421411918656e-02,        +4.694807087378e-02,        -3.481500723328e-02,        +2.657073934105e-02,        +3.148321263118e-02,        +5.227262026675e-02,        +5.072293213717e-02,        -4.636463626817e-02,        +4.199756878753e-03,        -1.963201398453e-02,        +1.414213562373e-01,        -1.144914557575e-02,        -1.504224809593e-03,        +3.421411918656e-02,        +4.694807087379e-02,        +1.439626444625e-01,        -6.812324882015e-03,        +2.326759269570e-02,        -2.073138126456e-02,        -3.270294228343e-02,        -1.244137729140e-02,        +6.793539624526e-03,        -3.705329993326e-02,        +3.519845345650e-02,        -4.401333996604e-02,        +1.414213562373e-01,        -1.764238944358e-03,        +1.434988678215e-02,        -3.481500723328e-02,        +2.657073934106e-02,        +2.326759269575e-02,        -2.073138126457e-02,        +1.417816609277e-01,        -1.780138860395e-02,        -1.177747154942e-02,        +4.454961361315e-02,        -3.356124782219e-02,        -1.197882382510e-02,        +3.188591370459e-02,        +3.871728241317e-02,        +1.414213562373e-01,        -7.380551844480e-04,        +1.423803115929e-02,        +3.148321263120e-02,        +5.227262026676e-02,        -3.270294228345e-02,        -1.244137729139e-02,        -1.177747154940e-02,        +4.454961361314e-02,        +1.449358285019e-01,        -2.415945242016e-02,        +1.606089902025e-02,        -2.372508563801e-02,        -2.727059062634e-02,        +2.664370242637e-02,        +1.414213562373e-01,        -1.222940066813e-02,        -5.664226786726e-04,        +5.072293213717e-02,        -4.636463626818e-02,        +6.793539624501e-03,        -3.705329993328e-02,        -3.356124782218e-02,        -1.197882382511e-02,        +1.606089902024e-02,        -2.372508563801e-02,        +1.417874027638e-01,        +3.453724031354e-03,        +3.471795574765e-02,        +3.623363103572e-02,        +1.414213562373e-01,        +1.656107773822e-03,        +1.242909168054e-03,        +4.199756878760e-03,        -1.963201398451e-02,        +3.519845345650e-02,        -4.401333996606e-02,        +3.188591370457e-02,        +3.871728241318e-02,        -2.727059062633e-02,        +2.664370242636e-02,        +3.471795574767e-02,        +3.623363103575e-02,        +1.664707964689e-01,        -1.800275922115e-03
 1.74400000e+02,        +1.414213562373e-01,        +8.786356112378e-02,        +5.614421249092e-02,        +1.706135936274e-03,        +9.694450785228e-04,        -9.317158641377e-03,        +2.895637058904e-03,        +3.926140854385e-03,        +1.164381169842e-02,        +4.651934609866e-03,        +1.124904046233e-02,        -9.663350703826e-03,        +3.844409221988e-03,        +1.712521941733e-03,        +4.531161271414e-04,        +1.414213562373e-01,        +1.706135936262e-03,        +9.694450785307e-04,        +1.431421264566e-01,        -1.162934985541e-02,        +3.673241781439e-02,        +4.427722538997e-02,        -3.197611850107e-02,        +2.851732670350e-02,        +3.530757111201e-02,        +4.954814513329e-02,        +4.676676011395e-02,        -5.003513879756e-02,        +5.207032426135e-03,        -2.292871239068e-02,        +1.414213562373e-01,        -9.317158641377e-03,        +2.895637058907e-03,        +3.673241781438e-02,        +4.427722538994e-02,        +1.399605417952e-01,        -1.150791035861e-02,        +2.227186762396e-02,        -2.394364563860e-02,        -3.413661627582e-02,        -6.783759158650e-03,        +2.377950783122e-03,        -3.927460619160e-02,        +3.100308249086e-02,        -4.640494705166e-02,        +1.414213562373e-01,        +3.926140854383e-03,        +1.164381169841e-02,        -3.197611850110e-02,        +2.851732670348e-02,        +2.227186762397e-02,        -2.394364563862e-02,        +1.417547712885e-01,        -1.627439980353e-02,        -4.824877470721e-03,        +4.764319796011e-02,        -3.500591994158e-02,        -6.185747674662e-03,        +3.476006608177e-02,        +3.565371978576e-02,        +1.414213562373e-01,        +4.651934609865e-03,        +1.124904046233e-02,        +3.530757111205e-02,        +4.954814513331e-02,        -3.413661627582e-02,        -6.783759158656e-03,        -4.824877470730e-03,        +4.764319796008e-02,        +1.440069178905e-01,        -2.324353209146e-02,        +1.509494837830e-02,        -2.564011653640e-02,        -2.464720763752e-02,        +2.811084364917e-02,        +1.414213562373e-01,        -9.663350703832e-03,        +3.844409222001e-03,        +4.676676011393e-02,        -5.003513879754e-02,        +2.377950783124e-03,        -3.927460619160e-02,        -3.500591994156e-02,        -6.185747674671e-03,        +1.509494837829e-02,        -2.564011653641e-02,        +1.391956776531e-01,        -9.999494638150e-04,        +3.681027032558e-02,        +3.370098766881e-02,        +1.414213562373e-01,        +1.712521941724e-03,        +4.531161271411e-04,        +5.207032426128e-03,        -2.292871239068e-02,        +3.100308249088e-02,        -4.640494705166e-02,        +3.476006608179e-02,        +3.565371978577e-02,        -2.464720763754e-02,        +2.811084364918e-02,        +3.681027032558e-02,        +3.370098766882e-02,        +1.646360135563e-01,        -3.041685857552e-03
 1.76000000e+02,        +1.414213562373e-01,        +9.654633178843e-02,        +6.658952240930e-02,        +1.679034357789e-03,        +2.742408143508e-04,        -6.303551843068e-03,        +5.302450479810e-03,        +7.039389992690e-03,        +7.715040905139e-03,        +7.450442033650e-03,        +7.229500656589e-03,        -6.345828956117e-03,        +6.111276921488e-03,        +1.521427108088e-03,        -1.519167966004e-04,        +1.414213562373e-01,        +1.679034357789e-03,        +2.742408143543e-04,        +1.407291986652e-01,        -1.410544041688e-02,        +3.906928784020e-02,        +4.162483338014e-02,        -2.884838852793e-02,        +2.973452970218e-02,        +3.890380129966e-02,        +4.630892063317e-02,        +4.265948842414e-02,        -5.324820587127e-02,        +5.626689652882e-03,        -2.637159444874e-02,        +1.414213562373e-01,        -6.303551843067e-03,        +5.302450479805e-03,        +3.906928784022e-02,        +4.162483338012e-02,        +1.345041133854e-01,        -1.506863802108e-02,        +2.153201685403e-02,        -2.566590763492e-02,        -3.404646979720e-02,        -5.500636960903e-05,        -3.221492269422e-03,        -4.034595980448e-02,        +2.680023517821e-02,        -4.826810641792e-02,        +1.414213562373e-01,        +7.039389992685e-03,        +7.715040905132e-03,        -2.884838852790e-02,        +2.973452970216e-02,        +2.153201685403e-02,        -2.566590763494e-02,        +1.438154005370e-01,        -1.601856472276e-02,        +3.938687496377e-03,        +4.874132874363e-02,        -3.485571478954e-02,        +7.417812517830e-04,        +3.729784783850e-02,        +3.219084254637e-02,        +1.414213562373e-01,        +7.450442033652e-03,        +7.229500656589e-03,        +3.890380129966e-02,        +4.630892063318e-02,        -3.404646979720e-02,        -5.500636961720e-05,        +3.938687496363e-03,        +4.874132874360e-02,        +1.448992304348e-01,        -2.354698519168e-02,        +1.477165714394e-02,        -2.624506645795e-02,        -2.186522016848e-02,        +2.893741976248e-02,        +1.414213562373e-01,        -6.345828956114e-03,        +6.111276921499e-03,        +4.265948842411e-02,        -5.324820587127e-02,        -3.221492269441e-03,        -4.034595980447e-02,        -3.485571478954e-02,        +7.417812517788e-04,        +1.477165714393e-02,        -2.624506645798e-02,        +1.351813028718e-01,        -4.394955788895e-03,        +3.880142625529e-02,        +3.111694647904e-02,        +1.414213562373e-01,        +1.521427108087e-03,        -1.519167966046e-04,        +5.626689652887e-03,        -2.637159444874e-02,        +2.680023517821e-02,        -4.826810641794e-02,        +3.729784783849e-02,        +3.219084254636e-02,        -2.186522016847e-02,        +2.893741976248e-02,        +3.880142625529e-02,        +3.111694647906e-02,        +1.627121493249e-01,        -4.089747437761e-03
 1.77600000e+02,        +1.414213562373e-01,        +1.099720898021e-01,        +7.411321345031e-02,        +1.467193528981e-03,        -2.696234356136e-04,        -3.323193137732e-03,        +6.168925389324e-03,        +8.109832889545e-03,        +3.781907264660e-03,        +8.259317966951e-03,        +3.335820968233e-03,        -3.191093361373e-03,        +6.783101469178e-03,        +1.208480261204e-03,        -5.777058965487e-04,        +1.414213562373e-01,        +1.467193528983e-03,        -2.696234356059e-04,        +1.380797849249e-01,        -1.633843638820e-02,        +4.129596882371e-02,        +3.892533697909e-02,        -2.571843361191e-02,        +3.015125780184e-02,        +4.208066453236e-02,        +4.254802492599e-02,        +3.848287877419e-02,        -5.609405487539e-02,        +5.446428882938e-03,        -2.985485388820e-02,        +1.414213562373e-01,        -3.323193137725e-03,        +6.168925389314e-03,        +4.129596882373e-02,        +3.892533697906e-02,        +1.282474793581e-01,        -1.686817877532e-02,        +2.189788445806e-02,        -2.656863389861e-02,        -3.179615795127e-02,        +6.891249193835e-03,        -9.316315022972e-03,        -3.971429534036e-02,        +2.267372042886e-02,        -4.970697938503e-02,        +1.414213562373e-01,        +8.109832889548e-03,        +3.781907264652e-03,        -2.571843361189e-02,        +3.015125780180e-02,        +2.189788445810e-02,        -2.656863389862e-02,        +1.468699267465e-01,        -1.817368437656e-02,        +1.333672031393e-02,        +4.685210462317e-02,        -3.243923935354e-02,        +7.887756378618e-03,        +3.934556621372e-02,        +2.836573852545e-02,        +1.414213562373e-01,        +8.259317966954e-03,        +3.335820968245e-03,        +4.208066453235e-02,        +4.254802492601e-02,        -3.179615795131e-02,        +6.891249193829e-03,        +1.333672031392e-02,        +4.685210462316e-02,        +1.464931611828e-01,        -2.602746372319e-02,        +1.579740269107e-02,        -2.635954607284e-02,        -1.916963881428e-02,        +2.911272172588e-02,        +1.414213562373e-01,        -3.191093361382e-03,        +6.783101469187e-03,        +3.848287877414e-02,        -5.609405487538e-02,        -9.316315022991e-03,        -3.971429534035e-02,        -3.243923935353e-02,        +7.887756378647e-03,        +1.579740269103e-02,        -2.635954607286e-02,        +1.304768966417e-01,        -6.154947240566e-03,        +4.070538003550e-02,        +2.840155673511e-02,        +1.414213562373e-01,        +1.208480261199e-03,        -5.777058965532e-04,        +5.446428882937e-03,        -2.985485388821e-02,        +2.267372042884e-02,        -4.970697938505e-02,        +3.934556621368e-02,        +2.836573852548e-02,        -1.916963881425e-02,        +2.911272172586e-02,        +4.070538003553e-02,        +2.840155673514e-02,        +1.607145282231e-01,        -4.933691810312e-03
 1.79200000e+02,        +1.414213562373e-01,        +1.265114949167e-01,        +7.756888343583e-02,        +1.139998768910e-03,        -6.597599146356e-04,        -7.610324212963e-04,        +5.950822341121e-03,        +7.707326990104e-03,        +3.902600658399e-04,        +7.671898850908e-03,        +6.210949885786e-05,        -5.604286833979e-04,        +6.368091767284e-03,        +8.336366819407e-04,        -8.447308340881e-04,        +1.414213562373e-01,        +1.139998768912e-03,        -6.597599146289e-04,        +1.352057434222e-01,        -1.828213668746e-02,        +4.343117973335e-02,        +3.608781269658e-02,        -2.288958869261e-02,        +2.981475118842e-02,        +4.463421555603e-02,        +3.834988873780e-02,        +3.426095545072e-02,        -5.867999487130e-02,        +4.672069348784e-03,        -3.327129046269e-02,        +1.414213562373e-01,        -7.610324212956e-04,        +5.950822341123e-03,        +4.343117973335e-02,        +3.608781269656e-02,        +1.220202249245e-01,        -1.668978343805e-02,        +2.369894886691e-02,        -2.760766967599e-02,        -2.728242058367e-02,        +1.300241597511e-02,        -1.508162159855e-02,        -3.725324226233e-02,        +1.865569243847e-02,        -5.083779833874e-02,        +1.414213562373e-01,        +7.707326990100e-03,        +3.902600658282e-04,        -2.288958869262e-02,        +2.981475118841e-02,        +2.369894886691e-02,        -2.760766967600e-02,        +1.494087942675e-01,        -2.312830720965e-02,        +2.184390287813e-02,        +4.173717372702e-02,        -2.766095747301e-02,        +1.413029660251e-02,        +4.075427301960e-02,        +2.428495053959e-02,        +1.414213562373e-01,        +7.671898850906e-03,        +6.210949885325e-05,        +4.463421555603e-02,        +3.834988873781e-02,        -2.728242058365e-02,        +1.300241597511e-02,        +2.184390287813e-02,        +4.173717372701e-02,        +1.473676466380e-01,        -3.089687084957e-02,        +1.831286733887e-02,        -2.699329325706e-02,        -1.679559677279e-02,        +2.871982176186e-02,        +1.414213562373e-01,        -5.604286833977e-04,        +6.368091767296e-03,        +3.426095545070e-02,        -5.867999487128e-02,        -1.508162159855e-02,        -3.725324226232e-02,        -2.766095747300e-02,        +1.413029660251e-02,        +1.831286733887e-02,        -2.699329325706e-02,        +1.259355271451e-01,        -6.158519473718e-03,        +4.248962088092e-02,        +2.547630425324e-02,        +1.414213562373e-01,        +8.336366819390e-04,        -8.447308340859e-04,        +4.672069348774e-03,        -3.327129046269e-02,        +1.865569243847e-02,        -5.083779833874e-02,        +4.075427301960e-02,        +2.428495053959e-02,        -1.679559677280e-02,        +2.871982176186e-02,        +4.248962088092e-02,        +2.547630425325e-02,        +1.586595763610e-01,        -5.560396992378e-03
 1.80800000e+02,        +1.414213562373e-01,        +1.447434498347e-01,        +7.636068716475e-02,        +7.479545543768e-04,        -8.883595889354e-04,        +1.192542298733e-03,        +5.001012587102e-03,        +6.297935785637e-03,        -2.164760338446e-03,        +6.161525329878e-03,        -2.337381886421e-03,        +1.380532949487e-03,        +5.250548856203e-03,        +4.379973072143e-04,        -9.602958273648e-04,        +1.414213562373e-01,        +7.479545543778e-04,        -8.883595889326e-04,        +1.321337097346e-01,        -1.987943321389e-02,        +4.542019696490e-02,        +3.301767324841e-02,        -2.063732700301e-02,        +2.891407091495e-02,        +4.638743846986e-02,        +3.391484491466e-02,        +2.994214191820e-02,        -6.110695021507e-02,        +3.331210004101e-03,        -3.651092621274e-02,        +1.414213562373e-01,        +1.192542298732e-03,        +5.001012587097e-03,        +4.542019696491e-02,        +3.301767324841e-02,        +1.166671657472e-01,        -1.473475317707e-02,        +2.668994904207e-02,        -2.979671477025e-02,        -2.095961853506e-02,        +1.724539042345e-02,        -1.971905300414e-02,        -3.325470467434e-02,        +1.471183628514e-02,        -5.177096679028e-02,        +1.414213562373e-01,        +6.297935785644e-03,        -2.164760338447e-03,        -2.063732700301e-02,        +2.891407091496e-02,        +2.668994904205e-02,        -2.979671477023e-02,        +1.498484854325e-01,        -3.040173118796e-02,        +2.792217734751e-02,        +3.400143540332e-02,        -2.102423229411e-02,        +1.838088166574e-02,        +4.140823258190e-02,        +2.014322027887e-02,        +1.414213562373e-01,        +6.161525329881e-03,        -2.337381886426e-03,        +4.638743846988e-02,        +3.391484491466e-02,        -2.095961853505e-02,        +1.724539042344e-02,        +2.792217734753e-02,        +3.400143540334e-02,        +1.461282679124e-01,        -3.755786382791e-02,        +2.188324491219e-02,        -2.911190223532e-02,        -1.493424377211e-02,        +2.794760374425e-02,        +1.414213562373e-01,        +1.380532949493e-03,        +5.250548856209e-03,        +2.994214191819e-02,        -6.110695021507e-02,        -1.971905300415e-02,        -3.325470467434e-02,        -2.102423229413e-02,        +1.838088166576e-02,        +2.188324491218e-02,        -2.911190223533e-02,        +1.223588951374e-01,        -4.718396239523e-03,        +4.406399492391e-02,        +2.228166738696e-02,        +1.414213562373e-01,        +4.379973072082e-04,        -9.602958273692e-04,        +3.331210004103e-03,        -3.651092621274e-02,        +1.471183628515e-02,        -5.177096679026e-02,        +4.140823258191e-02,        +2.014322027887e-02,        -1.493424377214e-02,        +2.794760374425e-02,        +4.406399492392e-02,        +2.228166738697e-02,        +1.565699184412e-01,        -5.950973766613e-03
 1.82400000e+02,        +1.414213562373e-01,        +1.632873906938e-01,        +7.015817256317e-02,        +3.492054018582e-04,        -9.518973693083e-04,        +2.435378913108e-03,        +3.644824770842e-03,        +4.340249055135e-03,        -3.716165808210e-03,        +4.182969611410e-03,        -3.732149220035e-03,        +2.556951258275e-03,        +3.776642619289e-03,        +6.833928146093e-05,        -9.324566393209e-04,        +1.414213562373e-01,        +3.492054018553e-04,        -9.518973693041e-04,        +1.289183623069e-01,        -2.106877324358e-02,        +4.713236627069e-02,        +2.967339452991e-02,        -1.911708766142e-02,        +2.777025841284e-02,        +4.727581594715e-02,        +2.954923262974e-02,        +2.540305761343e-02,        -6.341210239476e-02,        +1.482063351327e-03,        -3.946778885448e-02,        +1.414213562373e-01,        +2.435378913111e-03,        +3.644824770833e-03,        +4.713236627069e-02,        +2.967339452991e-02,        +1.128293384038e-01,        -1.161693856970e-02,        +3.004041494253e-02,        -3.387118295266e-02,        -1.382105296142e-02,        +1.892327578942e-02,        -2.267735076581e-02,        -2.840186123966e-02,        +1.074499840967e-02,        -5.256368046816e-02,        +1.414213562373e-01,        +4.340249055133e-03,        -3.716165808222e-03,        -1.911708766143e-02,        +2.777025841283e-02,        +3.004041494253e-02,        -3.387118295265e-02,        +1.470574686742e-01,        -3.862535402761e-02,        +3.052629998742e-02,        +2.507932950406e-02,        -1.360039211807e-02,        +1.992641152883e-02,        +4.129446597721e-02,        +1.621157831006e-02,        +1.414213562373e-01,        +4.182969611414e-03,        -3.732149220035e-03,        +4.727581594717e-02,        +2.954923262973e-02,        -1.382105296143e-02,        +1.892327578940e-02,        +3.052629998741e-02,        +2.507932950408e-02,        +1.418906249630e-01,        -4.464575032619e-02,        +2.554488095466e-02,        -3.330776863913e-02,        -1.366277370353e-02,        +2.707051654210e-02,        +1.414213562373e-01,        +2.556951258273e-03,        +3.776642619295e-03,        +2.540305761343e-02,        -6.341210239474e-02,        -2.267735076581e-02,        -2.840186123966e-02,        -1.360039211807e-02,        +1.992641152881e-02,        +2.554488095465e-02,        -3.330776863912e-02,        +1.202695022037e-01,        -2.534370188389e-03,        +4.529017296462e-02,        +1.882246477728e-02,        +1.414213562373e-01,        +6.833928145585e-05,        -9.324566393215e-04,        +1.482063351337e-03,        -3.946778885447e-02,        +1.074499840967e-02,        -5.256368046816e-02,        +4.129446597720e-02,        +1.621157831007e-02,        -1.366277370353e-02,        +2.707051654211e-02,        +4.529017296464e-02,        +1.882246477729e-02,        +1.544833536515e-01,        -6.085640345243e-03
 1.84000000e+02,        +1.414213562373e-01,        +1.806731924050e-01,        +5.893102530556e-02,        +6.227680311909e-06,        -8.716920316440e-04,        +2.976686397394e-03,        +2.204909455351e-03,        +2.304414326471e-03,        -4.271768528185e-03,        +2.189667663344e-03,        -4.160123918169e-03,        +3.009068586942e-03,        +2.277540834266e-03,        -2.271936466593e-04,        -7.887383841381e-04,        +1.414213562373e-01,        +6.227680310629e-06,        -8.716920316382e-04,        +1.256486313695e-01,        -2.180477296880e-02,        +4.841560416362e-02,        +2.611884796327e-02,        -1.828572728100e-02,        +2.673934874424e-02,        +4.741650651491e-02,        +2.557208443431e-02,        +2.050983206544e-02,        -6.552157430059e-02,        -7.847739188628e-04,        -4.205758402269e-02,        +1.414213562373e-01,        +2.976686397398e-03,        +2.204909455344e-03,        +4.841560416362e-02,        +2.611884796326e-02,        +1.107093880094e-01,        -8.180637893649e-03,        +3.260639049830e-02,        -3.993107835871e-02,        -7.112053772122e-03,        +1.799559696942e-02,        -2.387201306775e-02,        -2.356098272458e-02,        +6.646154515388e-03,        -5.318167441946e-02,        +1.414213562373e-01,        +2.304414326466e-03,        -4.271768528189e-03,        -1.828572728101e-02,        +2.673934874422e-02,        +3.260639049830e-02,        -3.993107835873e-02,        +1.409026700366e-01,        -4.597186415697e-02,        +2.960410927534e-02,        +1.679086729549e-02,        -6.708928621490e-03,        +1.876322710487e-02,        +4.055459337949e-02,        +1.275450160579e-02,        +1.414213562373e-01,        +2.189667663343e-03,        -4.160123918163e-03,        +4.741650651492e-02,        +2.557208443431e-02,        -7.112053772135e-03,        +1.799559696944e-02,        +2.960410927534e-02,        +1.679086729551e-02,        +1.347350995127e-01,        -5.048157297492e-02,        +2.812884070791e-02,        -3.949461126505e-02,        -1.289718072055e-02,        +2.636113756554e-02,        +1.414213562373e-01,        +3.009068586941e-03,        +2.277540834272e-03,        +2.050983206544e-02,        -6.552157430057e-02,        -2.387201306776e-02,        -2.356098272458e-02,        -6.708928621505e-03,        +1.876322710487e-02,        +2.812884070791e-02,        -3.949461126504e-02,        +1.197019207743e-01,        -4.595252253582e-04,        +4.603768644127e-02,        +1.519913585062e-02,        +1.414213562373e-01,        -2.271936466584e-04,        -7.887383841405e-04,        -7.847739188670e-04,        -4.205758402270e-02,        +6.646154515399e-03,        -5.318167441946e-02,        +4.055459337949e-02,        +1.275450160578e-02,        -1.289718072056e-02,        +2.636113756556e-02,        +4.603768644126e-02,        +1.519913585062e-02,        +1.524548342779e-01,        -5.957640008963e-03
 1.85600000e+02,        +1.414213562373e-01,        +1.953779222193e-01,        +4.309787975772e-02,        -2.363456624407e-04,        -6.975928013809e-04,        +2.953023541958e-03,        +9.450733102531e-04,        +5.748173737461e-04,        -4.037650014344e-03,        +5.398031070307e-04,        -3.844361514235e-03,        +2.902086596144e-03,        +1.010609327016e-03,        -4.180507597572e-04,        -5.777835323004e-04,        +1.414213562373e-01,        -2.363456624365e-04,        -6.975928013803e-04,        +1.224342014579e-01,        -2.208056491794e-02,        +4.918113361618e-02,        +2.251266415762e-02,        -1.792418279050e-02,        +2.607290069267e-02,        +4.707897424927e-02,        +2.218593360851e-02,        +1.520387702518e-02,        -6.727049556288e-02,        -3.360795265139e-03,        -4.423459480846e-02,        +1.414213562373e-01,        +2.953023541970e-03,        +9.450733102537e-04,        +4.918113361617e-02,        +2.251266415762e-02,        +1.100323418546e-01,        -5.166660182658e-03,        +3.343374058351e-02,        -4.738843787809e-02,        -1.840691347981e-03,        +1.509335037833e-02,        -2.369059137062e-02,        -1.943751379967e-02,        +2.363946744915e-03,        -5.351636566832e-02,        +1.414213562373e-01,        +5.748173737480e-04,        -4.037650014345e-03,        -1.792418279050e-02,        +2.607290069265e-02,        +3.343374058347e-02,        -4.738843787811e-02,        +1.323155800257e-01,        -5.093472361314e-02,        +2.611606328222e-02,        +1.058843648541e-02,        -1.392552371101e-03,        +1.559538197117e-02,        +3.945026307197e-02,        +9.922320968307e-03,        +1.414213562373e-01,        +5.398031070225e-04,        -3.844361514231e-03,        +4.707897424927e-02,        +2.218593360851e-02,        -1.840691347963e-03,        +1.509335037832e-02,        +2.611606328217e-02,        +1.058843648542e-02,        +1.256835667277e-01,        -5.379466234422e-02,        +2.876319294376e-02,        -4.693561942892e-02,        -1.243085440808e-02,        +2.598420745671e-02,        +1.414213562373e-01,        +2.902086596145e-03,        +1.010609327017e-03,        +1.520387702518e-02,        -6.727049556288e-02,        -2.369059137062e-02,        -1.943751379966e-02,        -1.392552371096e-03,        +1.559538197118e-02,        +2.876319294375e-02,        -4.693561942894e-02,        +1.202276123423e-01,        +8.526032454974e-04,        +4.625265034249e-02,        +1.158069614187e-02,        +1.414213562373e-01,        -4.180507597549e-04,        -5.777835323037e-04,        -3.360795265145e-03,        -4.423459480844e-02,        +2.363946744917e-03,        -5.351636566831e-02,        +3.945026307197e-02,        +9.922320968300e-03,        -1.243085440808e-02,        +2.598420745671e-02,        +4.625265034247e-02,        +1.158069614189e-02,        +1.505449511024e-01,        -5.585382104682e-03
 1.87200000e+02,        +1.414213562373e-01,        +2.060285577069e-01,        +2.362478867601e-02,        -3.674858275140e-04,        -4.897406298095e-04,        +2.575600809906e-03,        +7.933583702899e-06,        -6.490808951258e-04,        -3.333192124733e-03,        -5.936527352353e-04,        -3.105644419251e-03,        +2.465500278958e-03,        +1.011739948321e-04,        -5.026949947874e-04,        -3.529126445711e-04,        +1.414213562373e-01,        -3.674858275123e-04,        -4.897406298081e-04,        +1.193789087792e-01,        -2.193310410214e-02,        +4.944761929122e-02,        +1.903585832777e-02,        -1.775579582075e-02,        +2.584550643631e-02,        +4.656810162937e-02,        +1.941650508689e-02,        +9.539702442968e-03,        -6.848213761641e-02,        -6.142822961354e-03,        -4.599306264679e-02,        +1.414213562373e-01,        +2.575600809907e-03,        +7.933583701785e-06,        +4.944761929120e-02,        +1.903585832775e-02,        +1.102631653340e-01,        -2.966552849718e-03,        +3.212025369445e-02,        -5.530605703525e-02,        +1.551869640163e-03,        +1.116710077893e-02,        -2.274431935799e-02,        -1.634811738078e-02,        -2.065838450862e-03,        -5.344874022802e-02,        +1.414213562373e-01,        -6.490808951284e-04,        -3.333192124734e-03,        -1.775579582078e-02,        +2.584550643628e-02,        +3.212025369444e-02,        -5.530605703526e-02,        +1.227577841143e-01,        -5.287821260675e-02,        +2.149097702897e-02,        +7.057566533186e-03,        +1.922288439039e-03,        +1.144570473655e-02,        +3.825823839738e-02,        +7.708533498859e-03,        +1.414213562373e-01,        -5.936527352356e-04,        -3.105644419249e-03,        +4.656810162940e-02,        +1.941650508690e-02,        +1.551869640177e-03,        +1.116710077894e-02,        +2.149097702896e-02,        +7.057566533203e-03,        +1.161497342077e-01,        -5.416984620117e-02,        +2.717620167355e-02,        -5.463295813081e-02,        -1.203817003149e-02,        +2.595761099199e-02,        +1.414213562373e-01,        +2.465500278966e-03,        +1.011739948299e-04,        +9.539702442949e-03,        -6.848213761638e-02,        -2.274431935798e-02,        -1.634811738076e-02,        +1.922288439061e-03,        +1.144570473656e-02,        +2.717620167350e-02,        -5.463295813081e-02,        +1.212289413830e-01,        +1.157692876657e-03,        +4.598013713935e-02,        +8.134270061186e-03,        +1.414213562373e-01,        -5.026949947867e-04,        -3.529126445726e-04,        -6.142822961358e-03,        -4.599306264678e-02,        -2.065838450854e-03,        -5.344874022802e-02,        +3.825823839738e-02,        +7.708533498867e-03,        -1.203817003149e-02,        +2.595761099198e-02,        +4.598013713936e-02,        +8.134270061191e-03,        +1.488026143692e-01,        -5.011319411988e-03
 1.88800000e+02,        +1.414213562373e-01,        +2.116772004524e-01,        +1.961195439531e-03,        -4.054349682337e-04,        -2.962008843379e-04,        +2.047597277380e-03,        -5.879260084684e-04,        -1.356112726313e-03,        -2.461791824373e-03,        -1.218502809015e-03,        -2.237929361810e-03,        +1.907932618103e-03,        -4.517349370620e-04,        -5.028787162685e-04,        -1.540728911636e-04,        +1.414213562373e-01,        -4.054349682330e-04,        -2.962008843349e-04,        +1.165605586757e-01,        -2.142931270979e-02,        +4.931708673312e-02,        +1.582094957920e-02,        -1.756100302400e-02,        +2.598978468517e-02,        +4.611708118791e-02,        +1.715469328888e-02,        +3.652824884520e-03,        -6.903850428591e-02,        -9.048714293092e-03,        -4.735348561871e-02,        +1.414213562373e-01,        +2.047597277377e-03,        -5.879260084686e-04,        +4.931708673311e-02,        +1.582094957918e-02,        +1.108885428604e-01,        -1.620654761701e-03,        +2.880274847781e-02,        -6.282646365696e-02,        +3.154460106154e-03,        +7.070540074447e-03,        -2.157881469525e-02,        -1.424898537367e-02,        -6.546796498128e-03,        -5.290477387873e-02,        +1.414213562373e-01,        -1.356112726315e-03,        -2.461791824371e-03,        -1.756100302401e-02,        +2.598978468517e-02,        +2.880274847780e-02,        -6.282646365698e-02,        +1.135577673699e-01,        -5.200659891938e-02,        +1.699059880164e-02,        +5.982613735818e-03,        +3.369772758949e-03,        +7.212049880071e-03,        +3.718109792242e-02,        +5.994376711924e-03,        +1.414213562373e-01,        -1.218502809015e-03,        -2.237929361813e-03,        +4.611708118792e-02,        +1.715469328888e-02,        +3.154460106161e-03,        +7.070540074444e-03,        +1.699059880166e-02,        +5.982613735811e-03,        +1.073340844081e-01,        -5.194755608908e-02,        +2.361773178630e-02,        -6.174791804536e-02,        -1.155890635363e-02,        +2.619706769605e-02,        +1.414213562373e-01,        +1.907932618105e-03,        -4.517349370593e-04,        +3.652824884523e-03,        -6.903850428589e-02,        -2.157881469525e-02,        -1.424898537365e-02,        +3.369772758938e-03,        +7.212049880073e-03,        +2.361773178629e-02,        -6.174791804534e-02,        +1.221903725481e-01,        +5.639954234254e-04,        +4.532958758505e-02,        +4.969526592539e-03,        +1.414213562373e-01,        -5.028787162710e-04,        -1.540728911580e-04,        -9.048714293099e-03,        -4.735348561870e-02,        -6.546796498120e-03,        -5.290477387873e-02,        +3.718109792244e-02,        +5.994376711912e-03,        -1.155890635364e-02,        +2.619706769607e-02,        +4.532958758504e-02,        +4.969526592526e-03,        +1.472552479218e-01,        -4.289585459373e-03
 1.90400000e+02,        +1.414213562373e-01,        +2.120079569928e-01,        -2.019958284340e-02,        -3.815242784662e-04,        -1.428570695512e-04,        +1.512178091197e-03,        -9.010570425969e-04,        -1.649456655281e-03,        -1.631321032782e-03,        -1.447391853416e-03,        -1.435993864578e-03,        +1.368661378563e-03,        -7.217990738225e-04,        -4.492577577854e-04,        -1.005559513410e-06,        +1.414213562373e-01,        -3.815242784714e-04,        -1.428570695503e-04,        +1.140264904877e-01,        -2.064710047772e-02,        +4.892038562560e-02,        +1.292762628400e-02,        -1.721939925383e-02,        +2.637901465970e-02,        +4.585276706235e-02,        +1.523963296515e-02,        -2.298919497649e-03,        -6.889992922296e-02,        -1.201944138637e-02,        -4.834644656505e-02,        +1.414213562373e-01,        +1.512178091195e-03,        -9.010570425926e-04,        +4.892038562559e-02,        +1.292762628398e-02,        +1.115686320834e-01,        -9.731934263264e-04,        +2.390873326615e-02,        -6.939530567678e-02,        +3.333563184517e-03,        +3.355774416759e-03,        -2.053430691984e-02,        -1.291196263357e-02,        -1.096840639786e-02,        -5.186940178709e-02,        +1.414213562373e-01,        -1.649456655274e-03,        -1.631321032773e-03,        -1.721939925385e-02,        +2.637901465969e-02,        +2.390873326614e-02,        -6.939530567679e-02,        +1.055708152981e-01,        -4.897620717965e-02,        +1.340423331641e-02,        +6.737245645066e-03,        +3.366870988246e-03,        +3.458670568299e-03,        +3.632341304550e-02,        +4.623707405789e-03,        +1.414213562373e-01,        -1.447391853428e-03,        -1.435993864585e-03,        +4.585276706236e-02,        +1.523963296515e-02,        +3.333563184513e-03,        +3.355774416771e-03,        +1.340423331641e-02,        +6.737245645069e-03,        +9.995409910309e-02,        -4.783108534080e-02,        +1.858102871928e-02,        -6.778317099898e-02,        -1.091847992586e-02,        +2.658704290300e-02,        +1.414213562373e-01,        +1.368661378566e-03,        -7.217990738285e-04,        -2.298919497653e-03,        -6.889992922293e-02,        -2.053430691983e-02,        -1.291196263355e-02,        +3.366870988260e-03,        +3.458670568305e-03,        +1.858102871926e-02,        -6.778317099897e-02,        +1.228222309851e-01,        -6.606988164131e-04,        +4.442374870298e-02,        +2.128281050643e-03,        +1.414213562373e-01,        -4.492577577854e-04,        -1.005559510753e-06,        -1.201944138638e-02,        -4.834644656505e-02,        -1.096840639786e-02,        -5.186940178708e-02,        +3.632341304551e-02,        +4.623707405797e-03,        -1.091847992587e-02,        +2.658704290299e-02,        +4.442374870298e-02,        +2.128281050628e-03,        +1.459100891734e-01,        -3.473321426877e-03
 1.92000000e+02,        +1.414213562373e-01,        +2.073707038307e-01,        -4.124515371537e-02,        -3.258760047903e-04,        -3.608809291002e-05,        +1.045413764632e-03,        -1.014957827482e-03,        -1.665473995077e-03,        -9.450065290484e-04,        -1.418885137948e-03,        -7.912943930458e-04,        +9.158561167680e-04,        -8.010899990198e-04,        -3.697113574959e-04,        +1.032397174212e-04,        +1.414213562373e-01,        -3.258760047943e-04,        -3.608809290769e-05,        +1.117993968877e-01,        -1.966267354812e-02,        +4.837562722108e-02,        +1.035706308943e-02,        -1.669215257062e-02,        +2.689032600845e-02,        +4.581714813726e-02,        +1.351931868822e-02,        -8.176804506312e-03,        -6.808615445695e-02,        -1.501336149438e-02,        -4.900275994639e-02,        +1.414213562373e-01,        +1.045413764624e-03,        -1.014957827477e-03,        +4.837562722106e-02,        +1.035706308943e-02,        +1.121417856419e-01,        -8.257708214735e-04,        +1.791726303233e-02,        -7.475841760230e-02,        +2.502001469855e-03,        +2.864708436221e-04,        -1.975687078342e-02,        -1.208395567602e-02,        -1.523766502734e-02,        -5.037031814145e-02,        +1.414213562373e-01,        -1.665473995070e-03,        -9.450065290439e-04,        -1.669215257064e-02,        +2.689032600844e-02,        +1.791726303230e-02,        -7.475841760229e-02,        +9.918680584680e-02,        -4.452776182849e-02,        +1.107608708826e-02,        +8.636090580112e-03,        +2.366785653519e-03,        +4.397957328431e-04,        +3.571496834553e-02,        +3.454469819729e-03,        +1.414213562373e-01,        -1.418885137949e-03,        -7.912943930474e-04,        +4.581714813727e-02,        +1.351931868821e-02,        +2.502001469877e-03,        +2.864708436006e-04,        +1.107608708825e-02,        +8.636090580117e-03,        +9.429175334740e-02,        -4.255024164844e-02,        +1.256792679594e-02,        -7.254420408315e-02,        -1.010445213027e-02,        +2.702725167305e-02,        +1.414213562373e-01,        +9.158561167653e-04,        -8.010899990196e-04,        -8.176804506304e-03,        -6.808615445693e-02,        -1.975687078339e-02,        -1.208395567599e-02,        +2.366785653533e-03,        +4.397957328647e-04,        +1.256792679589e-02,        -7.254420408314e-02,        +1.230318057603e-01,        -2.249728443765e-03,        +4.336596861667e-02,        -3.958575623271e-04,        +1.414213562373e-01,        -3.697113574941e-04,        +1.032397174183e-04,        -1.501336149438e-02,        -4.900275994639e-02,        -1.523766502733e-02,        -5.037031814144e-02,        +3.571496834555e-02,        +3.454469819723e-03,        -1.010445213029e-02,        +2.702725167306e-02,        +4.336596861667e-02,        -3.958575623527e-04,        +1.447608392750e-01,        -2.608157108893e-03
 1.93600000e+02,        +1.414213562373e-01,        +1.986328293467e-01,        -5.992200543613e-02,        -2.605570736339e-04,        +2.939809716920e-05,        +6.737603966056e-04,        -1.005774969457e-03,        -1.524306847357e-03,        -4.302595485646e-04,        -1.251282247961e-03,        -3.226776397744e-04,        +5.679899199880e-04,        -7.688153279421e-04,        -2.842213069982e-04,        +1.651891517802e-04,        +1.414213562373e-01,        -2.605570736313e-04,        +2.939809716887e-05,        +1.098850314225e-01,        -1.854554205632e-02,        +4.777164860348e-02,        +8.077696515279e-03,        -1.598677183091e-02,        +2.743023937736e-02,        +4.600354215203e-02,        +1.187376446339e-02,        -1.387568482873e-02,        -6.664807033505e-02,        -1.799973338100e-02,        -4.935016496061e-02,        +1.414213562373e-01,        +6.737603966008e-04,        -1.005774969456e-03,        +4.777164860347e-02,        +8.077696515284e-03,        +1.125632238408e-01,        -1.019702109270e-03,        +1.123336618431e-02,        -7.885991764630e-02,        +1.002033818306e-03,        -2.059370918155e-03,        -1.927047029101e-02,        -1.156634383370e-02,        -1.928899194859e-02,        -4.845528204206e-02,        +1.414213562373e-01,        -1.524306847365e-03,        -4.302595485623e-04,        -1.598677183092e-02,        +2.743023937736e-02,        +1.123336618429e-02,        -7.885991764632e-02,        +9.448670850343e-02,        -3.929598946286e-02,        +1.006537537752e-02,        +1.110802331384e-02,        +7.384488092648e-04,        -1.785682041793e-03,        +3.534422445170e-02,        +2.376593130510e-03,        +1.414213562373e-01,        -1.251282247960e-03,        -3.226776397776e-04,        +4.600354215203e-02,        +1.187376446337e-02,        +1.002033818333e-03,        -2.059370918153e-03,        +1.006537537753e-02,        +1.110802331385e-02,        +9.035836665352e-02,        -3.670407748041e-02,        +5.980448433128e-03,        -7.602070443931e-02,        -9.135035012019e-03,        +2.744693074692e-02,        +1.414213562373e-01,        +5.679899199916e-04,        -7.688153279449e-04,        -1.387568482872e-02,        -6.664807033504e-02,        -1.927047029101e-02,        -1.156634383370e-02,        +7.384488092659e-04,        -1.785682041791e-03,        +5.980448433119e-03,        -7.602070443929e-02,        +1.228405759371e-01,        -4.010037334734e-03,        +4.223066457736e-02,        -2.632897900194e-03,        +1.414213562373e-01,        -2.842213070000e-04,        +1.651891517801e-04,        -1.799973338100e-02,        -4.935016496060e-02,        -1.928899194858e-02,        -4.845528204205e-02,        +3.534422445170e-02,        +2.376593130515e-03,        -9.135035012035e-03,        +2.744693074692e-02,        +4.223066457737e-02,        -2.632897900203e-03,        +1.437938751923e-01,        -1.731144908422e-03
 1.95200000e+02,        +1.414213562373e-01,        +1.869284404476e-01,        -7.547407262904e-02,        -1.987209210824e-04,        +6.345719990197e-05,        +3.954038553019e-04,        -9.302793247897e-04,        -1.312479182616e-03,        -7.294458636626e-05,        -1.027664353461e-03,        -1.061905484412e-05,        +3.170438390107e-04,        -6.813658813381e-04,        -2.046165937149e-04,        +1.948779312682e-04,        +1.414213562373e-01,        -1.987209210796e-04,        +6.345719990511e-05,        +1.082778094904e-01,        -1.735791744273e-02,        +4.716832407777e-02,        +6.045963706256e-03,        -1.512935361643e-02,        +2.793526343999e-02,        +4.638407594047e-02,        +1.021439809894e-02,        -1.932154555421e-02,        -6.464630605169e-02,        -2.095440145054e-02,        -4.941340127011e-02,        +1.414213562373e-01,        +3.954038553014e-04,        -9.302793247907e-04,        +4.716832407776e-02,        +6.045963706255e-03,        +1.128420817351e-01,        -1.458136972401e-03,        +4.156979621356e-03,        -8.174071266984e-02,        -9.207763445926e-04,        -3.691501452838e-03,        -1.904465155480e-02,        -1.123209206641e-02,        -2.308098683087e-02,        -4.617553254986e-02,        +1.414213562373e-01,        -1.312479182613e-03,        -7.294458636250e-05,        -1.512935361643e-02,        +2.793526344000e-02,        +4.156979621355e-03,        -8.174071266985e-02,        +9.139516613699e-02,        -3.376419173466e-02,        +1.029453895952e-02,        +1.373060354208e-02,        -1.257133380991e-03,        -3.248612284197e-03,        +3.518266055258e-02,        +1.309732010696e-03,        +1.414213562373e-01,        -1.027664353467e-03,        -1.061905483754e-05,        +4.638407594048e-02,        +1.021439809893e-02,        -9.207763445706e-04,        -3.691501452844e-03,        +1.029453895953e-02,        +1.373060354206e-02,        +8.804008675501e-02,        -3.073659934913e-02,        -8.949497695303e-04,        -7.828242423984e-02,        -8.037333809245e-03,        +2.780069479235e-02,        +1.414213562373e-01,        +3.170438390138e-04,        -6.813658813454e-04,        -1.932154555422e-02,        -6.464630605168e-02,        -1.904465155480e-02,        -1.123209206642e-02,        -1.257133380993e-03,        -3.248612284213e-03,        -8.949497695335e-04,        -7.828242423983e-02,        +1.223125942766e-01,        -5.831220984912e-03,        +4.106696493054e-02,        -4.619149035951e-03,        +1.414213562373e-01,        -2.046165937131e-04,        +1.948779312704e-04,        -2.095440145054e-02,        -4.941340127010e-02,        -2.308098683086e-02,        -4.617553254986e-02,        +3.518266055259e-02,        +1.309732010689e-03,        -8.037333809258e-03,        +2.780069479237e-02,        +4.106696493054e-02,        -4.619149035943e-03,        +1.429920366674e-01,        -8.721475878609e-04
 1.96800000e+02,        +1.414213562373e-01,        +1.734112712387e-01,        -8.763079850839e-02,        -1.465691693006e-04,        +7.610254188993e-05,        +1.962398886930e-04,        -8.256582106514e-04,        -1.083999496765e-03,        +1.573555823315e-04,        -7.983989038787e-04,        +1.782498414709e-04,        +1.448693063655e-04,        -5.739408271656e-04,        -1.364740352282e-04,        +2.021854159515e-04,        +1.414213562373e-01,        -1.465691693005e-04,        +7.610254188960e-05,        +1.069639252835e-01,        -1.615555475753e-02,        +4.660360800351e-02,        +4.218449623992e-03,        -1.414957967412e-02,        +2.836299574592e-02,        +4.692424569091e-02,        +8.474880115435e-03,        -2.446289543076e-02,        -6.213936877046e-02,        -2.385763396667e-02,        -4.921521684998e-02,        +1.414213562373e-01,        +1.962398886861e-04,        -8.256582106602e-04,        +4.660360800350e-02,        +4.218449623994e-03,        +1.129987010421e-01,        -2.098516257041e-03,        -3.101651054386e-03,        -8.347068645016e-02,        -3.100735460512e-03,        -4.643760720397e-03,        -1.903839922749e-02,        -1.101419967132e-02,        -2.658874248745e-02,        -4.357705023291e-02,        +1.414213562373e-01,        -1.083999496772e-03,        +1.573555823327e-04,        -1.414957967414e-02,        +2.836299574592e-02,        -3.101651054380e-03,        -8.347068645016e-02,        +8.977899384372e-02,        -2.828862925992e-02,        +1.164164732236e-02,        +1.620055231885e-02,        -3.446166724045e-03,        -4.002590636270e-03,        +3.519734577723e-02,        +1.942684690360e-04,        +1.414213562373e-01,        -7.983989038743e-04,        +1.782498414751e-04,        +4.692424569093e-02,        +8.474880115418e-03,        -3.100735460510e-03,        -4.643760720405e-03,        +1.164164732236e-02,        +1.620055231884e-02,        +8.718598085095e-02,        -2.497107508323e-02,        -7.862559386388e-03,        -7.941486489242e-02,        -6.837081880732e-03,        +2.805886932981e-02,        +1.414213562373e-01,        +1.448693063731e-04,        -5.739408271651e-04,        -2.446289543076e-02,        -6.213936877044e-02,        -1.903839922748e-02,        -1.101419967133e-02,        -3.446166724050e-03,        -4.002590636274e-03,        -7.862559386412e-03,        -7.941486489241e-02,        +1.215105924762e-01,        -7.667688400967e-03,        +3.990643223707e-02,        -6.388206949967e-03,        +1.414213562373e-01,        -1.364740352293e-04,        +2.021854159539e-04,        -2.385763396667e-02,        -4.921521684997e-02,        -2.658874248744e-02,        -4.357705023292e-02,        +3.519734577724e-02,        +1.942684690252e-04,        -6.837081880742e-03,        +2.805886932983e-02,        +3.990643223707e-02,        -6.388206949966e-03,        +1.423363407010e-01,        -5.562758541969e-05
 1.98400000e+02,        +1.414213562373e-01,        +1.590830286180e-01,        -9.649649954614e-02,        -1.058868511995e-04,        +7.553161149684e-05,        +5.924588346074e-05,        -7.138711516860e-04,        -8.683766880162e-04,        +2.929272203450e-04,        -5.897964446690e-04,        +2.775331079180e-04,        +3.221819374760e-05,        -4.661061111546e-04,        -8.138143359151e-05,        +1.952156055649e-04,        +1.414213562373e-01,        -1.058868511937e-04,        +7.553161149455e-05,        +1.059227731439e-01,        -1.498861870786e-02,        +4.610165376317e-02,        +2.557370864872e-03,        -1.307546298183e-02,        +2.868232898611e-02,        +4.758790956439e-02,        +6.601485167308e-03,        -2.926165967903e-02,        -5.917882220403e-02,        -2.669332208946e-02,        -4.877724699519e-02,        +1.414213562373e-01,        +5.924588345868e-05,        -7.138711516837e-04,        +4.610165376316e-02,        +2.557370864876e-03,        +1.130407077405e-01,        -2.936055192911e-03,        -1.039236723061e-02,        -8.411229990461e-02,        -5.422941603805e-03,        -4.940832573612e-03,        -1.922368459428e-02,        -1.088668036118e-02,        -2.979610781884e-02,        -4.069740347780e-02,        +1.414213562373e-01,        -8.683766880155e-04,        +2.929272203493e-04,        -1.307546298184e-02,        +2.868232898611e-02,        -1.039236723063e-02,        -8.411229990462e-02,        +8.949560510438e-02,        -2.314251960803e-02,        +1.398361267560e-02,        +1.828812605453e-02,        -5.709799867534e-03,        -4.090135430700e-03,        +3.535515364416e-02,        -1.017610037372e-03,        +1.414213562373e-01,        -5.897964446640e-04,        +2.775331079157e-04,        +4.758790956441e-02,        +6.601485167291e-03,        -5.422941603790e-03,        -4.940832573610e-03,        +1.398361267559e-02,        +1.828812605455e-02,        +8.764770209004e-02,        -1.965736273729e-02,        -1.478322546949e-02,        -7.948769543805e-02,        -5.556220215258e-03,        +2.819853579416e-02,        +1.414213562373e-01,        +3.221819375096e-05,        -4.661061111545e-04,        -2.926165967902e-02,        -5.917882220401e-02,        -1.922368459428e-02,        -1.088668036116e-02,        -5.709799867539e-03,        -4.090135430684e-03,        -1.478322546951e-02,        -7.948769543803e-02,        +1.204739851218e-01,        -9.515401442801e-03,        +3.877056491447e-02,        -7.967573943755e-03,        +1.414213562373e-01,        -8.138143358530e-05,        +1.952156055664e-04,        -2.669332208946e-02,        -4.877724699519e-02,        -2.979610781884e-02,        -4.069740347782e-02,        +3.535515364415e-02,        -1.017610037378e-03,        -5.556220215266e-03,        +2.819853579416e-02,        +3.877056491448e-02,        -7.967573943763e-03,        +1.418064537726e-01,        +6.979583282759e-04
 2.00000000e+02,        +1.414213562373e-01,        +1.447144291496e-01,        -1.024083542716e-01,        -7.612216797839e-05,        +6.768035288766e-05,        -3.106402048164e-05,        -6.066201377604e-04,        -6.792210858071e-04,        +3.615204218388e-04,        -4.129147272536e-04,        +3.153087598337e-04,        -3.735299873268e-05,        -3.673894759765e-04,        -3.877285145650e-05,        +1.799447710379e-04,        +1.414213562373e-01,        -7.612216797683e-05,        +6.768035288756e-05,        +1.051273976292e-01,        -1.390210334032e-02,        +4.568001513977e-02,        +1.031871381213e-03,        -1.193403619447e-02,        +2.886591241386e-02,        +4.833652228783e-02,        +4.545899793591e-03,        -3.368541816323e-02,        -5.580877550647e-02,        -2.944892002866e-02,        -4.812047745290e-02,        +1.414213562373e-01,        -3.106402048144e-05,        -6.066201377633e-04,        +4.568001513976e-02,        +1.031871381201e-03,        +1.129507380379e-01,        -3.986795699445e-03,        -1.759492105687e-02,        -8.370510299184e-02,        -7.794321545229e-03,        -4.584727258480e-03,        -1.959689135859e-02,        -1.084622486754e-02,        -3.268919929508e-02,        -3.756590041415e-02,        +1.414213562373e-01,        -6.792210858022e-04,        +3.615204218327e-04,        -1.193403619449e-02,        +2.886591241387e-02,        -1.759492105687e-02,        -8.370510299182e-02,        +9.040759881818e-02,        -1.855777717000e-02,        +1.720689853380e-02,        +1.979537217538e-02,        -7.953217133003e-03,        -3.529985968359e-03,        +3.562207358709e-02,        -2.368554084761e-03,        +1.414213562373e-01,        -4.129147272486e-04,        +3.153087598417e-04,        +4.833652228784e-02,        +4.545899793591e-03,        -7.794321545219e-03,        -4.584727258484e-03,        +1.720689853381e-02,        +1.979537217538e-02,        +8.928773748393e-02,        -1.501402101445e-02,        -2.154244913952e-02,        -7.854360629788e-02,        -4.214932158780e-03,        +2.819712483664e-02,        +1.414213562373e-01,        -3.735299873855e-05,        -3.673894759775e-04,        -3.368541816322e-02,        -5.580877550646e-02,        -1.959689135859e-02,        -1.084622486753e-02,        -7.953217132987e-03,        -3.529985968346e-03,        -2.154244913953e-02,        -7.854360629788e-02,        +1.192094689370e-01,        -1.139077834683e-02,        +3.767694058986e-02,        -9.378502084016e-03,        +1.414213562373e-01,        -3.877285145389e-05,        +1.799447710381e-04,        -2.944892002867e-02,        -4.812047745290e-02,        -3.268919929507e-02,        -3.756590041414e-02,        +3.562207358710e-02,        -2.368554084766e-03,        -4.214932158795e-03,        +2.819712483664e-02,        +3.767694058986e-02,        -9.378502084012e-03,        +1.413805068326e-01,        +1.371321955798e-03
 2.01600000e+02,        +1.414213562373e-01,        +1.308385622571e-01,        -1.058109527554e-01,        -5.576115363723e-05,        +5.651013746010e-05,        -8.710632283165e-05,        -5.093963997226e-04,        -5.210036890656e-04,        +3.846174770142e-04,        -2.703070299813e-04,        +3.128460728945e-04,        -7.645447998706e-05,        -2.815609946393e-04,        -7.154859139759e-06,        +1.604815966242e-04,        +1.414213562373e-01,        -5.576115363967e-05,        +5.651013746149e-05,        +1.045444075245e-01,        -1.293565586604e-02,        +4.535559729132e-02,        -3.833903249276e-04,        -1.075554129552e-02,        +2.888568152167e-02,        +4.912496473320e-02,        +2.261134840102e-03,        -3.770122311831e-02,        -5.206812086259e-02,        -3.211579718502e-02,        -4.726522520295e-02,        +1.414213562373e-01,        -8.710632283011e-05,        -5.093963997248e-04,        +4.535559729132e-02,        -3.833903249328e-04,        +1.126802040679e-01,        -5.271660337679e-03,        -2.459150628245e-02,        -8.226337560131e-02,        -1.011735480318e-02,        -3.553536136569e-03,        -2.018405973819e-02,        -1.089553844032e-02,        -3.525118392914e-02,        -3.420580792142e-02,        +1.414213562373e-01,        -5.210036890629e-04,        +3.846174770117e-04,        -1.075554129553e-02,        +2.888568152167e-02,        -2.459150628246e-02,        -8.226337560130e-02,        +9.237576120792e-02,        -1.475763770107e-02,        +2.119762527973e-02,        +2.052410629873e-02,        -1.007867280879e-02,        -2.317250369435e-03,        +3.595964554630e-02,        -3.900001529953e-03,        +1.414213562373e-01,        -2.703070299847e-04,        +3.128460728979e-04,        +4.912496473320e-02,        +2.261134840093e-03,        -1.011735480319e-02,        -3.553536136587e-03,        +2.119762527973e-02,        +2.052410629875e-02,        +9.196775936692e-02,        -1.126024151145e-02,        -2.802270561489e-02,        -7.659957697385e-02,        -2.836245462510e-03,        +2.802880087093e-02,        +1.414213562373e-01,        -7.645447999296e-05,        -2.815609946370e-04,        -3.770122311829e-02,        -5.206812086258e-02,        -2.018405973819e-02,        -1.089553844033e-02,        -1.007867280879e-02,        -2.317250369412e-03,        -2.802270561489e-02,        -7.659957697381e-02,        +1.176879337747e-01,        -1.331220949859e-02,        +3.664406949956e-02,        -1.063782190692e-02,        +1.414213562373e-01,        -7.154859140146e-06,        +1.604815966191e-04,        -3.211579718502e-02,        -4.726522520294e-02,        -3.525118392914e-02,        -3.420580792143e-02,        +3.595964554630e-02,        -3.900001529957e-03,        -2.836245462519e-03,        +2.802880087093e-02,        +3.664406949956e-02,        -1.063782190693e-02,        +1.410345545347e-01,        +1.950072967603e-03
 2.03200000e+02,        +1.414213562373e-01,        +1.177848066887e-01,        -1.071674382313e-01,        -4.309522850192e-05,        +4.452931103493e-05,        -1.181633836700e-04,        -4.243113884080e-04,        -3.935836131006e-04,        +3.779416889956e-04,        -1.604532719719e-04,        +2.854023602375e-04,        -9.417040440621e-05,        -2.094822650996e-04,        +1.518992598182e-05,        +1.395304560020e-04,        +1.414213562373e-01,        -4.309522850173e-05,        +4.452931103955e-05,        +1.041336429050e-01,        -1.212265281723e-02,        +4.514933226549e-02,        -1.711916399138e-03,        -9.579845332672e-03,        +2.871192678483e-02,        +4.989517022447e-02,        -2.989745303123e-04,        -4.127100384127e-02,        -4.799503401621e-02,        -3.468980924678e-02,        -4.623052738861e-02,        +1.414213562373e-01,        -1.181633836668e-04,        -4.243113884082e-04,        +4.514933226550e-02,        -1.711916399148e-03,        +1.121466285031e-01,        -6.799886011553e-03,        -3.124171530961e-02,        -7.978394077308e-02,        -1.226590943170e-02,        -1.809942568823e-03,        -2.104239830629e-02,        -1.102650785538e-02,        -3.745820386253e-02,        -3.063834503423e-02,        +1.414213562373e-01,        -3.935836130965e-04,        +3.779416889950e-04,        -9.579845332681e-03,        +2.871192678480e-02,        -3.124171530963e-02,        -7.978394077307e-02,        +9.523654629388e-02,        -1.197766439478e-02,        +2.581663953880e-02,        +2.025575964073e-02,        -1.196186367034e-02,        -4.333918439256e-04,        +3.631947219877e-02,        -5.653141621888e-03,        +1.414213562373e-01,        -1.604532719726e-04,        +2.854023602402e-04,        +4.989517022446e-02,        -2.989745303215e-04,        -1.226590943172e-02,        -1.809942568826e-03,        +2.581663953880e-02,        +2.025575964076e-02,        +9.552217193652e-02,        -8.635703773872e-03,        -3.407912127238e-02,        -7.365789824256e-02,        -1.452370011836e-03,        +2.766388124335e-02,        +1.414213562373e-01,        -9.417040440874e-05,        -2.094822650948e-04,        -4.127100384127e-02,        -4.799503401619e-02,        -2.104239830628e-02,        -1.102650785538e-02,        -1.196186367035e-02,        -4.333918438929e-04,        -3.407912127240e-02,        -7.365789824253e-02,        +1.158452603172e-01,        -1.528205933908e-02,        +3.569509869170e-02,        -1.176148427850e-02,        +1.414213562373e-01,        +1.518992598403e-05,        +1.395304560019e-04,        -3.468980924678e-02,        -4.623052738861e-02,        -3.745820386253e-02,        -3.063834503422e-02,        +3.631947219877e-02,        -5.653141621892e-03,        -1.452370011828e-03,        +2.766388124336e-02,        +3.569509869170e-02,        -1.176148427851e-02,        +1.407418523257e-01,        +2.423083027474e-03
 2.04800000e+02,        +1.414213562373e-01,        +1.057269982845e-01,        -1.069073430655e-01,        -3.656715486105e-05,        +3.330316603641e-05,        -1.309345532674e-04,        -3.519007393787e-04,        -2.948913459274e-04,        +3.527846015277e-04,        -8.032604425472e-05,        +2.437239239546e-04,        -9.685045183793e-05,        -1.508323986541e-04,        +2.986808759399e-05,        +1.188515585687e-04,        +1.414213562373e-01,        -3.656715485983e-05,        +3.330316604034e-05,        +1.038479651991e-01,        -1.148828997319e-02,        +4.508906858664e-02,        -2.981498494782e-03,        -8.464058844061e-03,        +2.831694172733e-02,        +5.056855245009e-02,        -3.175571103099e-03,        -4.434910463087e-02,        -4.363385009823e-02,        -3.717182528876e-02,        -4.503272089627e-02,        +1.414213562373e-01,        -1.309345532644e-04,        -3.519007393782e-04,        +4.508906858664e-02,        -2.981498494778e-03,        +1.112353634550e-01,        -8.549516468341e-03,        -3.736031836859e-02,        -7.626533274497e-02,        -1.406357482507e-02,        +6.788937927616e-04,        -2.225711627784e-02,        -1.120093462881e-02,        -3.927679761058e-02,        -2.688873300213e-02,        +1.414213562373e-01,        -2.948913459246e-04,        +3.527846015302e-04,        -8.464058844069e-03,        +2.831694172733e-02,        -3.736031836859e-02,        -7.626533274496e-02,        +9.876658139767e-02,        -1.047092196925e-02,        +3.086170703487e-02,        +1.874740713208e-02,        -1.343209148948e-02,        +2.132820037847e-03,        +3.663653250917e-02,        -7.665994276654e-03,        +1.414213562373e-01,        -8.032604425880e-05,        +2.437239239568e-04,        +5.056855245008e-02,        -3.175571103119e-03,        -1.406357482508e-02,        +6.788937927608e-04,        +3.086170703488e-02,        +1.874740713210e-02,        +9.971866947907e-02,        -7.403870123459e-03,        -3.951898116899e-02,        -6.972841482040e-02,        -1.121220733371e-04,        +2.707222149912e-02,        +1.414213562373e-01,        -9.685045183570e-05,        -1.508323986540e-04,        -4.434910463086e-02,        -4.363385009822e-02,        -2.225711627784e-02,        -1.120093462882e-02,        -1.343209148950e-02,        +2.132820037856e-03,        -3.951898116899e-02,        -6.972841482038e-02,        +1.135880815962e-01,        -1.726691915608e-02,        +3.485997251028e-02,        -1.277007475943e-02,        +1.414213562373e-01,        +2.986808759406e-05,        +1.188515585693e-04,        -3.717182528876e-02,        -4.503272089626e-02,        -3.927679761058e-02,        -2.688873300214e-02,        +3.663653250917e-02,        -7.665994276649e-03,        -1.121220733457e-04,        +2.707222149913e-02,        +3.485997251029e-02,        -1.277007475943e-02,        +1.404721806906e-01,        +2.783663277198e-03
 2.06400000e+02,        +1.414213562373e-01,        +9.473007942140e-02,        -1.054023600542e-01,        -3.485517367492e-05,        +2.385751873545e-05,        -1.302847265353e-04,        -2.921805414223e-04,        -2.222882690598e-04,        +3.174447968019e-04,        -2.663879237296e-05,        +1.955841549534e-04,        -8.899637169463e-05,        -1.050560011410e-04,        +3.827598037179e-05,        +9.963492738199e-05,        +1.414213562373e-01,        -3.485517367180e-05,        +2.385751873722e-05,        +1.036338624597e-01,        -1.104647590582e-02,        +4.520913641576e-02,        -4.232957124384e-03,        -7.489352559771e-03,        +2.768495493665e-02,        +5.103930837713e-02,        -6.394074419493e-03,        -4.688352247099e-02,        -3.904429852454e-02,        -3.956765952713e-02,        -4.368298408511e-02,        +1.414213562373e-01,        -1.302847265329e-04,        -2.921805414202e-04,        +4.520913641577e-02,        -4.232957124382e-03,        +1.098099106088e-01,        -1.044396031964e-02,        -4.270222670520e-02,        -7.174182084221e-02,        -1.526910900798e-02,        +3.906197795328e-03,        -2.392932715247e-02,        -1.132820516382e-02,        -4.066411984958e-02,        -2.299459209378e-02,        +1.414213562373e-01,        -2.222882690589e-04,        +3.174447967975e-04,        -7.489352559772e-03,        +2.768495493664e-02,        -4.270222670521e-02,        -7.174182084220e-02,        +1.026381246585e-01,        -1.048847077304e-02,        +3.602064759355e-02,        +1.575325415242e-02,        -1.426085531392e-02,        +5.350287254299e-03,        +3.682287131427e-02,        -9.965010844492e-03,        +1.414213562373e-01,        -2.663879237581e-05,        +1.955841549505e-04,        +5.103930837711e-02,        -6.394074419500e-03,        -1.526910900799e-02,        +3.906197795308e-03,        +3.602064759353e-02,        +1.575325415243e-02,        +1.042095734040e-01,        -7.828956554637e-03,        -4.408998090251e-02,        -6.486537044399e-02,        +1.112143182770e-03,        +2.623223970749e-02,        +1.414213562373e-01,        -8.899637169651e-05,        -1.050560011377e-04,        -4.688352247098e-02,        -3.904429852453e-02,        -2.392932715245e-02,        -1.132820516383e-02,        -1.426085531391e-02,        +5.350287254312e-03,        -4.408998090252e-02,        -6.486537044394e-02,        +1.108087710246e-01,        -1.917582448689e-02,        +3.417471075867e-02,        -1.369648025091e-02,        +1.414213562373e-01,        +3.827598037433e-05,        +9.963492737898e-05,        -3.956765952713e-02,        -4.368298408511e-02,        -4.066411984958e-02,        -2.299459209378e-02,        +3.682287131427e-02,        -9.965010844496e-03,        +1.112143182766e-03,        +2.623223970749e-02,        +3.417471075866e-02,        -1.369648025092e-02,        +1.401916966867e-01,        +3.031763808849e-03
 2.08000000e+02,        +1.414213562373e-01,        +8.478834782779e-02,        -1.029599646993e-01,        -3.680433496553e-05,        +1.694700728425e-05,        -1.200139041462e-04,        -2.451646061337e-04,        -1.730143058020e-04,        +2.784533442997e-04,        +3.805122019982e-06,        +1.470608514626e-04,        -7.409604517317e-05,        -7.177233212629e-05,        +4.164322469247e-05,        +8.276012906892e-05,        +1.414213562373e-01,        -3.680433496352e-05,        +1.694700728549e-05,        +1.034340462934e-01,        -1.079573651056e-02,        +4.554383723057e-02,        -5.530402433476e-03,        -6.762578353602e-03,        +2.682967083819e-02,        +5.117318795308e-02,        -9.945581740875e-03,        -4.882350233353e-02,        -3.431172332557e-02,        -4.188640371486e-02,        -4.218393417510e-02,        +1.414213562373e-01,        -1.200139041461e-04,        -2.451646061361e-04,        +4.554383723057e-02,        -5.530402433477e-03,        +1.077379140609e-01,        -1.232802313992e-02,        -4.696588867003e-02,        -6.633400423274e-02,        -1.558082498743e-02,        +7.773279598874e-03,        -2.614831669740e-02,        -1.124392337076e-02,        -4.157341650170e-02,        -1.901594365609e-02,        +1.414213562373e-01,        -1.730143058053e-04,        +2.784533443013e-04,        -6.762578353613e-03,        +2.682967083819e-02,        -4.696588867003e-02,        -6.633400423273e-02,        +1.063780951994e-01,        -1.222263811650e-02,        +4.082845183815e-02,        +1.108473058733e-02,        -1.417023551160e-02,        +9.095791849698e-03,        +3.676537134085e-02,        -1.254976524919e-02,        +1.414213562373e-01,        +3.805122020817e-06,        +1.470608514657e-04,        +5.117318795309e-02,        -9.945581740879e-03,        -1.558082498744e-02,        +7.773279598868e-03,        +4.082845183816e-02,        +1.108473058734e-02,        +1.084874809466e-01,        -1.011278566221e-02,        -4.748915688145e-02,        -5.921962206429e-02,        +2.121919515559e-03,        +2.514708449739e-02,        +1.414213562373e-01,        -7.409604517348e-05,        -7.177233213164e-05,        -4.882350233351e-02,        -3.431172332556e-02,        -2.614831669739e-02,        -1.124392337076e-02,        -1.417023551159e-02,        +9.095791849698e-03,        -4.748915688145e-02,        -5.921962206428e-02,        +1.074159630687e-01,        -2.084103935328e-02,        +3.367541068677e-02,        -1.459475192523e-02,        +1.414213562373e-01,        +4.164322469042e-05,        +8.276012907007e-05,        -4.188640371486e-02,        -4.218393417510e-02,        -4.157341650170e-02,        -1.901594365608e-02,        +3.676537134086e-02,        -1.254976524918e-02,        +2.121919515547e-03,        +2.514708449739e-02,        +3.367541068677e-02,        -1.459475192525e-02,        +1.398642050302e-01,        +3.177151120095e-03
 2.09600000e+02,        +1.414213562373e-01,        +7.585385883131e-02,        -9.982681029457e-02,        -4.128235657631e-05,        +1.317445545222e-05,        -1.035525770225e-04,        -2.109456133380e-04,        -1.440160601513e-04,        +2.413930287461e-04,        +1.437091393079e-05,        +1.033735372309e-04,        -5.532880562110e-05,        -5.076288228969e-05,        +4.115281526428e-05,        +6.892657989411e-05,        +1.414213562373e-01,        -4.128235658032e-05,        +1.317445545083e-05,        +1.031934597182e-01,        -1.071546602730e-02,        +4.611190462250e-02,        -6.968872257388e-03,        -6.405310607400e-03,        +2.581742374811e-02,        +5.081944855782e-02,        -1.376246390186e-02,        -5.013606245018e-02,        -2.955384524780e-02,        -4.413586882865e-02,        -4.052633027090e-02,        +1.414213562373e-01,        -1.035525770223e-04,        -2.109456133391e-04,        +4.611190462250e-02,        -6.968872257391e-03,        +1.049390500400e-01,        -1.395534629933e-02,        -4.983319964945e-02,        -6.030757626075e-02,        -1.467884872453e-02,        +1.202880899225e-02,        -2.894309158091e-02,        -1.070195572178e-02,        -4.196758821536e-02,        -1.504341425893e-02,        +1.414213562373e-01,        -1.440160601555e-04,        +2.413930287427e-04,        -6.405310607416e-03,        +2.581742374812e-02,        -4.983319964945e-02,        -6.030757626074e-02,        +1.093599738179e-01,        -1.570591413280e-02,        +4.465890472567e-02,        +4.716669502782e-03,        -1.287832288698e-02,        +1.309945886779e-02,        +3.633414001629e-02,        -1.537200050384e-02,        +1.414213562373e-01,        +1.437091392667e-05,        +1.033735372265e-04,        +5.081944855781e-02,        -1.376246390187e-02,        -1.467884872455e-02,        +1.202880899225e-02,        +4.465890472567e-02,        +4.716669502790e-03,        +1.118770792883e-01,        -1.428371071113e-02,        -4.941054455833e-02,        -5.309572914942e-02,        +2.801047763102e-03,        +2.386663108425e-02,        +1.414213562373e-01,        -5.532880562308e-05,        -5.076288229156e-05,        -5.013606245017e-02,        -2.955384524780e-02,        -2.894309158092e-02,        -1.070195572179e-02,        -1.287832288698e-02,        +1.309945886781e-02,        -4.941054455830e-02,        -5.309572914940e-02,        +1.033845229368e-01,        -2.201427942419e-02,        +3.338445075786e-02,        -1.554651943195e-02,        +1.414213562373e-01,        +4.115281526326e-05,        +6.892657989077e-05,        -4.413586882865e-02,        -4.052633027090e-02,        -4.196758821536e-02,        -1.504341425894e-02,        +3.633414001630e-02,        -1.537200050384e-02,        +2.801047763096e-03,        +2.386663108427e-02,        +3.338445075785e-02,        -1.554651943197e-02,        +1.394550473363e-01,        +3.242704145997e-03
 2.11200000e+02,        +1.414213562373e-01,        +6.785610104507e-02,        -9.619650460167e-02,        -4.704081625259e-05,        +1.295301079827e-05,        -8.444887973854e-05,        -1.893916005927e-04,        -1.314470817224e-04,        +2.111339081345e-04,        +9.165384491186e-06,        +6.910668183501e-05,        -3.601985127934e-05,        -4.160218858793e-05,        +3.806773971950e-05,        +5.864294287397e-05,        +1.414213562373e-01,        -4.704081625101e-05,        +1.295301079841e-05,        +1.028691502262e-01,        -1.076559993532e-02,        +4.689228043914e-02,        -8.671070661007e-03,        -6.522877288412e-03,        +2.478615299171e-02,        +4.984374632659e-02,        -1.769840466354e-02,        -5.083034309898e-02,        -2.491580091641e-02,        -4.631456746412e-02,        -3.868849677048e-02,        +1.414213562373e-01,        -8.444887974726e-05,        -1.893916005943e-04,        +4.689228043915e-02,        -8.671070661005e-03,        +1.014503668394e-01,        -1.500881236720e-02,        -5.106080078092e-02,        -5.411116255107e-02,        -1.232077481987e-02,        +1.623003808762e-02,        -3.221965300298e-02,        -9.400952896187e-03,        -4.184107067317e-02,        -1.119742546975e-02,        +1.414213562373e-01,        -1.314470817228e-04,        +2.111339081407e-04,        -6.522877288425e-03,        +2.478615299170e-02,        -5.106080078091e-02,        -5.411116255106e-02,        +1.108731998229e-01,        -2.068495834445e-02,        +4.679723629610e-02,        -3.080825900960e-03,        -1.019383942344e-02,        +1.691584664300e-02,        +3.540858430017e-02,        -1.831707240091e-02,        +1.414213562373e-01,        +9.165384499938e-06,        +6.910668183849e-05,        +4.984374632658e-02,        -1.769840466355e-02,        -1.232077481990e-02,        +1.623003808761e-02,        +4.679723629612e-02,        -3.080825900941e-03,        +1.136116591273e-01,        -2.005897638451e-02,        -4.964421669359e-02,        -4.698215444184e-02,        +3.042674930881e-03,        +2.250691041549e-02,        +1.414213562373e-01,        -3.601985128010e-05,        -4.160218858732e-05,        -5.083034309896e-02,        -2.491580091639e-02,        -3.221965300299e-02,        -9.400952896207e-03,        -1.019383942344e-02,        +1.691584664300e-02,        -4.964421669356e-02,        -4.698215444181e-02,        +9.881658546624e-02,        -2.239878511606e-02,        +3.328932516730e-02,        -1.665775034243e-02,        +1.414213562373e-01,        +3.806773971951e-05,        +5.864294287706e-05,        -4.631456746411e-02,        -3.868849677048e-02,        -4.184107067316e-02,        -1.119742546976e-02,        +3.540858430018e-02,        -1.831707240090e-02,        +3.042674930876e-03,        +2.250691041552e-02,        +3.328932516730e-02,        -1.665775034244e-02,        +1.389382734684e-01,        +3.265561984175e-03
 2.12800000e+02,        +1.414213562373e-01,        +6.071488279423e-02,        -9.221861263592e-02,        -5.268446363180e-05,        +1.634172062001e-05,        -6.644318398662e-05,        -1.795925082613e-04,        -1.302706844784e-04,        +1.913984407779e-04,        -6.516490782918e-06,        +4.773385283575e-05,        -1.965671465673e-05,        -4.308423127273e-05,        +3.377231531036e-05,        +5.209641898385e-05,        +1.414213562373e-01,        -5.268446363226e-05,        +1.634172061847e-05,        +1.024412996129e-01,        -1.089363839713e-02,        +4.780026414534e-02,        -1.076414587739e-02,        -7.155183539009e-03,        +2.394137310606e-02,        +4.818004851922e-02,        -2.153255761110e-02,        -5.097989877868e-02,        -2.054521605643e-02,        -4.840235478126e-02,        -3.664201548302e-02,        +1.414213562373e-01,        -6.644318398833e-05,        -1.795925082600e-04,        +4.780026414535e-02,        -1.076414587739e-02,        +9.748115220617e-02,        -1.517367073699e-02,        -5.060920114076e-02,        -4.834441903955e-02,        -8.476483131938e-03,        +1.977689793390e-02,        -3.571368341362e-02,        -7.062433882893e-03,        -4.124273423198e-02,        -7.609912027870e-03,        +1.414213562373e-01,        -1.302706844802e-04,        +1.913984407746e-04,        -7.155183539005e-03,        +2.394137310606e-02,        -5.060920114078e-02,        -4.834441903957e-02,        +1.103004733848e-01,        -2.653823629979e-02,        +4.662538442976e-02,        -1.165642429890e-02,        -6.141904392497e-03,        +1.996807561226e-02,        +3.392079512780e-02,        -2.120426916501e-02,        +1.414213562373e-01,        -6.516490780578e-06,        +4.773385283220e-05,        +4.818004851920e-02,        -2.153255761110e-02,        -8.476483131938e-03,        +1.977689793387e-02,        +4.662538442976e-02,        -1.165642429892e-02,        +1.130271597988e-01,        -2.675535357443e-02,        -4.820776002410e-02,        -4.150507009903e-02,        +2.794230532062e-03,        +2.124978045001e-02,        +1.414213562373e-01,        -1.965671465782e-05,        -4.308423126676e-05,        -5.097989877866e-02,        -2.054521605643e-02,        -3.571368341362e-02,        -7.062433882890e-03,        -6.141904392484e-03,        +1.996807561229e-02,        -4.820776002408e-02,        -4.150507009900e-02,        +9.398246091464e-02,        -2.173154352186e-02,        +3.332215849872e-02,        -1.803811007654e-02,        +1.414213562373e-01,        +3.377231530970e-05,        +5.209641898436e-05,        -4.840235478126e-02,        -3.664201548301e-02,        -4.124273423198e-02,        -7.609912027866e-03,        +3.392079512779e-02,        -2.120426916500e-02,        +2.794230532055e-03,        +2.124978045001e-02,        +3.332215849872e-02,        -1.803811007654e-02,        +1.383054770102e-01,        +3.292874464235e-03
 2.14400000e+02,        +1.414213562373e-01,        +5.434833278993e-02,        -8.800726007953e-02,        -5.683068616645e-05,        +2.287108779168e-05,        -5.299849372580e-05,        -1.793980492169e-04,        -1.344844356768e-04,        +1.839040689750e-04,        -2.640695830886e-05,        +4.070462240067e-05,        -9.370534640679e-06,        -5.279550560556e-05,        +2.964914112997e-05,        +4.899862388060e-05,        +1.414213562373e-01,        -5.683068616481e-05,        +2.287108779262e-05,        +1.019185638092e-01,        -1.104999966797e-02,        +4.868264297248e-02,        -1.333716265225e-02,        -8.231115474815e-03,        +2.351247107570e-02,        +4.587877372468e-02,        -2.501520259088e-02,        -5.072441673799e-02,        -1.654964577492e-02,        -5.035561713002e-02,        -3.436492723261e-02,        +1.414213562373e-01,        -5.299849372376e-05,        -1.793980492143e-04,        +4.868264297249e-02,        -1.333716265225e-02,        +9.340854395308e-02,        -1.425311890882e-02,        -4.874435515148e-02,        -4.362240997286e-02,        -3.433792079400e-03,        +2.205429170116e-02,        -3.900635534406e-02,        -3.545638457018e-03,        -4.028358898108e-02,        -4.387945044149e-03,        +1.414213562373e-01,        -1.344844356741e-04,        +1.839040689761e-04,        -8.231115474823e-03,        +2.351247107570e-02,        -4.874435515151e-02,        -4.362240997284e-02,        +1.073603221727e-01,        -3.233724954242e-02,        +4.387508857301e-02,        -2.004180741274e-02,        -1.052599811403e-03,        +2.169281123147e-02,        +3.189836061988e-02,        -2.382187432543e-02,        +1.414213562373e-01,        -2.640695831168e-05,        +4.070462240429e-05,        +4.587877372467e-02,        -2.501520259088e-02,        -3.433792079428e-03,        +2.205429170115e-02,        +4.387508857299e-02,        -2.004180741272e-02,        +1.098267355992e-01,        -3.335688118642e-02,        -4.543873507172e-02,        -3.727684110554e-02,        +2.101702211869e-03,        +2.030632654818e-02,        +1.414213562373e-01,        -9.370534644335e-06,        -5.279550560866e-05,        -5.072441673798e-02,        -1.654964577491e-02,        -3.900635534405e-02,        -3.545638457041e-03,        -1.052599811384e-03,        +2.169281123147e-02,        -4.543873507170e-02,        -3.727684110550e-02,        +8.929517478480e-02,        -1.989649115503e-02,        +3.335611491095e-02,        -1.976381981200e-02,        +1.414213562373e-01,        +2.964914113028e-05,        +4.899862387938e-05,        -5.035561713001e-02,        -3.436492723260e-02,        -4.028358898108e-02,        -4.387945044152e-03,        +3.189836061989e-02,        -2.382187432541e-02,        +2.101702211873e-03,        +2.030632654819e-02,        +3.335611491096e-02,        -1.976381981200e-02,        +1.375712470887e-01,        +3.370673870715e-03
 2.16000000e+02,        +1.414213562373e-01,        +4.867757032778e-02,        -8.364863960755e-02,        -5.841982382758e-05,        +3.153374709707e-05,        -4.648901565680e-05,        -1.854847668276e-04,        -1.381775415281e-04,        +1.877677898851e-04,        -4.435787337493e-05,        +4.681008971861e-05,        -7.125826067018e-06,        -6.725134036789e-05,        +2.681443974681e-05,        +4.856325640618e-05,        +1.414213562373e-01,        -5.841982382766e-05,        +3.153374709929e-05,        +1.013309126517e-01,        -1.120538207039e-02,        +4.934691734539e-02,        -1.639922399653e-02,        -9.562372676749e-03,        +2.367793308902e-02,        +4.311372711914e-02,        -2.794585818130e-02,        -5.023760581114e-02,        -1.295764607245e-02,        -5.211331281272e-02,        -3.185733474785e-02,        +1.414213562373e-01,        -4.648901565873e-05,        -1.854847668268e-04,        +4.934691734540e-02,        -1.639922399655e-02,        +8.968314666183e-02,        -1.226666683946e-02,        -4.602077660562e-02,        -4.037554532758e-02,        +2.219905093424e-03,        +2.264132656686e-02,        -4.162837915461e-02,        +1.063262924610e-03,        -3.911489223569e-02,        -1.575622685259e-03,        +1.414213562373e-01,        -1.381775415270e-04,        +1.877677898890e-04,        -9.562372676765e-03,        +2.367793308901e-02,        -4.602077660565e-02,        -4.037554532757e-02,        +1.022746414097e-01,        -3.709161676010e-02,        +3.880216930101e-02,        -2.720781960667e-02,        +4.474707684880e-03,        +2.173846729735e-02,        +2.947491439624e-02,        -2.599177129385e-02,        +1.414213562373e-01,        -4.435787337657e-05,        +4.681008972184e-05,        +4.311372711913e-02,        -2.794585818131e-02,        +2.219905093387e-03,        +2.264132656685e-02,        +3.880216930098e-02,        -2.720781960665e-02,        +1.042625616539e-01,        -3.878295623799e-02,        -4.195729002469e-02,        -3.468911561125e-02,        +1.120117995586e-03,        +1.984951676421e-02,        +1.414213562373e-01,        -7.125826066936e-06,        -6.725134037177e-05,        -5.023760581112e-02,        -1.295764607244e-02,        -4.162837915460e-02,        +1.063262924625e-03,        +4.474707684902e-03,        +2.173846729734e-02,        -4.195729002467e-02,        -3.468911561125e-02,        +8.519935046259e-02,        -1.700412208239e-02,        +3.323153004037e-02,        -2.184168671744e-02,        +1.414213562373e-01,        +2.681443974818e-05,        +4.856325640772e-05,        -5.211331281271e-02,        -3.185733474784e-02,        -3.911489223570e-02,        -1.575622685278e-03,        +2.947491439623e-02,        -2.599177129385e-02,        +1.120117995589e-03,        +1.984951676424e-02,        +3.323153004035e-02,        -2.184168671744e-02,        +1.367694196510e-01,        +3.529877924221e-03
 2.17600000e+02,        +1.414213562373e-01,        +4.362919976825e-02,        -7.920723251561e-02,        -5.698368226481e-05,        +4.102598597000e-05,        -4.760553304543e-05,        -1.940837572047e-04,        -1.369276467018e-04,        +1.998465739356e-04,        -5.579038058138e-05,        +6.252956636458e-05,        -1.318874126627e-05,        -8.267364665927e-05,        +2.587356615289e-05,        +4.970266095922e-05,        +1.414213562373e-01,        -5.698368226300e-05,        +4.102598597058e-05,        +1.007113116544e-01,        -1.135882777253e-02,        +4.961584160268e-02,        -1.986763406716e-02,        -1.089415765989e-02,        +2.450118661409e-02,        +4.012970490325e-02,        -3.024028924042e-02,        -4.967269840744e-02,        -9.711945433638e-03,        -5.361338579807e-02,        -2.914945419733e-02,        +1.414213562373e-01,        -4.760553304381e-05,        -1.940837572038e-04,        +4.961584160268e-02,        -1.986763406716e-02,        +8.668140049251e-02,        -9.457644368087e-03,        -4.311920172422e-02,        -3.870336932929e-02,        +7.767914188808e-03,        +2.146383517308e-02,        -4.320877907432e-02,        +6.457690433417e-03,        -3.788241270773e-02,        +8.597054556192e-04,        +1.414213562373e-01,        -1.369276467046e-04,        +1.998465739375e-04,        -1.089415765989e-02,        +2.450118661409e-02,        -4.311920172421e-02,        -3.870336932930e-02,        +9.571995839238e-02,        -4.006840249631e-02,        +3.213468967853e-02,        -3.239768950728e-02,        +9.747227050808e-03,        +2.009609875763e-02,        +2.685064160907e-02,        -2.762848379137e-02,        +1.414213562373e-01,        -5.579038058190e-05,        +6.252956636315e-05,        +4.012970490325e-02,        -3.024028924041e-02,        +7.767914188814e-03,        +2.146383517309e-02,        +3.213468967856e-02,        -3.239768950729e-02,        +9.708125493881e-02,        -4.223648561649e-02,        -3.848253052340e-02,        -3.377644621256e-02,        +7.175373902327e-05,        +1.995284316040e-02,        +1.414213562373e-01,        -1.318874126137e-05,        -8.267364665687e-05,        -4.967269840744e-02,        -9.711945433628e-03,        -4.320877907434e-02,        +6.457690433432e-03,        +9.747227050833e-03,        +2.009609875767e-02,        -3.848253052337e-02,        -3.377644621256e-02,        +8.202430944103e-02,        -1.337162370206e-02,        +3.280357885098e-02,        -2.419979071916e-02,        +1.414213562373e-01,        +2.587356615307e-05,        +4.970266095993e-05,        -5.361338579806e-02,        -2.914945419733e-02,        -3.788241270774e-02,        +8.597054556127e-04,        +2.685064160907e-02,        -2.762848379137e-02,        +7.175373902835e-05,        +1.995284316042e-02,        +3.280357885097e-02,        -2.419979071917e-02,        +1.359398916085e-01,        +3.778074189946e-03
 2.19200000e+02,        +1.414213562373e-01,        +3.913643521950e-02,        -7.473080801301e-02,        -5.267932701015e-05,        +5.011871114736e-05,        -5.543705583562e-05,        -2.019540629934e-04,        -1.286379962970e-04,        +2.159735086631e-04,        -5.856108165296e-05,        +8.331402022072e-05,        -2.629387243182e-05,        -9.595259743727e-05,        +2.687183788241e-05,        +5.135035787406e-05,        +1.414213562373e-01,        -5.267932700953e-05,        +5.011871114692e-05,        +1.000774020459e-01,        -1.153067123866e-02,        +4.937502480308e-02,        -2.359644945865e-02,        -1.198559833508e-02,        +2.591895795891e-02,        +3.715917329926e-02,        -3.194272179839e-02,        -4.911865046613e-02,        -6.702019797391e-03,        -5.481018525029e-02,        -2.629631983137e-02,        +1.414213562373e-01,        -5.543705583675e-05,        -2.019540629941e-04,        +4.937502480309e-02,        -2.359644945865e-02,        +8.459474135847e-02,        -6.197366392988e-03,        -4.062974735069e-02,        -3.838057026153e-02,        +1.259116305494e-02,        +1.878761614246e-02,        -4.357737608610e-02,        +1.221704166905e-02,        -3.668419120564e-02,        +3.005879797277e-03,        +1.414213562373e-01,        -1.286379962937e-04,        +2.159735086646e-04,        -1.198559833508e-02,        +2.591895795891e-02,        -4.062974735070e-02,        -3.838057026154e-02,        +8.857424630663e-02,        -4.098859522951e-02,        +2.480780053115e-02,        -3.533143501376e-02,        +1.419491125192e-02,        +1.707325876497e-02,        +2.422365608790e-02,        -2.875455391577e-02,        +1.414213562373e-01,        -5.856108165136e-05,        +8.331402022383e-05,        +3.715917329926e-02,        -3.194272179839e-02,        +1.259116305494e-02,        +1.878761614246e-02,        +2.480780053115e-02,        -3.533143501376e-02,        +8.924673547089e-02,        -4.341705631365e-02,        -3.560715124286e-02,        -3.424393259214e-02,        -8.259849900806e-04,        +2.057471557808e-02,        +1.414213562373e-01,        -2.629387243350e-05,        -9.595259743850e-05,        -4.911865046612e-02,        -6.702019797385e-03,        -4.357737608611e-02,        +1.221704166904e-02,        +1.419491125192e-02,        +1.707325876499e-02,        -3.560715124285e-02,        -3.424393259212e-02,        +7.989254207185e-02,        -9.407856194855e-03,        +3.198314778271e-02,        -2.671327612150e-02,        +1.414213562373e-01,        +2.687183788301e-05,        +5.135035787456e-05,        -5.481018525028e-02,        -2.629631983136e-02,        -3.668419120564e-02,        +3.005879797287e-03,        +2.422365608790e-02,        -2.875455391577e-02,        -8.259849900688e-04,        +2.057471557808e-02,        +3.198314778271e-02,        -2.671327612149e-02,        +1.351137370112e-01,        +4.102690039828e-03
 2.20800000e+02,        +1.414213562373e-01,        +3.513939389456e-02,        -7.025436231575e-02,        -4.608445259092e-05,        +5.793380477095e-05,        -6.813803967586e-05,        -2.070036507220e-04,        -1.133670958432e-04,        +2.323267772965e-04,        -5.277746206112e-05,        +1.050078327460e-04,        -4.436359821845e-05,        -1.052033058589e-04,        +2.945797292272e-05,        +5.271542879411e-05,        +1.414213562373e-01,        -4.608445259339e-05,        +5.793380477124e-05,        +9.942411635778e-02,        -1.174635465975e-02,        +4.858730315423e-02,        -2.742463139962e-02,        -1.267050459874e-02,        +2.778296643909e-02,        +3.435959563278e-02,        -3.318253364718e-02,        -4.859127574525e-02,        -3.812879532409e-03,        -5.568295717131e-02,        -2.336362258172e-02,        +1.414213562373e-01,        -6.813803967275e-05,        -2.070036507202e-04,        +4.858730315423e-02,        -2.742463139962e-02,        +8.341546437969e-02,        -2.853059317256e-03,        -3.891153932406e-02,        -3.899468973968e-02,        +1.631496019814e-02,        +1.507411662258e-02,        -4.276737716032e-02,        +1.794045872552e-02,        -3.555590347837e-02,        +4.965457612385e-03,        +1.414213562373e-01,        -1.133670958424e-04,        +2.323267772932e-04,        -1.267050459875e-02,        +2.778296643910e-02,        -3.891153932406e-02,        -3.899468973967e-02,        +8.162783066130e-02,        -4.000179228497e-02,        +1.766156988214e-02,        -3.617845426933e-02,        +1.749813718520e-02,        +1.314341940738e-02,        +2.173509578360e-02,        -2.946844657962e-02,        +1.414213562373e-01,        -5.277746206366e-05,        +1.050078327448e-04,        +3.435959563277e-02,        -3.318253364718e-02,        +1.631496019813e-02,        +1.507411662258e-02,        +1.766156988216e-02,        -3.617845426933e-02,        +8.162491283696e-02,        -4.249192731657e-02,        -3.366476985784e-02,        -3.562453538127e-02,        -1.418215837413e-03,        +2.159250221117e-02,        +1.414213562373e-01,        -4.436359821872e-05,        -1.052033058573e-04,        -4.859127574523e-02,        -3.812879532416e-03,        -4.276737716032e-02,        +1.794045872554e-02,        +1.749813718522e-02,        +1.314341940739e-02,        -3.366476985780e-02,        -3.562453538127e-02,        +7.873026408720e-02,        -5.480452441487e-03,        +3.074834149985e-02,        -2.924663200526e-02,        +1.414213562373e-01,        +2.945797292079e-05,        +5.271542879448e-05,        -5.568295717131e-02,        -2.336362258172e-02,        -3.555590347837e-02,        +4.965457612379e-03,        +2.173509578361e-02,        -2.946844657962e-02,        -1.418215837417e-03,        +2.159250221119e-02,        +3.074834149983e-02,        -2.924663200526e-02,        +1.343054963466e-01,        +4.482268391266e-03
 2.22400000e+02,        +1.414213562373e-01,        +3.158490814176e-02,        -6.580318175300e-02,        -3.791745088478e-05,        +6.401152225508e-05,        -8.369829024961e-05,        -2.083279132357e-04,        -9.249088505554e-05,        +2.462212444365e-04,        -3.991870224564e-05,        +1.246672480783e-04,        -6.527672040068e-05,        -1.097322580447e-04,        +3.312560730497e-05,        +5.335939668910e-05,        +1.414213562373e-01,        -3.791745088354e-05,        +6.401152225558e-05,        +9.872837100194e-02,        -1.202213483884e-02,        +4.727579610580e-02,        -3.121413927514e-02,        -1.287293945906e-02,        +2.991931247985e-02,        +3.179794747114e-02,        -3.411271740975e-02,        -4.805458764812e-02,        -9.606564960774e-04,        -5.623365729989e-02,        -2.041417653127e-02,        +1.414213562373e-01,        -8.369829024744e-05,        -2.083279132356e-04,        +4.727579610581e-02,        -3.121413927513e-02,        +8.300050995180e-02,        +3.028723304237e-04,        -3.807985974289e-02,        -4.010954591877e-02,        +1.882245746340e-02,        +1.080938743421e-02,        -4.094394103012e-02,        +2.333231596426e-02,        -3.448397887874e-02,        +6.822216614009e-03,        +1.414213562373e-01,        -9.249088505849e-05,        +2.462212444347e-04,        -1.287293945907e-02,        +2.991931247985e-02,        -3.807985974291e-02,        -4.010954591878e-02,        +7.541563879416e-02,        -3.751226760335e-02,        +1.126591972928e-02,        -3.537508568923e-02,        +1.958575182670e-02,        +8.781419636365e-03,        +1.945232508470e-02,        -2.989434862519e-02,        +1.414213562373e-01,        -3.991870224633e-05,        +1.246672480799e-04,        +3.179794747114e-02,        -3.411271740976e-02,        +1.882245746340e-02,        +1.080938743420e-02,        +1.126591972927e-02,        -3.537508568925e-02,        +7.480145802537e-02,        -3.990541888575e-02,        -3.273266380274e-02,        -3.745057723470e-02,        -1.630329421409e-03,        +2.285548441665e-02,        +1.414213562373e-01,        -6.527672039939e-05,        -1.097322580420e-04,        -4.805458764812e-02,        -9.606564960741e-04,        -4.094394103012e-02,        +2.333231596426e-02,        +1.958575182672e-02,        +8.781419636365e-03,        -3.273266380274e-02,        -3.745057723470e-02,        +7.834719467831e-02,        -1.838106409421e-03,        +2.912882477445e-02,        -3.168660343354e-02,        +1.414213562373e-01,        +3.312560730371e-05,        +5.335939668986e-05,        -5.623365729988e-02,        -2.041417653127e-02,        -3.448397887873e-02,        +6.822216614010e-03,        +1.945232508470e-02,        -2.989434862519e-02,        -1.630329421409e-03,        +2.285548441665e-02,        +2.912882477444e-02,        -3.168660343353e-02,        +1.335147109321e-01,        +4.897710811812e-03
 2.24000000e+02,        +1.414213562373e-01,        +2.842607966323e-02,        -6.139520271769e-02,        -2.883426600888e-05,        +6.822015116707e-05,        -1.004372852228e-04,        -2.058693406605e-04,        -6.782142124618e-05,        +2.562039681873e-04,        -2.191362891413e-05,        +1.406525580747e-04,        -8.732762006927e-05,        -1.096513935564e-04,        +3.739756430105e-05,        +5.313073263928e-05,        +1.414213562373e-01,        -2.883426600873e-05,        +6.822015116700e-05,        +9.795927967993e-02,        -1.235870391124e-02,        +4.549560544181e-02,        -3.486502728499e-02,        -1.258829890472e-02,        +3.217212675353e-02,        +2.947113068434e-02,        -3.486501149307e-02,        -4.745116429295e-02,        +1.896045966731e-03,        -5.647933114738e-02,        -1.750066512207e-02,        +1.414213562373e-01,        -1.004372852225e-04,        -2.058693406600e-04,        +4.549560544181e-02,        -3.486502728499e-02,        +8.315432994099e-02,        +3.117220240804e-03,        -3.807708860643e-02,        -4.137088836000e-02,        +2.018063765491e-02,        +6.393432412706e-03,        -3.831968717491e-02,        +2.821989874105e-02,        -3.342989167466e-02,        +8.627118004748e-03,        +1.414213562373e-01,        -6.782142124345e-05,        +2.562039681829e-04,        -1.258829890473e-02,        +3.217212675354e-02,        -3.807708860645e-02,        -4.137088835999e-02,        +7.019894886219e-02,        -3.399247879756e-02,        +5.901800272327e-03,        -3.342932556431e-02,        +2.055480186977e-02,        +4.364183793953e-03,        +1.738302429380e-02,        -3.014358144452e-02,        +1.414213562373e-01,        -2.191362891016e-05,        +1.406525580734e-04,        +2.947113068433e-02,        -3.486501149306e-02,        +2.018063765490e-02,        +6.393432412695e-03,        +5.901800272309e-03,        -3.342932556431e-02,        +6.906275557041e-02,        -3.617529261197e-02,        -3.271609072725e-02,        -3.935677737812e-02,        -1.453416517434e-03,        +2.422568845615e-02,        +1.414213562373e-01,        -8.732762006908e-05,        -1.096513935552e-04,        -4.745116429295e-02,        +1.896045966720e-03,        -3.831968717488e-02,        +2.821989874106e-02,        +2.055480186980e-02,        +4.364183793944e-03,        -3.271609072726e-02,        -3.935677737812e-02,        +7.852288016663e-02,        +1.398144705622e-03,        +2.718065646352e-02,        -3.395478946232e-02,        +1.414213562373e-01,        +3.739756430196e-05,        +5.313073263849e-05,        -5.647933114738e-02,        -1.750066512207e-02,        -3.342989167466e-02,        +8.627118004742e-03,        +1.738302429380e-02,        -3.014358144453e-02,        -1.453416517429e-03,        +2.422568845615e-02,        +2.718065646352e-02,        -3.395478946231e-02,        +1.327324522021e-01,        +5.338261772750e-03
 2.25600000e+02,        +1.414213562373e-01,        +2.562171549251e-02,        -5.704281837963e-02,        -1.934452138001e-05,        +7.061830811573e-05,        -1.171614037584e-04,        -2.000086812477e-04,        -4.104337172790e-05,        +2.617518290764e-04,        -5.524190429182e-07,        +1.523060639112e-04,        -1.093430091132e-04,        -1.054549462372e-04,        +4.190907407707e-05,        +5.205036572260e-05,        +1.414213562373e-01,        -1.934452137923e-05,        +7.061830811734e-05,        +9.708740627200e-02,        -1.274185832778e-02,        +4.331075578128e-02,        -3.831273857975e-02,        -1.185371409436e-02,        +3.442187176155e-02,        +2.733734569095e-02,        -3.553166360423e-02,        -4.672539005203e-02,        +4.762276546190e-03,        -5.644467569385e-02,        -1.466435179964e-02,        +1.414213562373e-01,        -1.171614037560e-04,        -2.000086812450e-04,        +4.331075578128e-02,        -3.831273857976e-02,        +8.368921780415e-02,        +5.535425408293e-03,        -3.875996685309e-02,        -4.253986626319e-02,        +2.054930508087e-02,        +2.104885295300e-03,        -3.509663051946e-02,        +3.252847608726e-02,        -3.235082310964e-02,        +1.040022763004e-02,        +1.414213562373e-01,        -4.104337172734e-05,        +2.617518290754e-04,        -1.185371409436e-02,        +3.442187176155e-02,        -3.875996685309e-02,        -4.253986626318e-02,        +6.603318932508e-02,        -2.986350224885e-02,        +1.632164748049e-03,        -3.079560271448e-02,        +2.058056028806e-02,        +1.448648733143e-04,        +1.550004743353e-02,        -3.029746048579e-02,        +1.414213562373e-01,        -5.524190436967e-07,        +1.523060639095e-04,        +2.733734569096e-02,        -3.553166360423e-02,        +2.054930508085e-02,        +2.104885295308e-03,        +1.632164748047e-03,        -3.079560271447e-02,        +6.447043207058e-02,        -3.176256133359e-02,        -3.344246727413e-02,        -4.110647707072e-02,        -9.183856743029e-04,        +2.559634899772e-02,        +1.414213562373e-01,        -1.093430091136e-04,        -1.054549462329e-04,        -4.672539005203e-02,        +4.762276546188e-03,        -3.509663051945e-02,        +3.252847608725e-02,        +2.058056028807e-02,        +1.448648732980e-04,        -3.344246727412e-02,        -4.110647707073e-02,        +7.906247120463e-02,        +4.203490314965e-03,        +2.496602099981e-02,        -3.600475150119e-02,        +1.414213562373e-01,        +4.190907407586e-05,        +5.205036572157e-05,        -5.644467569385e-02,        -1.466435179964e-02,        -3.235082310965e-02,        +1.040022763003e-02,        +1.550004743353e-02,        -3.029746048577e-02,        -9.183856742868e-04,        +2.559634899774e-02,        +2.496602099980e-02,        -3.600475150119e-02,        +1.319479035858e-01,        +5.802184460028e-03
 2.27200000e+02,        +1.414213562373e-01,        +2.313572965006e-02,        -5.275425637698e-02,        -9.812401448659e-06,        +7.134309510081e-05,        -1.331089894265e-04,        -1.912646233449e-04,        -1.349180893205e-05,        +2.628910132872e-04,        +2.274411955442e-05,        +1.595497403189e-04,        -1.305969759564e-04,        -9.772405789042e-05,        +4.641539506521e-05,        +5.021408244476e-05,        +1.414213562373e-01,        -9.812401448875e-06,        +7.134309510033e-05,        +9.609042123632e-02,        -1.314661598148e-02,        +4.078156795085e-02,        -4.151820617092e-02,        -1.072364938335e-02,        +3.658553057399e-02,        +2.534181817369e-02,        -3.616620011780e-02,        -4.583532073859e-02,        +7.619202640436e-03,        -5.615723597283e-02,        -1.193684445311e-02,        +1.414213562373e-01,        -1.331089894275e-04,        -1.912646233446e-04,        +4.078156795085e-02,        -4.151820617092e-02,        +8.445416520300e-02,        +7.566666428906e-03,        -3.996446105421e-02,        -4.348081347111e-02,        +2.011343567022e-02,        -1.886725826235e-03,        -3.144058974725e-02,        +3.624502393348e-02,        -3.121147146209e-02,        +1.213965397884e-02,        +1.414213562373e-01,        -1.349180893265e-05,        +2.628910132879e-04,        -1.072364938335e-02,        +3.658553057399e-02,        -3.996446105421e-02,        -4.348081347110e-02,        +6.285289548179e-02,        -2.544835838813e-02,        -1.609217401421e-03,        -2.782569694103e-02,        +1.985299337458e-02,        -3.729583824086e-03,        +1.376277206680e-02,        -3.040628946629e-02,        +1.414213562373e-01,        +2.274411955282e-05,        +1.595497403173e-04,        +2.534181817369e-02,        -3.616620011780e-02,        +2.011343567023e-02,        -1.886725826224e-03,        -1.609217401420e-03,        -2.782569694104e-02,        +6.095425952082e-02,        -2.702090892538e-02,        -3.472769170125e-02,        -4.257250388859e-02,        -7.365253939889e-05,        +2.689355882626e-02,        +1.414213562373e-01,        -1.305969759549e-04,        -9.772405789004e-05,        -4.583532073858e-02,        +7.619202640444e-03,        -3.144058974725e-02,        +3.624502393349e-02,        +1.985299337459e-02,        -3.729583824102e-03,        -3.472769170125e-02,        -4.257250388860e-02,        +7.981878959461e-02,        +6.609568775079e-03,        +2.254221368152e-02,        -3.781298334539e-02,        +1.414213562373e-01,        +4.641539506529e-05,        +5.021408244340e-05,        -5.615723597283e-02,        -1.193684445312e-02,        -3.121147146209e-02,        +1.213965397885e-02,        +1.376277206680e-02,        -3.040628946630e-02,        -7.365253937759e-05,        +2.689355882624e-02,        +2.254221368152e-02,        -3.781298334538e-02,        +1.311526450795e-01,        +6.294546533785e-03
 2.28800000e+02,        +1.414213562373e-01,        +2.093655821143e-02,        -4.853462694942e-02,        -4.940444278966e-07,        +7.054455056280e-05,        -1.478201206249e-04,        -1.801333445559e-04,        +1.385528104517e-05,        +2.599025481549e-04,        +4.693022636767e-05,        +1.625738687617e-04,        -1.506634613295e-04,        -8.697789337270e-05,        +5.076452826470e-05,        +4.773265153400e-05,        +1.414213562373e-01,        -4.940444279969e-07,        +7.054455056289e-05,        +9.495543493474e-02,        -1.354191660078e-02,        +3.796033797617e-02,        -4.445804532606e-02,        -9.255122311438e-03,        +3.860897801369e-02,        +2.343225172845e-02,        -3.679239053859e-02,        -4.475593286990e-02,        +1.043576706588e-02,        -5.564513127845e-02,        -9.342478827737e-03,        +1.414213562373e-01,        -1.478201206247e-04,        -1.801333445568e-04,        +3.796033797616e-02,        -4.445804532606e-02,        +8.534117082577e-02,        +9.253013229843e-03,        -4.154121395984e-02,        -4.413270550177e-02,        +1.904612788579e-02,        -5.491766222755e-03,        -2.747743658673e-02,        +3.938809107569e-02,        -2.998837039699e-02,        +1.383097577824e-02,        +1.414213562373e-01,        +1.385528104751e-05,        +2.599025481536e-04,        -9.255122311440e-03,        +3.860897801370e-02,        -4.154121395984e-02,        -4.413270550174e-02,        +6.053841744774e-02,        -2.097131898485e-02,        -3.948019983589e-03,        -2.476763184346e-02,        +1.854392850256e-02,        -7.187304753943e-03,        +1.213042624051e-02,        -3.049578777654e-02,        +1.414213562373e-01,        +4.693022636429e-05,        +1.625738687646e-04,        +2.343225172845e-02,        -3.679239053859e-02,        +1.904612788578e-02,        -5.491766222742e-03,        -3.948019983594e-03,        -2.476763184345e-02,        +5.838492933803e-02,        -2.219618814158e-02,        -3.641021214198e-02,        -4.370395446239e-02,        +1.028914120165e-03,        +2.807017114652e-02,        +1.414213562373e-01,        -1.506634613330e-04,        -8.697789337203e-05,        -4.475593286990e-02,        +1.043576706588e-02,        -2.747743658674e-02,        +3.938809107569e-02,        +1.854392850258e-02,        -7.187304753968e-03,        -3.641021214195e-02,        -4.370395446240e-02,        +8.069290369977e-02,        +8.672874718785e-03,        +1.995790770235e-02,        -3.937006800619e-02,        +1.414213562373e-01,        +5.076452826342e-05,        +4.773265153241e-05,        -5.564513127844e-02,        -9.342478827739e-03,        -2.998837039699e-02,        +1.383097577825e-02,        +1.213042624052e-02,        -3.049578777654e-02,        +1.028914120170e-03,        +2.807017114652e-02,        +1.995790770236e-02,        -3.937006800618e-02,        +1.303425573335e-01,        +6.824292720318e-03
 2.30400000e+02,        +1.414213562373e-01,        +1.899661283169e-02,        -4.438671918712e-02,        +8.420239564130e-06,        +6.835840882189e-05,        -1.610110175215e-04,        -1.670318844446e-04,        +4.029447144248e-05,        +2.531475357200e-04,        +7.124609519321e-05,        +1.616517063477e-04,        -1.692823221115e-04,        -7.362820893121e-05,        +5.486308931354e-05,        +4.470473246804e-05,        +1.414213562373e-01,        +8.420239564025e-06,        +6.835840882124e-05,        +9.367920953691e-02,        -1.389458734456e-02,        +3.489150341455e-02,        -4.711757595288e-02,        -7.500795462391e-03,        +4.045824044514e-02,        +2.156583618014e-02,        -3.741435062192e-02,        -4.347780910452e-02,        +1.317706326655e-02,        -5.493632440070e-02,        -6.900186109326e-03,        +1.414213562373e-01,        -1.610110175229e-04,        -1.670318844451e-04,        +3.489150341454e-02,        -4.711757595288e-02,        +8.628035443524e-02,        +1.064829256065e-02,        -4.336927746578e-02,        -4.448132370323e-02,        +1.749406662292e-02,        -8.672065772444e-03,        -2.329933685932e-02,        +4.198831545873e-02,        -2.866985082458e-02,        +1.545446672961e-02,        +1.414213562373e-01,        +4.029447144307e-05,        +2.531475357177e-04,        -7.500795462389e-03,        +4.045824044514e-02,        -4.336927746578e-02,        -4.448132370324e-02,        +5.895725969588e-02,        -1.657659478329e-02,        -5.526061868480e-03,        -2.178476053302e-02,        +1.679565875429e-02,        -1.020313720227e-02,        +1.056848082031e-02,        -3.057497260663e-02,        +1.414213562373e-01,        +7.124609519490e-05,        +1.616517063472e-04,        +2.156583618014e-02,        -3.741435062192e-02,        +1.749406662292e-02,        -8.672065772436e-03,        -5.526061868475e-03,        -2.178476053303e-02,        +5.661905918207e-02,        -1.744693283799e-02,        -3.836255238251e-02,        -4.449588057045e-02,        +2.340941293616e-03,        +2.909815991087e-02,        +1.414213562373e-01,        -1.692823221139e-04,        -7.362820893027e-05,        -4.347780910453e-02,        +1.317706326655e-02,        -2.329933685933e-02,        +4.198831545873e-02,        +1.679565875430e-02,        -1.020313720226e-02,        -3.836255238250e-02,        -4.449588057046e-02,        +8.162546268322e-02,        +1.045482021046e-02,        +1.725333356268e-02,        -4.067435356301e-02,        +1.414213562373e-01,        +5.486308931416e-05,        +4.470473246742e-05,        -5.493632440069e-02,        -6.900186109331e-03,        -2.866985082458e-02,        +1.545446672960e-02,        +1.056848082031e-02,        -3.057497260663e-02,        +2.340941293615e-03,        +2.909815991088e-02,        +1.725333356268e-02,        -4.067435356301e-02,        +1.295181269708e-01,        +7.401713071338e-03
 2.32000000e+02,        +1.414213562373e-01,        +1.729178411046e-02,        -4.031160506741e-02,        +1.677271067174e-05,        +6.490267013218e-05,        -1.724825888822e-04,        -1.523004682976e-04,        +6.529962912686e-05,        +2.429881489201e-04,        +9.511263798528e-05,        +1.570553869564e-04,        -1.862641848236e-04,        -5.799035694041e-05,        +5.864821346060e-05,        +4.121082088838e-05,        +1.414213562373e-01,        +1.677271067131e-05,        +6.490267013139e-05,        +9.226728710945e-02,        -1.417228496300e-02,        +3.161344764791e-02,        -4.948675733372e-02,        -5.506807762794e-03,        +4.211243086536e-02,        +1.971109383634e-02,        -3.802482169766e-02,        -4.200412823035e-02,        +1.580951620096e-02,        -5.405855211962e-02,        -4.624620939532e-03,        +1.414213562373e-01,        -1.724825888812e-04,        -1.523004682966e-04,        +3.161344764791e-02,        -4.948675733372e-02,        +8.723149510625e-02,        +1.180573297187e-02,        -4.535770944993e-02,        -4.453816212846e-02,        +1.557548181879e-02,        -1.141950890992e-02,        -1.897349100930e-02,        +4.407788210569e-02,        -2.725412903670e-02,        +1.698979172027e-02,        +1.414213562373e-01,        +6.529962912636e-05,        +2.429881489171e-04,        -5.506807762795e-03,        +4.211243086536e-02,        -4.535770944994e-02,        -4.453816212844e-02,        +5.798535499603e-02,        -1.235058672921e-02,        -6.478875196414e-03,        -1.897855922553e-02,        +1.472087234951e-02,        -1.277801158836e-02,        +9.050656222884e-03,        -3.064283299673e-02,        +1.414213562373e-01,        +9.511263798392e-05,        +1.570553869532e-04,        +1.971109383633e-02,        -3.802482169767e-02,        +1.557548181879e-02,        -1.141950890991e-02,        -6.478875196404e-03,        -1.897855922551e-02,        +5.552230162412e-02,        -1.286865026783e-02,        -4.049088223374e-02,        -4.496721409020e-02,        +3.820054015139e-03,        +2.996217654518e-02,        +1.414213562373e-01,        -1.862641848232e-04,        -5.799035694250e-05,        -4.200412823034e-02,        +1.580951620096e-02,        -1.897349100929e-02,        +4.407788210570e-02,        +1.472087234951e-02,        -1.277801158836e-02,        -4.049088223375e-02,        -4.496721409023e-02,        +8.258613865028e-02,        +1.201111607681e-02,        +1.446189044266e-02,        -4.172818293183e-02,        +1.414213562373e-01,        +5.864821346041e-05,        +4.121082088891e-05,        -5.405855211962e-02,        -4.624620939530e-03,        -2.725412903670e-02,        +1.698979172027e-02,        +9.050656222894e-03,        -3.064283299672e-02,        +3.820054015153e-03,        +2.996217654520e-02,        +1.446189044265e-02,        -4.172818293182e-02,        +1.286839200794e-01,        +8.036617498110e-03
 2.33600000e+02,        +1.414213562373e-01,        +1.580099832778e-02,        -3.630909669439e-02,        +2.441733448945e-05,        +6.028620327588e-05,        -1.820664192947e-04,        -1.362310681303e-04,        +8.844356632239e-05,        +2.297696174827e-04,        +1.180454526782e-04,        +1.490371364201e-04,        -2.014345558705e-04,        -4.031836945055e-05,        +6.206914351061e-05,        +3.731820747700e-05,        +1.414213562373e-01,        +2.441733448854e-05,        +6.028620327585e-05,        +9.073266070587e-02,        -1.434554509390e-02,        +2.816043462291e-02,        -5.155821088456e-02,        -3.312885363142e-03,        +4.355887072088e-02,        +1.784715616450e-02,        -3.861104176180e-02,        -4.034743382256e-02,        +1.830374498870e-02,        -5.303939402853e-02,        -2.526712914645e-03,        +1.414213562373e-01,        -1.820664192954e-04,        -1.362310681330e-04,        +2.816043462291e-02,        -5.155821088457e-02,        +8.817569506178e-02,        +1.277165943944e-02,        -4.744182170556e-02,        -4.432639638404e-02,        +1.338352930064e-02,        -1.374191605116e-02,        -1.454997799359e-02,        +4.568579177434e-02,        -2.574691738965e-02,        +1.841872666722e-02,        +1.414213562373e-01,        +8.844356632162e-05,        +2.297696174813e-04,        -3.312885363145e-03,        +4.355887072089e-02,        -4.744182170554e-02,        -4.432639638403e-02,        +5.751572538513e-02,        -8.341014649797e-03,        -6.926346477968e-03,        -1.640818676793e-02,        +1.240712500284e-02,        -1.492578429911e-02,        +7.558664944011e-03,        -3.069315389210e-02,        +1.414213562373e-01,        +1.180454526777e-04,        +1.490371364214e-04,        +1.784715616449e-02,        -3.861104176180e-02,        +1.338352930065e-02,        -1.374191605115e-02,        -6.926346477956e-03,        -1.640818676792e-02,        +5.497872754587e-02,        -8.514636433109e-03,        -4.272974177673e-02,        -4.514658406766e-02,        +5.430127129431e-03,        +3.065493510397e-02,        +1.414213562373e-01,        -2.014345558697e-04,        -4.031836945225e-05,        -4.034743382256e-02,        +1.830374498870e-02,        -1.454997799360e-02,        +4.568579177433e-02,        +1.240712500284e-02,        -1.492578429911e-02,        -4.272974177673e-02,        -4.514658406766e-02,        +8.356432664028e-02,        +1.338708816187e-02,        +1.161189145556e-02,        -4.253594693047e-02,        +1.414213562373e-01,        +6.206914351098e-05,        +3.731820747651e-05,        -5.303939402853e-02,        -2.526712914643e-03,        -2.574691738964e-02,        +1.841872666724e-02,        +7.558664944010e-03,        -3.069315389210e-02,        +5.430127129430e-03,        +3.065493510396e-02,        +1.161189145556e-02,        -4.253594693046e-02,        +1.278477216691e-01,        +8.737162013909e-03
 2.35200000e+02,        +1.414213562373e-01,        +1.450582685245e-02,        -3.237809119011e-02,        +3.121052906878e-05,        +5.462166585805e-05,        -1.896022252369e-04,        -1.191024369478e-04,        +1.093490562096e-04,        +2.138346072188e-04,        +1.395994375058e-04,        +1.378463673074e-04,        -2.146099796895e-04,        -2.084549466718e-05,        +6.507818376506e-05,        +3.309024843575e-05,        +1.414213562373e-01,        +3.121052906892e-05,        +5.462166585845e-05,        +8.909430083625e-02,        -1.438915090420e-02,        +2.456409078586e-02,        -5.332646954491e-02,        -9.532771378229e-04,        +4.479001245876e-02,        +1.596202769560e-02,        -3.915856793799e-02,        -3.852675424038e-02,        +2.063595278301e-02,        -5.190625063251e-02,        -6.138825127341e-04,        +1.414213562373e-01,        -1.896022252404e-04,        -1.191024369472e-04,        +2.456409078586e-02,        -5.332646954492e-02,        +8.910844951992e-02,        +1.358280212746e-02,        -4.957782285900e-02,        -4.387230453647e-02,        +1.099121767330e-02,        -1.565448788771e-02,        -1.006771235520e-02,        +4.683634209551e-02,        -2.415917268543e-02,        +1.972655743379e-02,        +1.414213562373e-01,        +1.093490562120e-04,        +2.138346072176e-04,        -9.532771378264e-04,        +4.479001245876e-02,        -4.957782285900e-02,        -4.387230453648e-02,        +5.746031016938e-02,        -4.571279900655e-03,        -6.970403266609e-03,        -1.410512997750e-02,        +9.922299853969e-03,        -1.666552444049e-02,        +6.081007177867e-03,        -3.071769740221e-02,        +1.414213562373e-01,        +1.395994375075e-04,        +1.378463673074e-04,        +1.596202769559e-02,        -3.915856793798e-02,        +1.099121767330e-02,        -1.565448788771e-02,        -6.970403266618e-03,        -1.410512997752e-02,        +5.489280736731e-02,        -4.411556944951e-03,        -4.503566488758e-02,        -4.506396699689e-02,        +7.140631222027e-03,        +3.117418000378e-02,        +1.414213562373e-01,        -2.146099796929e-04,        -2.084549466810e-05,        -3.852675424038e-02,        +2.063595278301e-02,        -1.006771235520e-02,        +4.683634209552e-02,        +9.922299853975e-03,        -1.666552444050e-02,        -4.503566488759e-02,        -4.506396699690e-02,        +8.456191534069e-02,        +1.461627898440e-02,        +8.727946747424e-03,        -4.310321414198e-02,        +1.414213562373e-01,        +6.507818376533e-05,        +3.309024843356e-05,        -5.190625063250e-02,        -6.138825127313e-04,        -2.415917268543e-02,        +1.972655743379e-02,        +6.081007177871e-03,        -3.071769740222e-02,        +7.140631222031e-03,        +3.117418000378e-02,        +8.727946747429e-03,        -4.310321414197e-02,        +1.270196036778e-01,        +9.509173511228e-03
 2.36800000e+02,        +1.414213562373e-01,        +1.339014548040e-02,        -2.851682946542e-02,        +3.701147329476e-05,        +4.803785905654e-05,        -1.949389034105e-04,        -1.012102185705e-04,        +1.276691420073e-04,        +1.955496336196e-04,        +1.593448812232e-04,        +1.237616091550e-04,        -2.255982979082e-04,        +1.801969787619e-07,        +6.762941090130e-05,        +2.859572560171e-05,        +1.414213562373e-01,        +3.701147329465e-05,        +4.803785905582e-05,        +8.737567659403e-02,        -1.428299496384e-02,        +2.085433130617e-02,        -5.478782438424e-02,        +1.542192539037e-03,        +4.580159568064e-02,        +1.405062452978e-02,        -3.965361125349e-02,        -3.656520528145e-02,        +2.278843849223e-02,        -5.068617439282e-02,        +1.109880796692e-03,        +1.414213562373e-01,        -1.949389034112e-04,        -1.012102185687e-04,        +2.085433130617e-02,        -5.478782438424e-02,        +9.003426639670e-02,        +1.426557332782e-02,        -5.173755949519e-02,        -4.320036899730e-02,        +8.456147326384e-03,        -1.717493094422e-02,        -5.558597564555e-03,        +4.754913577960e-02,        -2.250517976604e-02,        +2.090266077303e-02,        +1.414213562373e-01,        +1.276691420078e-04,        +1.955496336184e-04,        +1.542192539034e-03,        +4.580159568064e-02,        -5.173755949517e-02,        -4.320036899729e-02,        +5.774856134855e-02,        -1.050506392696e-03,        -6.696007579236e-03,        -1.208342655975e-02,        +7.319559722209e-03,        -1.801730204658e-02,        +4.611508578225e-03,        -3.070816295505e-02,        +1.414213562373e-01,        +1.593448812263e-04,        +1.237616091540e-04,        +1.405062452978e-02,        -3.965361125350e-02,        +8.456147326376e-03,        -1.717493094422e-02,        -6.696007579218e-03,        -1.208342655974e-02,        +5.518792149396e-02,        -5.703088409113e-04,        -4.738130116684e-02,        -4.474614236145e-02,        +8.925754032506e-03,        +3.152077785885e-02,        +1.414213562373e-01,        -2.255982979094e-04,        +1.801969812656e-07,        -3.656520528145e-02,        +2.278843849223e-02,        -5.558597564563e-03,        +4.754913577958e-02,        +7.319559722205e-03,        -1.801730204658e-02,        -4.738130116681e-02,        -4.474614236144e-02,        +8.558796149890e-02,        +1.572067294773e-02,        +5.831898647047e-03,        -4.343640018846e-02,        +1.414213562373e-01,        +6.762941090010e-05,        +2.859572560245e-05,        -5.068617439282e-02,        +1.109880796690e-03,        -2.250517976603e-02,        +2.090266077304e-02,        +4.611508578238e-03,        -3.070816295505e-02,        +8.925754032494e-03,        +3.152077785884e-02,        +5.831898647044e-03,        -4.343640018846e-02,        +1.262110414915e-01,        +1.035582969494e-02
 2.38400000e+02,        +1.414213562373e-01,        +1.243984012761e-02,        -2.472308910138e-02,        +4.168948202372e-05,        +4.068822985447e-05,        -1.979511990813e-04,        -8.288538745702e-05,        +1.430919646417e-04,        +1.753292613368e-04,        +1.768711936275e-04,        +1.071221300085e-04,        -2.342156389840e-04,        +2.247141942742e-05,        +6.968310912930e-05,        +2.391555106083e-05,        +1.414213562373e-01,        +4.168948202401e-05,        +4.068822985430e-05,        +8.560333366534e-02,        -1.401255269374e-02,        +1.705982622274e-02,        -5.594038217948e-02,        +4.147224810079e-03,        +4.659155866714e-02,        +1.211292554716e-02,        -4.008436754692e-02,        -3.448803788148e-02,        +2.474959260568e-02,        -4.940557938754e-02,        +2.643949829527e-03,        +1.414213562373e-01,        -1.979511990776e-04,        -8.288538745818e-05,        +1.705982622273e-02,        -5.594038217948e-02,        +9.096257651735e-02,        +1.483634977001e-02,        -5.390395586409e-02,        -4.233069302427e-02,        +5.824485320363e-03,        -1.832082163970e-02,        -1.050303411905e-03,        +4.783967231433e-02,        -2.080098721966e-02,        +2.194059391853e-02,        +1.414213562373e-01,        +1.430919646406e-04,        +1.753292613376e-04,        +4.147224810078e-03,        +4.659155866714e-02,        -5.390395586409e-02,        -4.233069302427e-02,        +5.832477058772e-02,        +2.219729684582e-03,        -6.173433577250e-03,        -1.034653845867e-02,        +4.641365517365e-03,        -1.900004554906e-02,        +3.147910620169e-03,        -3.065731108410e-02,        +1.414213562373e-01,        +1.768711936242e-04,        +1.071221300086e-04,        +1.211292554716e-02,        -4.008436754692e-02,        +5.824485320363e-03,        -1.832082163970e-02,        -6.173433577251e-03,        -1.034653845866e-02,        +5.580353665279e-02,        +3.006707878444e-03,        -4.975051990263e-02,        -4.421445493183e-02,        +1.076358024546e-02,        +3.169752594112e-02,        +1.414213562373e-01,        -2.342156389831e-04,        +2.247141942843e-05,        -3.448803788149e-02,        +2.474959260568e-02,        -1.050303411914e-03,        +4.783967231433e-02,        +4.641365517371e-03,        -1.900004554906e-02,        -4.975051990263e-02,        -4.421445493183e-02,        +8.665482350640e-02,        +1.671163241415e-02,        +2.943388330064e-03,        -4.354265128545e-02,        +1.414213562373e-01,        +6.968310912922e-05,        +2.391555106141e-05,        -4.940557938753e-02,        +2.643949829527e-03,        -2.080098721964e-02,        +2.194059391853e-02,        +3.147910620163e-03,        -3.065731108411e-02,        +1.076358024545e-02,        +3.169752594112e-02,        +2.943388330076e-03,        -4.354265128543e-02,        +1.254341272078e-01,        +1.127758673839e-02
 2.40000000e+02,        +1.414213562373e-01,        +1.164255498808e-02,        -2.099432729328e-02,        +4.513547730910e-05,        +3.275332455700e-05,        -1.985637753020e-04,        -6.449738933908e-05,        +1.553624743238e-04,        +1.536482957747e-04,        +1.918113928122e-04,        +8.834808586149e-05,        -2.403127085511e-04,        +4.569236976570e-05,        +7.121356715302e-05,        +1.914507112923e-05,        +1.414213562373e-01,        +4.513547730922e-05,        +3.275332455722e-05,        +8.380556345646e-02,        -1.356904530392e-02,        +1.320815644887e-02,        -5.678413004918e-02,        +6.838355434888e-03,        +4.715937532646e-02,        +1.015234837760e-02,        -4.044169002841e-02,        -3.232105246673e-02,        +2.651358052744e-02,        -4.808988427172e-02,        +3.990932807543e-03,        +1.414213562373e-01,        -1.985637753000e-04,        -6.449738933905e-05,        +1.320815644887e-02,        -5.678413004918e-02,        +9.190460709830e-02,        +1.530225397455e-02,        -5.606724627571e-02,        -4.127782513237e-02,        +3.134129745297e-03,        -1.910826267714e-02,        +3.431881037877e-03,        +4.772006503623e-02,        -1.906315272295e-02,        +2.283788764319e-02,        +1.414213562373e-01,        +1.553624743210e-04,        +1.536482957737e-04,        +6.838355434886e-03,        +4.715937532646e-02,        -5.606724627571e-02,        -4.127782513237e-02,        +5.914508716951e-02,        +5.241023722899e-03,        -5.460860407530e-03,        -8.891882828667e-03,        +1.922599813898e-03,        -1.963055589914e-02,        +1.690627760158e-03,        -3.055953443769e-02,        +1.414213562373e-01,        +1.918113928107e-04,        +8.834808585851e-05,        +1.015234837760e-02,        -4.044169002842e-02,        +3.134129745299e-03,        -1.910826267715e-02,        -5.460860407517e-03,        -8.891882828672e-03,        +5.669207972335e-02,        +6.320842435136e-03,        -5.213448977148e-02,        -4.348391646520e-02,        +1.263540856947e-02,        +3.170838764971e-02,        +1.414213562373e-01,        -2.403127085494e-04,        +4.569236976709e-05,        -3.232105246673e-02,        +2.651358052744e-02,        +3.431881037862e-03,        +4.772006503622e-02,        +1.922599813919e-03,        -1.963055589916e-02,        -5.213448977145e-02,        -4.348391646516e-02,        +8.777532066065e-02,        +1.759109881550e-02,        +8.017564437728e-05,        -4.342977261699e-02,        +1.414213562373e-01,        +7.121356715318e-05,        +1.914507112954e-05,        -4.808988427172e-02,        +3.990932807539e-03,        -1.906315272293e-02,        +2.283788764319e-02,        +1.690627760158e-03,        -3.055953443769e-02,        +1.263540856946e-02,        +3.170838764970e-02,        +8.017564438885e-05,        -4.342977261699e-02,        +1.247008961059e-01,        +1.227227937181e-02
