        f (GHz),            V_inc[1][1] (V),            Re{V[1][1]} (V),            Im{V[1][1]} (V),            Re{V[2][1]} (V),            Im{V[2][1]} (V),            Re{V[3][1]} (V),            Im{V[3][1]} (V),            Re{V[4][1]} (V),            Im{V[4][1]} (V),            V_inc[2][2] (V),            Re{V[1][2]} (V),            Im{V[1][2]} (V),            Re{V[2][2]} (V),            Im{V[2][2]} (V),            Re{V[3][2]} (V),            Im{V[3][2]} (V),            Re{V[4][2]} (V),            Im{V[4][2]} (V),            V_inc[3][3] (V),            Re{V[1][3]} (V),            Im{V[1][3]} (V),            Re{V[2][3]} (V),            Im{V[2][3]} (V),            Re{V[3][3]} (V),            Im{V[3][3]} (V),            Re{V[4][3]} (V),            Im{V[4][3]} (V),            V_inc[4][4] (V),            Re{V[1][4]} (V),            Im{V[1][4]} (V),            Re{V[2][4]} (V),            Im{V[2][4]} (V),            Re{V[3][4]} (V),            Im{V[3][4]} (V),            Re{V[4][4]} (V),            Im{V[4][4]} (V)
 8.00000000e+01,        +7.071067811865e+00,        +3.463441783291e+00,        +1.453254783907e+00,        +1.971145727243e+00,        -2.239303283637e+00,        +6.706080983273e-01,        -3.589805402118e+00,        +1.402384141794e+00,        -2.643442729141e+00,        +7.071067811865e+00,        +1.971145727243e+00,        -2.239303283637e+00,        +3.463150868599e+00,        +1.451342763287e+00,        +1.403511437864e+00,        -2.643624938570e+00,        +6.706268356594e-01,        -3.589839450616e+00,        +7.071067811865e+00,        +6.706080983273e-01,        -3.589805402118e+00,        +1.403511437864e+00,        -2.643624938570e+00,        +3.463017323977e+00,        +1.452945338758e+00,        +1.970627427360e+00,        -2.238456598641e+00,        +7.071067811865e+00,        +1.402384141794e+00,        -2.643442729141e+00,        +6.706268356594e-01,        -3.589839450616e+00,        +1.970627427360e+00,        -2.238456598641e+00,        +3.463327786139e+00,        +1.454745200241e+00
 8.16000000e+01,        +7.071067811865e+00,        +3.491635638765e+00,        +1.509781774073e+00,        +1.939574596491e+00,        -2.253969123478e+00,        +5.746236069382e-01,        -3.623010492855e+00,        +1.340798031700e+00,        -2.659109943403e+00,        +7.071067811865e+00,        +1.939574596491e+00,        -2.253969123478e+00,        +3.491320963191e+00,        +1.507842476094e+00,        +1.341930266515e+00,        -2.659337318713e+00,        +5.746412524934e-01,        -3.623047157990e+00,        +7.071067811865e+00,        +5.746236069382e-01,        -3.623010492855e+00,        +1.341930266515e+00,        -2.659337318713e+00,        +3.491211658524e+00,        +1.509504052769e+00,        +1.939067124976e+00,        -2.253071706344e+00,        +7.071067811865e+00,        +1.340798031700e+00,        -2.659109943403e+00,        +5.746412524934e-01,        -3.623047157990e+00,        +1.939067124976e+00,        -2.253071706344e+00,        +3.491547609058e+00,        +1.511330077836e+00
 8.32000000e+01,        +7.071067811865e+00,        +3.522662138205e+00,        +1.566439229871e+00,        +1.908978732635e+00,        -2.268188893309e+00,        +4.770592348739e-01,        -3.654499453865e+00,        +1.278932058636e+00,        -2.673349154250e+00,        +7.071067811865e+00,        +1.908978732635e+00,        -2.268188893309e+00,        +3.522323403923e+00,        +1.564474383031e+00,        +1.280066934443e+00,        -2.673622857848e+00,        +4.770755336453e-01,        -3.654538752228e+00,        +7.071067811865e+00,        +4.770592348739e-01,        -3.654499453865e+00,        +1.280066934443e+00,        -2.673622857848e+00,        +3.522240788594e+00,        +1.566195562954e+00,        +1.908484440017e+00,        -2.267239678535e+00,        +7.071067811865e+00,        +1.278932058636e+00,        -2.673349154250e+00,        +4.770755336453e-01,        -3.654538752228e+00,        +1.908484440017e+00,        -2.267239678535e+00,        +3.522602837673e+00,        +1.568045992417e+00
 8.48000000e+01,        +7.071067811865e+00,        +3.556600385926e+00,        +1.623104313910e+00,        +1.879387063665e+00,        -2.282047539424e+00,        +3.778693271325e-01,        -3.684219290432e+00,        +1.216784687529e+00,        -2.686143951172e+00,        +7.071067811865e+00,        +1.879387063665e+00,        -2.282047539424e+00,        +3.556237405978e+00,        +1.621115721362e+00,        +1.217919791436e+00,        -2.686465077337e+00,        +3.778840196974e-01,        -3.684261218386e+00,        +7.071067811865e+00,        +3.778693271325e-01,        -3.684219290432e+00,        +1.217919791436e+00,        -2.686465077337e+00,        +3.556184031811e+00,        +1.622897039767e+00,        +1.878908423900e+00,        -2.281045522282e+00,        +7.071067811865e+00,        +1.216784687529e+00,        -2.686143951172e+00,        +3.778840196974e-01,        -3.684261218385e+00,        +1.878908423900e+00,        -2.281045522282e+00,        +3.556572688053e+00,        +1.624770008348e+00
 8.64000000e+01,        +7.071067811865e+00,        +3.593527592215e+00,        +1.679647020632e+00,        +1.850825244158e+00,        -2.295633781482e+00,        +2.770067048503e-01,        -3.712108856413e+00,        +1.154354092196e+00,        -2.697473049841e+00,        +7.071067811865e+00,        +1.850825244158e+00,        -2.295633781482e+00,        +3.593140299338e+00,        +1.677636555994e+00,        +1.155486892959e+00,        -2.697842617941e+00,        +2.770195281633e-01,        -3.712153390145e+00,        +7.071067811865e+00,        +2.770067048503e-01,        -3.712108856413e+00,        +1.155486892959e+00,        -2.697842617941e+00,        +3.593118823545e+00,        +1.679478473515e+00,        +1.850364857957e+00,        -2.294578025964e+00,        +7.071067811865e+00,        +1.154354092196e+00,        -2.697473049841e+00,        +2.770195281633e-01,        -3.712153390145e+00,        +1.850364857957e+00,        -2.294578025964e+00,        +3.593534483807e+00,        +1.681372013795e+00
 8.80000000e+01,        +7.071067811865e+00,        +3.633518726049e+00,        +1.735929717602e+00,        +1.823315352448e+00,        -2.309040317473e+00,        +1.744231966993e-01,        -3.738098279740e+00,        +1.091638640191e+00,        -2.707309967211e+00,        +7.071067811865e+00,        +1.823315352448e+00,        -2.309040317473e+00,        +3.633107181733e+00,        +1.733899320100e+00,        +1.092766484979e+00,        -2.707728914207e+00,        +1.744338848622e-01,        -3.738145375360e+00,        +7.071067811865e+00,        +1.744231966993e-01,        -3.738098279740e+00,        +1.092766484979e+00,        -2.707728914207e+00,        +3.633120369671e+00,        +1.735802214151e+00,        +1.822875950441e+00,        -2.307929965004e+00,        +7.071067811865e+00,        +1.091638640191e+00,        -2.707309967211e+00,        +1.744338848622e-01,        -3.738145375360e+00,        +1.822875950441e+00,        -2.307929965004e+00,        +3.633563308634e+00,        +1.737714261333e+00
 8.96000000e+01,        +7.071067811865e+00,        +3.676646093770e+00,        +1.791806666111e+00,        +1.796875528553e+00,        -2.322364032654e+00,        +7.007024205406e-02,        -3.762108382488e+00,        +1.028637434633e+00,        -2.715622707930e+00,        +7.071067811865e+00,        +1.796875528553e+00,        -2.322364032654e+00,        +3.676210497571e+00,        +1.789758335005e+00,        +1.029757545854e+00,        -2.716091880107e+00,        +7.007852701338e-02,        -3.762157976220e+00,        +7.071067811865e+00,        +7.007024205406e-02,        -3.762108382488e+00,        +1.029757545854e+00,        -2.716091880107e+00,        +3.676261225170e+00,        +1.791722490247e+00,        +1.796459974200e+00,        -2.321198311591e+00,        +7.071067811865e+00,        +1.028637434633e+00,        -2.715622707930e+00,        +7.007852701338e-02,        -3.762157976220e+00,        +1.796459974200e+00,        -2.321198311591e+00,        +3.676731584827e+00,        +1.793650887867e+00
 9.12000000e+01,        +7.071067811865e+00,        +3.722978834948e+00,        +1.847123526433e+00,        +1.771519546284e+00,        -2.335706206384e+00,        -3.610042609875e-02,        -3.784050099916e+00,        +9.653509187814e-01,        -2.722373467111e+00,        +7.071067811865e+00,        +1.771519546284e+00,        -2.335706206384e+00,        +3.722519534096e+00,        +1.845059314681e+00,        +9.664603910237e-01,        -2.722893610989e+00,        -3.609481402580e-02,        -3.784102108392e+00,        +7.071067811865e+00,        -3.610042609875e-02,        -3.784050099916e+00,        +9.664603910237e-01,        -2.722893610989e+00,        +3.722610789755e+00,        +1.847084912483e+00,        +1.771130838439e+00,        -2.334484442315e+00,        +7.071067811865e+00,        +9.653509187814e-01,        -2.722373467111e+00,        -3.609481402580e-02,        -3.784102108392e+00,        +1.771130838439e+00,        -2.334484442315e+00,        +3.723108568997e+00,        +1.849027419162e+00
 9.28000000e+01,        +7.071067811865e+00,        +3.772582326257e+00,        +1.901716854515e+00,        +1.747256312819e+00,        -2.349172709495e+00,        -1.441360100038e-01,        -3.803823904240e+00,        +9.017815493532e-01,        -2.727518355880e+00,        +7.071067811865e+00,        +1.747256312819e+00,        -2.349172709495e+00,        +3.772099825638e+00,        +1.899638861537e+00,        +9.028773465234e-01,        -2.728090108295e+00,        -1.441333419260e-01,        -3.803878224865e+00,        +7.071067811865e+00,        -1.441360100038e-01,        -3.803823904240e+00,        +9.028773465234e-01,        -2.728090108295e+00,        +3.772234711339e+00,        +1.901725968437e+00,        +1.746897587884e+00,        -2.347894336323e+00,        +7.071067811865e+00,        +9.017815493532e-01,        -2.727518355879e+00,        -1.441333419260e-01,        -3.803878224865e+00,        +1.746897587884e+00,        -2.347894336323e+00,        +3.772759755892e+00,        +1.903680265692e+00
 9.44000000e+01,        +7.071067811865e+00,        +3.825517483865e+00,        +1.955413598480e+00,        +1.724089288987e+00,        -2.362874183252e+00,        -2.540817788031e-01,        -3.821319240629e+00,        +8.379345447630e-01,        -2.731007157639e+00,        +7.071067811865e+00,        +1.724089288987e+00,        -2.362874183252e+00,        +3.825012456464e+00,        +1.953323961830e+00,        +8.390134974258e-01,        -2.731631034966e+00,        -2.540823275527e-01,        -3.821375751854e+00,        +7.071067811865e+00,        -2.540817788031e-01,        -3.821319240629e+00,        +8.390134974258e-01,        -2.731631034966e+00,        +3.825194187801e+00,        +1.955472517114e+00,        +1.723763822633e+00,        -2.361538755035e+00,        +7.071067811865e+00,        +8.379345447630e-01,        -2.731007157639e+00,        -2.540823275527e-01,        -3.821375751854e+00,        +1.723763822633e+00,        -2.361538755035e+00,        +3.825746180824e+00,        +1.957436218063e+00
 9.60000000e+01,        +7.071067811865e+00,        +3.881839954661e+00,        +2.008030605272e+00,        +1.702015823697e+00,        -2.376926189219e+00,        -3.659800938275e-01,        -3.836413984776e+00,        +7.738187143601e-01,        -2.732783124822e+00,        +7.071067811865e+00,        +1.702015823697e+00,        -2.376926189219e+00,        +3.881313252516e+00,        +2.005931490850e+00,        +7.748775172724e-01,        -2.733459511292e+00,        -3.659841348854e-01,        -3.836472545956e+00,        +7.071067811865e+00,        -3.659800938275e-01,        -3.836413984776e+00,        +7.748775172724e-01,        -2.733459511292e+00,        +3.881545157392e+00,        +2.008141293536e+00,        +1.701727032190e+00,        -2.375533392789e+00,        +7.071067811865e+00,        +7.738187143601e-01,        -2.732783124822e+00,        -3.659841348854e-01,        -3.836472545956e+00,        +1.701727032190e+00,        -2.375533392789e+00,        +3.882123610954e+00,        +2.010111952122e+00
 9.76000000e+01,        +7.071067811865e+00,        +3.941599186717e+00,        +2.059374149924e+00,        +1.681026396283e+00,        -2.391449317326e+00,        -4.798693182699e-01,        -3.848973933659e+00,        +7.094473744827e-01,        -2.732782827882e+00,        +7.071067811865e+00,        +1.681026396283e+00,        -2.391449317326e+00,        +3.941051852230e+00,        +2.057267740223e+00,        +7.104825842562e-01,        -2.733511962875e+00,        -4.798771312351e-01,        -3.849034383983e+00,        +7.071067811865e+00,        -4.798693182699e-01,        -3.848973933659e+00,        +7.104825842562e-01,        -2.733511962875e+00,        +3.941337368183e+00,        +2.059538435936e+00,        +1.680777837511e+00,        -2.389998985809e+00,        +7.071067811865e+00,        +7.094473744827e-01,        -2.732782827882e+00,        -4.798771312351e-01,        -3.849034383983e+00,        +1.680777837511e+00,        -2.389998985809e+00,        +3.941941615554e+00,        +2.061513556037e+00
 9.92000000e+01,        +7.071067811865e+00,        +4.004837369669e+00,        +2.109239502419e+00,        +1.661103761286e+00,        -2.406569237195e+00,        -5.957826022300e-01,        -3.858852343555e+00,        +6.448393565313e-01,        -2.730936070609e+00,        +7.071067811865e+00,        +1.661103761286e+00,        -2.406569237195e+00,        +4.004270646830e+00,        +2.107127982278e+00,        +6.458473893953e-01,        -2.731718034616e+00,        -5.957944723722e-01,        -3.858914499543e+00,        +7.071067811865e+00,        -5.957826022300e-01,        -3.858852343555e+00,        +6.458473893953e-01,        -2.731718034616e+00,        +4.004613317299e+00,        +2.109459050463e+00,        +1.660899135514e+00,        -2.405061364728e+00,        +7.071067811865e+00,        +6.448393565313e-01,        -2.730936070609e+00,        -5.957944723722e-01,        -3.858914499543e+00,        +1.660899135514e+00,        -2.405061364728e+00,        +4.005242505437e+00,        +2.111436094313e+00
 1.00800000e+02,        +7.071067811865e+00,        +4.071588236417e+00,        +2.157410549860e+00,        +1.642221991210e+00,        -2.422416675288e+00,        -7.137465347318e-01,        -3.865889532209e+00,        +5.800201112660e-01,        -2.727165888335e+00,        +7.071067811865e+00,        +1.642221991210e+00,        -2.422416675288e+00,        +4.071003581082e+00,        +2.155296089398e+00,        +5.809972410638e-01,        -2.728000587186e+00,        -7.137627537374e-01,        -3.865953183549e+00,        +7.071067811865e+00,        -7.137465347318e-01,        -3.865889532209e+00,        +5.809972410638e-01,        -2.728000587186e+00,        +4.071407051338e+00,        +2.157686831039e+00,        +1.642065141415e+00,        -2.420851433411e+00,        +7.071067811865e+00,        +5.800201112660e-01,        -2.727165888335e+00,        -7.137627537374e-01,        -3.865953183549e+00,        +1.642065141415e+00,        -2.420851433411e+00,        +4.072060132430e+00,        +2.159663226843e+00
 1.02400000e+02,        +7.071067811865e+00,        +4.141875718696e+00,        +2.203659494700e+00,        +1.624345414436e+00,        -2.439127297724e+00,        -8.337796553887e-01,        -3.869912565100e+00,        +5.150229120073e-01,        -2.721388648387e+00,        +7.071067811865e+00,        +1.624345414436e+00,        -2.439127297724e+00,        +4.141274806926e+00,        +2.201544229665e+00,        +5.159652688566e-01,        -2.722275795291e+00,        -8.338005202713e-01,        -3.869977469274e+00,        +7.071067811865e+00,        -8.337796553887e-01,        -3.869912565100e+00,        +5.159652688566e-01,        -2.722275795291e+00,        +4.141742820436e+00,        +2.203993754991e+00,        +1.624240325667e+00,        -2.437505053901e+00,        +7.071067811865e+00,        +5.150229120073e-01,        -2.721388648387e+00,        -8.338005202712e-01,        -3.869977469274e+00,        +1.624240325667e+00,        -2.437505053901e+00,        +4.142418541242e+00,        +2.205966904578e+00
 1.04000000e+02,        +7.071067811865e+00,        +4.215712450811e+00,        +2.247746653052e+00,        +1.607427447644e+00,        -2.456841475770e+00,        -9.558908200688e-01,        -3.870735049101e+00,        +4.498901572679e-01,        -2.713514275045e+00,        +7.071067811865e+00,        +1.607427447644e+00,        -2.456841475770e+00,        +4.215097184529e+00,        +2.245632663396e+00,        +4.507937275967e-01,        -2.714453370210e+00,        -9.559166296439e-01,        -3.870800925941e+00,        +7.071067811865e+00,        -9.558908200688e-01,        -3.870735049101e+00,        +4.507937275967e-01,        -2.714453370210e+00,        +4.215633580039e+00,        +2.248139878409e+00,        +1.607378244574e+00,        -2.455162814186e+00,        +7.071067811865e+00,        +4.498901572679e-01,        -2.713514275045e+00,        -9.559166296439e-01,        -3.870800925941e+00,        +1.607378244574e+00,        -2.455162814186e+00,        +4.216330468526e+00,        +2.250107166712e+00
 1.05600000e+02,        +7.071067811865e+00,        +4.293098118264e+00,        +2.289420380568e+00,        +1.591409325055e+00,        -2.475703908050e+00,        -1.080077417312e+00,        -3.868157060332e+00,        +3.846747704432e-01,        -2.703446624198e+00,        +7.071067811865e+00,        +1.591409325055e+00,        -2.475703908050e+00,        +4.292470628215e+00,        +2.287309668252e+00,        +3.855353991815e-01,        -2.704436932210e+00,        -1.080108466533e+00,        -3.868223587839e+00,        +7.071067811865e+00,        -1.080077417312e+00,        -3.868157060332e+00,        +3.855353991815e-01,        -2.704436932209e+00,        +4.293079336876e+00,        +2.289873258848e+00,        +1.591420266827e+00,        -2.473969652349e+00,        +7.071067811865e+00,        +3.846747704432e-01,        -2.703446624198e+00,        -1.080108466533e+00,        -3.868223587839e+00,        +1.591420266827e+00,        -2.473969652349e+00,        +4.293795686944e+00,        +2.291832067120e+00
 1.07200000e+02,        +7.071067811865e+00,        +4.374017651316e+00,        +2.328417156878e+00,        +1.576218730582e+00,        -2.495863070668e+00,        -1.206323435513e+00,        -3.861965236599e+00,        +3.194416904623e-01,        -2.691084035865e+00,        +7.071067811865e+00,        +1.576218730582e+00,        -2.495863070668e+00,        +4.373380297895e+00,        +2.326311623574e+00,        +3.202550859498e-01,        -2.692124561284e+00,        -1.206360008750e+00,        -3.862032048823e+00,        +7.071067811865e+00,        -1.206323435513e+00,        -3.861965236598e+00,        +3.202550859498e-01,        -2.692124561284e+00,        +4.374065338995e+00,        +2.328930036607e+00,        +1.576294202388e+00,        -2.494074307903e+00,        +7.071067811865e+00,        +3.194416904624e-01,        -2.691084035865e+00,        -1.206360008750e+00,        -3.862032048823e+00,        +1.576294202388e+00,        -2.494074307903e+00,        +4.374799195196e+00,        +2.330877760427e+00
 1.08800000e+02,        +7.071067811865e+00,        +4.458439267765e+00,        +2.364461863107e+00,        +1.561768343680e+00,        -2.517470463688e+00,        -1.334597385135e+00,        -3.851933068336e+00,        +2.542694426258e-01,        -2.676320095455e+00,        +7.071067811865e+00,        +1.561768343680e+00,        -2.517470463688e+00,        +4.457794640423e+00,        +2.362363287716e+00,        +2.550311844614e-01,        -2.677409557164e+00,        -1.334639749607e+00,        -3.851999755211e+00,        +7.071067811865e+00,        -1.334597385135e+00,        -3.851933068336e+00,        +2.550311844614e-01,        -2.677409557164e+00,        +4.458560114178e+00,        +2.365034709401e+00,        +1.561912844960e+00,        -2.515628568760e+00,        +7.071067811865e+00,        +2.542694426259e-01,        -2.676320095455e+00,        -1.334639749607e+00,        -3.851999755211e+00,        +1.561912844960e+00,        -2.515628568760e+00,        +4.459309258452e+00,        +2.366968781166e+00
 1.10400000e+02,        +7.071067811865e+00,        +4.546312374619e+00,        +2.397268290203e+00,        +1.547954315500e+00,        -2.540679620061e+00,        -1.464850085539e+00,        -3.837821425250e+00,        +1.892517730936e-01,        -2.659044637073e+00,        +7.071067811865e+00,        +1.547954315500e+00,        -2.540679620061e+00,        +4.545663290144e+00,        +2.395178305658e+00,        +1.899573229486e-01,        -2.660181441720e+00,        -1.464898485622e+00,        -3.837887533620e+00,        +7.071067811865e+00,        -1.464850085539e+00,        -3.837821425250e+00,        +1.899573229486e-01,        -2.660181441720e+00,        +4.546513366573e+00,        +2.397900638321e+00,        +1.548172444904e+00,        -2.538786280142e+00,        +7.071067811865e+00,        +1.892517730936e-01,        -2.659044637073e+00,        -1.464898485622e+00,        -3.837887533620e+00,        +1.548172444904e+00,        -2.538786280142e+00,        +4.547275308226e+00,        +2.399818553032e+00
 1.12000000e+02,        +7.071067811865e+00,        +4.637565344948e+00,        +2.426539918629e+00,        +1.534654698982e+00,        -2.565644841291e+00,        -1.597012332634e+00,        -3.819379358688e+00,        +1.244993234980e-01,        -2.639145024038e+00,        +7.071067811865e+00,        +1.534654698982e+00,        -2.565644841291e+00,        +4.636914844338e+00,        +2.424459987356e+00,        +1.251440389392e-01,        -2.640327238688e+00,        -1.597066985071e+00,        -3.819444393717e+00,        +7.071067811865e+00,        -1.597012332634e+00,        -3.819379358688e+00,        +1.251440389392e-01,        -2.640327238688e+00,        +4.637853747908e+00,        +2.427230825678e+00,        +1.534951136219e+00,        -2.563702080046e+00,        +7.071067811865e+00,        +1.244993234980e-01,        -2.639145024038e+00,        -1.597066985071e+00,        -3.819444393717e+00,        +1.534951136219e+00,        -2.563702080046e+00,        +4.638625717143e+00,        +2.429130168748e+00
 1.13600000e+02,        +7.071067811865e+00,        +4.732103194131e+00,        +2.451971011952e+00,        +1.521727864817e+00,        -2.592519623305e+00,        -1.730992471405e+00,        -3.796345221834e+00,        +6.014131386585e-02,        -2.616507742607e+00,        +7.071067811865e+00,        +1.521727864817e+00,        -2.592519623305e+00,        +4.731454537410e+00,        +2.449902399687e+00,        +6.072046539955e-02,        -2.617733066634e+00,        -1.731053561033e+00,        -3.796408648251e+00,        +7.071067811865e+00,        -1.730992471405e+00,        -3.796345221834e+00,        +6.072046539956e-02,        -2.617733066634e+00,        +4.732486527566e+00,        +2.452719007284e+00,        +1.522107349304e+00,        -2.590529824819e+00,        +7.071067811865e+00,        +6.014131386587e-02,        -2.616507742607e+00,        -1.731053561033e+00,        -3.796408648251e+00,        +1.522107349304e+00,        -2.590529824819e+00,        +4.733265472304e+00,        +2.454597483543e+00
 1.15200000e+02,        +7.071067811865e+00,        +4.829805189006e+00,        +2.473248067743e+00,        +1.509010944825e+00,        -2.621454736498e+00,        -1.866673906678e+00,        -3.768448150709e+00,        -3.672807551325e-03,        -2.591020344468e+00,        +7.071067811865e+00,        +1.509010944825e+00,        -2.621454736498e+00,        +4.829161847193e+00,        +2.471191815744e+00,        -3.164015829874e-03,        -2.592286080776e+00,        -1.866741582178e+00,        -3.768509393798e+00,        +7.071067811865e+00,        -1.866673906678e+00,        -3.768448150709e+00,        -3.164015829864e-03,        -2.592286080775e+00,        +4.830291194980e+00,        +2.474051102624e+00,        +1.509478250897e+00,        -2.619420668767e+00,        +7.071067811865e+00,        -3.672807551310e-03,        -2.591020344468e+00,        -1.866741582178e+00,        -3.768509393798e+00,        +1.509478250897e+00,        -2.619420668767e+00,        +4.831073780634e+00,        +2.475906566197e+00
 1.16800000e+02,        +7.071067811865e+00,        +4.930522434010e+00,        +2.490051668456e+00,        +1.496318355081e+00,        -2.652595926246e+00,        -2.003912596063e+00,        -3.735409948331e+00,        -6.677179972776e-02,        -2.562573771269e+00,        +7.071067811865e+00,        +1.496318355081e+00,        -2.652595926246e+00,        +4.929888077539e+00,        +2.488008564482e+00,        -6.633820538620e-02,        -2.563876797051e+00,        -2.003986965347e+00,        -3.735468394778e+00,        +7.071067811865e+00,        -2.003912596063e+00,        -3.735409948331e+00,        -6.633820538619e-02,        -2.563876797051e+00,        +4.931119038413e+00,        +2.490907065717e+00,        +1.496878263386e+00,        -2.650520763926e+00,        +7.071067811865e+00,        -6.677179972774e-02,        -2.562573771269e+00,        -2.003986965347e+00,        -3.735468394778e+00,        +1.496878263386e+00,        -2.650520763926e+00,        +4.931901650485e+00,        +2.492737550751e+00
 1.18400000e+02,        +7.071067811865e+00,        +5.034075490156e+00,        +2.502058772169e+00,        +1.483440462933e+00,        -2.686081204780e+00,        -2.142534580760e+00,        -3.696947411590e+00,        -1.289612135685e-01,        -2.531065089873e+00,        +7.071067811865e+00,        +1.483440462933e+00,        -2.686081204780e+00,        +5.033453973172e+00,        +2.500029320761e+00,        -1.286076664672e-01,        -2.532401827312e+00,        -2.142615705793e+00,        -3.697002410481e+00,        +7.071067811865e+00,        -2.142534580760e+00,        -3.696947411590e+00,        -1.286076664672e-01,        -2.532401827312e+00,        +5.034790755965e+00,        +2.502963176719e+00,        +1.484097727684e+00,        -2.683968550710e+00,        +7.071067811865e+00,        -1.289612135685e-01,        -2.531065089873e+00,        -2.142615705792e+00,        -3.697002410481e+00,        +1.484097727683e+00,        -2.683968550710e+00,        +5.035569505582e+00,        +2.504766929003e+00
 1.20000000e+02,        +7.071067811865e+00,        +5.140252095302e+00,        +2.508945477666e+00,        +1.470142474501e+00,        -2.722037712790e+00,        -2.282333622539e+00,        -3.652775135059e+00,        -1.900222022938e-01,        -2.496400659594e+00,        +7.071067811865e+00,        +1.470142474501e+00,        -2.722037712790e+00,        +5.139647435391e+00,        +2.506929870389e+00,        -1.897535300927e-01,        -2.497767047055e+00,        -2.282421513529e+00,        -3.652825999300e+00,        +7.071067811865e+00,        -2.282333622539e+00,        -3.652775135059e+00,        -1.897535300927e-01,        -2.497767047055e+00,        +5.141094167315e+00,        +2.509894808936e+00,        +1.470901786287e+00,        -2.719891617643e+00,        +7.071067811865e+00,        -1.900222022937e-01,        -2.496400659594e+00,        -2.282421513529e+00,        -3.652825999300e+00,        +1.470901786287e+00,        -2.719891617643e+00,        +5.141864900013e+00,        +2.511670318371e+00
 1.21600000e+02,        +7.071067811865e+00,        +5.248805067178e+00,        +2.510390289776e+00,        +1.456163631849e+00,        -2.760578139924e+00,        -2.423069028241e+00,        -3.602608817439e+00,        -2.497106465182e-01,        -2.458499741880e+00,        +7.071067811865e+00,        +1.456163631849e+00,        -2.760578139924e+00,        +5.248221420200e+00,        +2.508388376179e+00,        -2.495316146201e-01,        -2.459891206296e+00,        -2.423163637244e+00,        -3.602654825872e+00,        +7.071067811865e+00,        -2.423069028241e+00,        -3.602608817439e+00,        -2.495316146201e-01,        -2.459891206296e+00,        +5.249782107773e+00,        +2.511379697391e+00,        +1.457029575858e+00,        -2.758403119222e+00,        +7.071067811865e+00,        -2.497106465181e-01,        -2.458499741880e+00,        -2.423163637244e+00,        -3.602654825872e+00,        +1.457029575858e+00,        -2.758403119222e+00,        +5.250540415943e+00,        +2.513125731119e+00
 1.23200000e+02,        +7.071067811865e+00,        +5.359450483387e+00,        +2.506077898720e+00,        +1.441216821041e+00,        -2.801796708100e+00,        -2.564463755910e+00,        -3.546169084179e+00,        -3.077566950442e-01,        -2.417298548221e+00,        +7.071067811865e+00,        +1.441216821041e+00,        -2.801796708100e+00,        +5.358892113208e+00,        +2.504089158832e+00,        -3.076719606206e-01,        -2.418709979521e+00,        -2.564564969934e+00,        -3.546209484613e+00,        +7.071067811865e+00,        -2.564463755910e+00,        -3.546169084179e+00,        -3.076719606206e-01,        -2.418709979521e+00,        +5.360570599029e+00,        +2.507101722891e+00,        +1.442193830641e+00,        -2.799597755718e+00,        +7.071067811865e+00,        -3.077566950442e-01,        -2.417298548221e+00,        -2.564564969934e+00,        -3.546209484613e+00,        +1.442193830641e+00,        -2.799597755718e+00,        +5.361311838447e+00,        +2.508817358733e+00
 1.24800000e+02,        +7.071067811865e+00,        +5.471866244181e+00,        +2.495703470996e+00,        +1.424988702732e+00,        -2.845764740472e+00,        -2.706202908275e+00,        -3.483185823630e+00,        -3.638648328405e-01,        -2.372754703101e+00,        +7.071067811865e+00,        +1.424988702732e+00,        -2.845764740472e+00,        +5.471337487210e+00,        +2.493726990269e+00,        -3.638788926999e-01,        -2.374180431653e+00,        -2.706310542046e+00,        -3.483219836985e+00,        +7.071067811865e+00,        -2.706202908275e+00,        -3.483185823630e+00,        -3.638788926999e-01,        -2.374180431653e+00,        +5.473137402642e+00,        +2.496755209318e+00,        +1.426081008552e+00,        -2.843547337679e+00,        +7.071067811865e+00,        -3.638648328405e-01,        -2.372754703101e+00,        -2.706310542046e+00,        -3.483219836985e+00,        +1.426081008552e+00,        -2.843547337679e+00,        +5.473856713482e+00,        +2.498439869006e+00
 1.26400000e+02,        +7.071067811865e+00,        +5.585691133188e+00,        +2.478977428866e+00,        +1.407140484660e+00,        -2.892525862342e+00,        -2.847932728691e+00,        -3.413403013633e+00,        -4.177145953746e-01,        -2.324852075429e+00,        +7.071067811865e+00,        +1.407140484660e+00,        -2.892525862342e+00,        +5.585196357761e+00,        +2.477011876535e+00,        -4.178317275738e-01,        -2.326285853606e+00,        -2.848046517260e+00,        -3.413429839365e+00,        +7.071067811865e+00,        -2.847932728691e+00,        -3.413403013633e+00,        -4.178317275738e-01,        -2.326285853606e+00,        +5.587121071697e+00,        +2.480049711361e+00,        +1.408352059475e+00,        -2.890295981393e+00,        +7.071067811865e+00,        -4.177145953746e-01,        -2.324852075429e+00,        -2.848046517260e+00,        -3.413429839365e+00,        +1.408352059475e+00,        -2.890295981393e+00,        +5.587813404356e+00,        +2.481703192921e+00
 1.28000000e+02,        +7.071067811865e+00,        +5.700524496968e+00,        +2.455630670870e+00,        +1.387309458933e+00,        -2.942090908064e+00,        -2.989260220435e+00,        -3.336583990810e+00,        -4.689620520004e-01,        -2.273605904138e+00,        +7.071067811865e+00,        +1.387309458933e+00,        -2.942090908064e+00,        +5.700068057821e+00,        +2.453674282790e+00,        -4.691862512764e-01,        -2.275040893199e+00,        -2.989379811820e+00,        -3.336602813741e+00,        +7.071067811865e+00,        -2.989260220435e+00,        -3.336583990810e+00,        -4.691862512764e-01,        -2.275040893199e+00,        +5.702120621901e+00,        +2.456715245248e+00,        +1.388643958866e+00,        -2.939855009298e+00,        +7.071067811865e+00,        -4.689620520004e-01,        -2.273605904138e+00,        -2.989379811820e+00,        -3.336602813741e+00,        +1.388643958866e+00,        -2.939855009298e+00,        +5.702780767831e+00,        +2.458337753747e+00
 1.29600000e+02,        +7.071067811865e+00,        +5.815926665076e+00,        +2.425420157379e+00,        +1.365111424819e+00,        -2.994432639620e+00,        -3.129753510985e+00,        -3.252517086398e+00,        -5.172421788961e-01,        -2.219068112004e+00,        +7.071067811865e+00,        +1.365111424819e+00,        -2.994432639620e+00,        +5.815512853314e+00,        +2.423470724402e+00,        -5.175770862010e-01,        -2.220496875589e+00,        -3.129878459123e+00,        -3.252527085074e+00,        +7.071067811865e+00,        -3.129753510985e+00,        -3.252517086398e+00,        -5.175770862010e-01,        -2.220496875589e+00,        +5.817695944160e+00,        +2.426507886516e+00,        +1.366572127587e+00,        -2.992197661069e+00,        +7.071067811865e+00,        -5.172421788961e-01,        -2.219068112003e+00,        -3.129878459123e+00,        -3.252527085074e+00,        +1.366572127587e+00,        -2.992197661069e+00,        +5.818318571793e+00,        +2.428100062331e+00
 1.31200000e+02,        +7.071067811865e+00,        +5.931420226417e+00,        +2.388134753942e+00,        +1.340144108153e+00,        -3.049480417006e+00,        -3.268943077154e+00,        -3.161021521212e+00,        -5.621722324674e-01,        -2.161332667298e+00,        +7.071067811865e+00,        +1.340144108153e+00,        -3.049480417006e+00,        +5.931053215656e+00,        +2.386189616938e+00,        -5.626210591365e-01,        -2.162747172882e+00,        -3.269072835415e+00,        -3.161021877846e+00,        +7.071067811865e+00,        -3.268943077154e+00,        -3.161021521212e+00,        -5.626210591364e-01,        -2.162747172882e+00,        +5.933369074888e+00,        +2.389215627589e+00,        +1.341733849337e+00,        -3.047253755567e+00,        +7.071067811865e+00,        -5.621722324674e-01,        -2.161332667298e+00,        -3.269072835415e+00,        -3.161021877846e+00,        +1.341733849337e+00,        -3.047253755567e+00,        +5.933948770545e+00,        +2.390778571220e+00
 1.32800000e+02,        +7.071067811865e+00,        +6.046492263913e+00,        +2.343601192523e+00,        +1.311991670010e+00,        -3.107114996378e+00,        -3.406323933118e+00,        -3.061953419611e+00,        -6.033562156377e-01,        -2.100540817133e+00,        +7.071067811865e+00,        +1.311991670010e+00,        -3.107114996378e+00,        +6.046176053494e+00,        +2.341657245067e+00,        -6.039216629924e-01,        -2.101932446796e+00,        -3.406457848707e+00,        -3.061943331648e+00,        +7.071067811865e+00,        -3.406323933118e+00,        -3.061953419611e+00,        -6.039216629924e-01,        -2.101932446796e+00,        +6.048626426548e+00,        +2.344664355107e+00,        +1.313712778569e+00,        -3.104904479690e+00,        +7.071067811865e+00,        -6.033562156377e-01,        -2.100540817133e+00,        -3.406457848707e+00,        -3.061943331648e+00,        +1.313712778569e+00,        -3.104904479690e+00,        +6.049157740047e+00,        +2.346199647569e+00
 1.34400000e+02,        +7.071067811865e+00,        +6.160597626506e+00,        +2.291689978667e+00,        +1.280230368614e+00,        -3.167163666701e+00,        -3.541358860456e+00,        -2.955211770265e+00,        -6.403905007714e-01,        -2.036885981495e+00,        +7.071067811865e+00,        +1.280230368614e+00,        -3.167163666701e+00,        +6.160335982986e+00,        +2.289743678326e+00,        -6.410746762598e-01,        -2.038245553315e+00,        -3.541496170036e+00,        -2.955190463537e+00,        +7.071067811865e+00,        -3.541358860456e+00,        -2.955211770265e+00,        -6.410746762598e-01,        -2.038245553315e+00,        +6.162922057947e+00,        +2.292723774832e+00,        +1.282084603092e+00,        -3.164977515085e+00,        +7.071067811865e+00,        -6.403905007714e-01,        -2.036885981495e+00,        -3.541496170036e+00,        -2.955190463537e+00,        +1.282084603092e+00,        -3.164977515085e+00,        +6.163399552397e+00,        +2.294233492623e+00
 1.36000000e+02,        +7.071067811865e+00,        +6.273163284816e+00,        +2.232321043797e+00,        +1.244435398865e+00,        -3.229395966832e+00,        -3.673482726566e+00,        -2.840744132633e+00,        -6.728706333662e-01,        -1.970618065882e+00,        +7.071067811865e+00,        +1.244435398865e+00,        -3.229395966831e+00,        +6.272959683164e+00,        +2.230368432772e+00,        -6.736749646544e-01,        -1.971935867161e+00,        -3.673622553457e+00,        -2.840710876005e+00,        +7.071067811865e+00,        -3.673482726566e+00,        -2.840744132633e+00,        -6.736749646544e-01,        -1.971935867161e+00,        +6.275682031072e+00,        +2.233313082961e+00,        +1.246423885986e+00,        -3.227242744862e+00,        +7.071067811865e+00,        -6.728706333662e-01,        -1.970618065882e+00,        -3.673622553457e+00,        -2.840710876005e+00,        +1.246423885986e+00,        -3.227242744862e+00,        +6.276100336119e+00,        +2.234799806678e+00
 1.37600000e+02,        +7.071067811865e+00,        +6.383593774264e+00,        +2.165468919261e+00,        +1.204188883346e+00,        -3.293520249075e+00,        -3.802107895328e+00,        -2.718551865413e+00,        -7.003992901202e-01,        -1.902046926316e+00,        +7.071067811865e+00,        +1.204188883346e+00,        -3.293520249075e+00,        +6.383451340473e+00,        +2.163505654878e+00,        -7.013244388619e-01,        -1.903312759654e+00,        -3.802249248648e+00,        -2.718505986767e+00,        +7.071067811865e+00,        -3.802107895328e+00,        -2.718551865413e+00,        -7.013244388619e-01,        -1.903312759654e+00,        +6.386309858733e+00,        +2.166406159978e+00,        +1.206312060845e+00,        -3.291408806654e+00,        +7.071067811865e+00,        -7.003992901202e-01,        -1.902046926316e+00,        -3.802249248648e+00,        -2.718505986767e+00,        +1.206312060845e+00,        -3.291408806654e+00,        +6.386663726288e+00,        +2.167872975728e+00
 1.39200000e+02,        +7.071067811865e+00,        +6.491277678358e+00,        +2.091167195659e+00,        +1.159088928244e+00,        -3.359181368744e+00,        -3.926630682735e+00,        -2.588694640110e+00,        -7.225953045446e-01,        -1.831544707040e+00,        +7.071067811865e+00,        +1.159088928244e+00,        -3.359181368744e+00,        +6.491199135365e+00,        +2.089188590882e+00,        -7.236410818468e-01,        -1.832747950021e+00,        -3.926772458831e+00,        -2.588635543406e+00,        +7.071067811865e+00,        -3.926630682735e+00,        -2.588694640110e+00,        -7.236410818468e-01,        -1.832747950021e+00,        +6.494192996041e+00,        +2.092036049937e+00,        +1.161346493937e+00,        -3.357120771934e+00,        +7.071067811865e+00,        -7.225953045445e-01,        -1.831544707040e+00,        -3.926772458831e+00,        -2.588635543406e+00,        +1.161346493937e+00,        -3.357120771934e+00,        +6.494477357304e+00,        +2.093486542883e+00
 1.40800000e+02,        +7.071067811865e+00,        +6.595595047202e+00,        +2.009512030649e+00,        +1.108759589516e+00,        -3.425959778608e+00,        -4.046438752489e+00,        -2.451294002471e+00,        -7.391036051625e-01,        -1.759546771898e+00,        +7.071067811865e+00,        +1.108759589516e+00,        -3.425959778608e+00,        +6.595582666159e+00,        +2.007513104392e+00,        -7.402688910196e-01,        -1.760676450805e+00,        -4.046579739003e+00,        -2.451221185556e+00,        +7.071067811865e+00,        -4.046438752489e+00,        -2.451294002471e+00,        -7.402688910195e-01,        -1.760676450805e+00,        +6.598710271025e+00,        +2.010298487636e+00,        +1.111150458637e+00,        -3.423959230881e+00,        +7.071067811865e+00,        -7.391036051625e-01,        -1.759546771898e+00,        -4.046579739003e+00,        -2.451221185556e+00,        +1.111150458637e+00,        -3.423959230881e+00,        +6.598920293414e+00,        +2.011736727223e+00
 1.42400000e+02,        +7.071067811865e+00,        +6.695925585538e+00,        +1.920664483532e+00,        +1.052861522290e+00,        -3.493372289100e+00,        -4.160919285775e+00,        -2.306535759601e+00,        -7.496058389993e-01,        -1.686550968446e+00,        +7.071067811865e+00,        +1.052861522290e+00,        -3.493372289100e+00,        +6.695981144515e+00,        +1.918640020078e+00,        -7.508885081573e-01,        -1.687595846010e+00,        -4.161058168609e+00,        -2.306448832339e+00,        +7.071067811865e+00,        -4.160919285775e+00,        -2.306535759601e+00,        -7.508885081573e-01,        -1.687595846010e+00,        +6.699240088744e+00,        +1.921354251133e+00,        +1.055383795090e+00,        -3.491441044109e+00,        +7.071067811865e+00,        -7.496058389992e-01,        -1.686550968446e+00,        -4.161058168609e+00,        -2.306448832339e+00,        +1.055383795090e+00,        -3.491441044109e+00,        +6.699371231213e+00,        +1.922784767830e+00
 1.44000000e+02,        +7.071067811865e+00,        +6.791657385234e+00,        +1.824851487249e+00,        +9.911030146766e-01,        -3.560874717561e+00,        -4.269467699924e+00,        -2.154671002912e+00,        -7.538313812278e-01,        -1.613115001431e+00,        +7.071067811865e+00,        +9.911030146766e-01,        -3.560874717561e+00,        +6.791782137397e+00,        +1.822796103618e+00,        -7.552282380498e-01,        -1.614063678149e+00,        -4.269603073325e+00,        -2.154569705139e+00,        +7.071067811865e+00,        -4.269467699924e+00,        -2.154671002912e+00,        -7.552282380498e-01,        -1.614063678149e+00,        +6.795169183685e+00,        +1.825430149353e+00,        +9.937539561169e-01,        -3.559021985009e+00,        +7.071067811865e+00,        -7.538313812277e-01,        -1.613115001431e+00,        -4.269603073325e+00,        -2.154569705139e+00,        +9.937539561169e-01,        -3.559021985009e+00,        +6.795217248809e+00,        +1.826857903078e+00
 1.45600000e+02,        +7.071067811865e+00,        +6.882195924472e+00,        +1.722365318433e+00,        +9.232510414673e-01,        -3.627866591809e+00,        -4.371496637884e+00,        -1.996015627035e+00,        -7.515683661621e-01,        -1.539851750370e+00,        +7.071067811865e+00,        +9.232510414673e-01,        -3.627866591809e+00,        +6.882390577564e+00,        +1.720273538008e+00,        -7.530750910681e-01,        -1.540692778403e+00,        -4.371627017765e+00,        -1.995899845763e+00,        +7.071067811865e+00,        -4.371496637884e+00,        -1.996015627035e+00,        -7.530750910680e-01,        -1.540692778403e+00,        +6.885901642330e+00,        +1.722818504491e+00,        +9.260270745781e-01,        -3.626101438409e+00,        +7.071067811865e+00,        -7.515683661621e-01,        -1.539851750370e+00,        -4.371627017765e+00,        -1.995899845763e+00,        +9.260270745781e-01,        -3.626101438409e+00,        +6.885862823549e+00,        +1.724248845254e+00
 1.47200000e+02,        +7.071067811865e+00,        +6.966973015540e+00,        +1.613561492328e+00,        +8.491419199232e-01,        -3.693697995756e+00,        -4.466444910012e+00,        -1.830948271077e+00,        -7.426743214883e-01,        -1.467422443508e+00,        +7.071067811865e+00,        +8.491419199232e-01,        -3.693697995756e+00,        +6.967237724212e+00,        +1.611427822602e+00,        -7.442854314320e-01,        -1.468144451640e+00,        -4.466568750518e+00,        -1.830818056334e+00,        +7.071067811865e+00,        -4.466444910012e+00,        -1.830948271077e+00,        -7.442854314320e-01,        -1.468144451640e+00,        +6.970867877215e+00,        +1.613875055228e+00,        +8.520386340005e-01,        -3.692029243683e+00,        +7.071067811865e+00,        -7.426743214883e-01,        -1.467422443508e+00,        -4.466568750518e+00,        -1.830818056334e+00,        +8.520386340005e-01,        -3.692029243683e+00,        +6.970738799722e+00,        +1.615313676895e+00
 1.48800000e+02,        +7.071067811865e+00,        +7.045455360704e+00,        +1.498855088547e+00,        +7.686911149786e-01,        -3.757678550720e+00,        -4.553786047129e+00,        -1.659906687790e+00,        -7.270859527955e-01,        -1.396527694590e+00,        +7.071067811865e+00,        +7.686911149786e-01,        -3.757678550720e+00,        +7.045789732767e+00,        +1.496674100421e+00,        -7.287947780044e-01,        -1.397119522203e+00,        -4.553901760323e+00,        -1.659762266442e+00,        +7.071067811865e+00,        -4.553786047129e+00,        -1.659906687790e+00,        -7.287947780044e-01,        -1.397119522203e+00,        +7.049533211139e+00,        +1.499015285948e+00,        +7.717032893117e-01,        -3.756114676246e+00,        +7.071067811865e+00,        -7.270859527954e-01,        -1.396527694590e+00,        -4.553901760323e+00,        -1.659762266442e+00,        +7.717032893117e-01,        -3.756114676246e+00,        +7.049310965064e+00,        +1.500468174395e+00
 1.50400000e+02,        +7.071067811865e+00,        +7.117152375400e+00,        +1.378715600238e+00,        +6.819017301284e-01,        -3.819088420425e+00,        -4.633036123459e+00,        -1.483382632951e+00,        -7.048276144132e-01,        -1.327896514559e+00,        +7.071067811865e+00,        +6.819017301284e-01,        -3.819088420425e+00,        +7.117555492512e+00,        +1.376482006002e+00,        -7.066262932587e-01,        -1.328347352124e+00,        -4.633142101864e+00,        -1.483224419865e+00,        +7.071067811865e+00,        -4.633036123459e+00,        -1.483382632951e+00,        -7.066262932586e-01,        -1.328347352124e+00,        +7.121405729733e+00,        +1.378709274022e+00,        +6.850233733744e-01,        -3.817637455616e+00,        +7.071067811865e+00,        -7.048276144132e-01,        -1.327896514559e+00,        -4.633142101864e+00,        -1.483224419865e+00,        +6.850233733744e-01,        -3.817637455616e+00,        +7.121087894602e+00,        +1.380182651265e+00
 1.52000000e+02,        +7.071067811865e+00,        +7.181622962729e+00,        +1.253660486551e+00,        +5.888712366674e-01,        -3.877191117252e+00,        -4.703760532756e+00,        -1.301915454671e+00,        -6.760180190064e-01,        -1.262273520786e+00,        +7.071067811865e+00,        +5.888712366674e-01,        -3.877191117252e+00,        +7.182093415380e+00,        +1.251369213500e+00,        -6.778975124029e-01,        -1.262573053936e+00,        -4.703855174357e+00,        -1.301744060609e+00,        +7.071067811865e+00,        -4.703760532756e+00,        -1.301915454671e+00,        -6.778975124028e-01,        -1.262573053936e+00,        +7.186043085230e+00,        +1.253475234733e+00,        +5.920956413617e-01,        -3.875860557651e+00,        +7.071067811865e+00,        -6.760180190064e-01,        -1.262273520786e+00,        -4.703855174357e+00,        -1.301744060609e+00,        +5.920956413617e-01,        -3.875860557651e+00,        +7.185627745005e+00,        +1.254975500859e+00
 1.53600000e+02,        +7.071067811865e+00,        +7.238480973249e+00,        +1.124247688244e+00,        +4.897960393806e-01,        -3.931247780148e+00,        -4.765579450905e+00,        -1.116084642473e+00,        -6.408747838516e-01,        -1.200404673588e+00,        +7.071067811865e+00,        +4.897960393806e-01,        -3.931247780148e+00,        +7.239016909178e+00,        +1.121893944884e+00,        -6.428249100251e-01,        -1.200543227586e+00,        -4.765661186060e+00,        -1.115900878186e+00,        +7.071067811865e+00,        -4.765579450904e+00,        -1.116084642473e+00,        -6.428249100250e-01,        -1.200543227586e+00,        +7.243057984163e+00,        +1.123872023670e+00,        +4.931158504372e-01,        -3.930044501264e+00,        +7.071067811865e+00,        -6.408747838515e-01,        -1.200404673588e+00,        -4.765661186060e+00,        -1.115900878186e+00,        +4.931158504372e-01,        -3.930044501264e+00,        +7.242543732654e+00,        +1.125405698553e+00
 1.55200000e+02,        +7.071067811865e+00,        +7.287399156936e+00,        +9.910674309115e-01,        +3.849735501630e-01,        -3.980532499067e+00,        -4.818171791138e+00,        -9.265016607743e-01,        -5.997164851456e-01,        -1.143021965364e+00,        +7.071067811865e+00,        +3.849735501630e-01,        -3.980532499067e+00,        +7.287998341397e+00,        +9.886467628758e-01,        -6.017259749917e-01,        -1.142990646597e+00,        -4.818239110738e+00,        -9.263065368499e-01,        +7.071067811865e+00,        -4.818171791138e+00,        -9.265016607743e-01,        -6.017259749917e-01,        -1.142990646597e+00,        +7.292122164604e+00,        +9.904909213774e-01,        +3.883808456067e-01,        -3.979462684221e+00,        +7.071067811865e+00,        -5.997164851455e-01,        -1.143021965364e+00,        -4.818239110738e+00,        -9.263065368499e-01,        +3.883808456067e-01,        -3.979462684221e+00,        +7.291508101485e+00,        +9.920645881844e-01
 1.56800000e+02,        +7.071067811865e+00,        +7.328111504715e+00,        +8.547336824950e-01,        +2.748015385954e-01,        -4.024348184943e+00,        -4.861277548632e+00,        -7.338014337360e-01,        -5.529619893024e-01,        -1.090827563570e+00,        +7.071067811865e+00,        +2.748015385954e-01,        -4.024348184943e+00,        +7.328771390334e+00,        +8.522420156738e-01,        -5.550185619090e-01,        -1.090618394670e+00,        -4.861329032742e+00,        -7.335961559139e-01,        +7.071067811865e+00,        -4.861277548632e+00,        -7.338014337359e-01,        -5.550185619089e-01,        -1.090618394670e+00,        +7.332968759188e+00,        +8.539470675314e-01,        +2.782879202325e-01,        -4.023417266607e+00,        +7.071067811865e+00,        -5.529619893023e-01,        -1.090827563570e+00,        -4.861329032742e+00,        -7.335961559139e-01,        +2.782879202325e-01,        -4.023417266607e+00,        +7.332254477357e+00,        +8.555673199227e-01
 1.58400000e+02,        +7.071067811865e+00,        +7.360413977725e+00,        +7.158756462326e-01,        +1.597746440482e-01,        -4.062042434281e+00,        -4.894698532040e+00,        -5.386338630957e-01,        -5.011269457923e-01,        -1.044477958642e+00,        +7.071067811865e+00,        +1.597746440482e-01,        -4.062042434281e+00,        +7.361131781091e+00,        +7.133093151398e-01,        -5.032174030661e-01,        -1.044084003985e+00,        -4.894732878191e+00,        -5.384198228922e-01,        +7.071067811865e+00,        -4.894698532040e+00,        -5.386338630957e-01,        -5.032174030661e-01,        -1.044084003985e+00,        +7.365393041056e+00,        +7.148709266837e-01,        +1.633313353594e-01,        -4.061255050496e+00,        +7.071067811865e+00,        -5.011269457922e-01,        -1.044477958642e+00,        -4.894732878191e+00,        -5.384198228922e-01,        +1.633313353594e-01,        -4.061255050496e+00,        +7.364578606505e+00,        +7.165443213989e-01
 1.60000000e+02,        +7.071067811865e+00,        +7.384163724222e+00,        +5.751296545078e-01,        +4.047805946359e-02,        -4.093022817857e+00,        -4.918297581446e+00,        -3.416557450225e-01,        -4.448174517115e-01,        -1.004568687564e+00,        +7.071067811865e+00,        +4.047805946360e-02,        -4.093022817857e+00,        +7.384936505912e+00,        +5.724854146119e-01,        -4.469277904610e-01,        -1.003984166113e+00,        -4.918313631705e+00,        -3.414345057022e-01,        +7.071067811865e+00,        -4.918297581446e+00,        -3.416557450225e-01,        -4.469277904610e-01,        -1.003984166113e+00,        +7.389251651860e+00,        +5.739001521711e-01,        +4.409600772452e-02,        -4.092382784708e+00,        +7.071067811865e+00,        -4.448174517115e-01,        -1.004568687564e+00,        -4.918313631705e+00,        -3.414345057022e-01,        +4.409600772450e-02,        -4.092382784708e+00,        +7.388337577624e+00,        +5.756331683415e-01
 1.61600000e+02,        +7.071067811865e+00,        +7.399276977182e+00,        +4.331317839163e-01,        -8.242147625610e-02,        -4.116771035188e+00,        -4.931996465497e+00,        -1.435234069682e-01,        -3.847210250939e-01,        -9.716201915977e-01,        +7.071067811865e+00,        -8.242147625608e-02,        -4.116771035188e+00,        +7.400101721668e+00,        +4.304068074490e-01,        -3.868365644054e-01,        -9.708405744515e-01,        -4.931993231456e+00,        -1.432966850691e-01,        +7.071067811865e+00,        -4.931996465497e+00,        -1.435234069682e-01,        -3.868365644053e-01,        -9.708405744515e-01,        +7.404460504413e+00,        +4.316721697961e-01,        -7.875149673576e-02,        -4.116281335601e+00,        +7.071067811865e+00,        -3.847210250939e-01,        -9.716201915977e-01,        -4.931993231456e+00,        -1.432966850691e-01,        -7.875149673577e-02,        -4.116281335601e+00,        +7.403447720423e+00,        +4.334711758953e-01
 1.63200000e+02,        +7.071067811865e+00,        +7.405725901193e+00,        +2.905114411983e-01,        -2.081871210942e-01,        -4.132855419022e+00,        -4.935772726188e+00,        +5.511368513566e-02,        -3.215951432479e-01,        -9.460653240107e-01,        +7.071067811865e+00,        -2.081871210942e-01,        -4.132855419022e+00,        +7.406599593007e+00,        +2.877032968044e-01,        -3.237006645819e-01,        -9.450874144641e-01,        -4.935749411052e+00,        +5.534404233860e-02,        +7.071067811865e+00,        -4.935772726188e+00,        +5.511368513567e-02,        -3.237006645819e-01,        -9.450874144641e-01,        +7.410991628435e+00,        +2.888177322921e-01,        -2.044744076635e-01,        -4.132518207497e+00,        +7.071067811865e+00,        -3.215951432479e-01,        -9.460653240108e-01,        -4.935749411052e+00,        +5.534404233860e-02,        -2.044744076635e-01,        -4.132518207497e+00,        +7.409881449266e+00,        +2.906889611424e-01
 1.64800000e+02,        +7.071067811865e+00,        +7.403534707852e+00,        +1.478860803194e-01,        -3.360254478098e-01,        -4.140941343421e+00,        -4.929655790562e+00,        +2.536181883612e-01,        -2.562537064610e-01,        -9.282389543294e-01,        +7.071067811865e+00,        -3.360254478097e-01,        -4.140941343421e+00,        +7.404454400548e+00,        +1.449926977555e-01,        -2.583336035927e-01,        -9.270609487682e-01,        -4.929611807616e+00,        +2.538502289035e-01,        +7.071067811865e+00,        -4.929655790561e+00,        +2.536181883612e-01,        -2.583336035926e-01,        -9.270609487682e-01,        +7.408869278784e+00,        +1.459556062087e-01,        -3.322792729323e-01,        -4.140757965662e+00,        +7.071067811865e+00,        -2.562537064610e-01,        -9.282389543294e-01,        -4.929611807616e+00,        +2.538502289035e-01,        -3.322792729323e-01,        -4.140757965662e+00,        +7.407663371306e+00,        +1.479051379438e-01
 1.66400000e+02,        +7.071067811865e+00,        +7.392775380087e+00,        +5.857111767090e-03,        -4.651015937411e-01,        -4.140799179116e+00,        -4.913722689970e+00,        +4.513689512347e-01,        -1.895518703687e-01,        -9.183700254346e-01,        +7.071067811865e+00,        -4.651015937411e-01,        -4.140799179116e+00,        +7.393738254918e+00,        +2.876733640118e-03,        -1.915903061124e-01,        -9.169915539243e-01,        -4.913657676814e+00,        +4.516006473328e-01,        +7.071067811865e+00,        -4.913722689970e+00,        +4.513689512347e-01,        -1.915903061124e-01,        -9.169915539243e-01,        +7.398165647118e+00,        +3.688453535868e-03,        -4.613311156836e-01,        -4.140770204977e+00,        +7.071067811865e+00,        -1.895518703687e-01,        -9.183700254346e-01,        -4.913657676814e+00,        +4.516006473328e-01,        -4.613311156837e-01,        -4.140770204977e+00,        +7.396865999923e+00,        +5.722205919831e-03
 1.68000000e+02,        +7.071067811865e+00,        +7.373563336228e+00,        -1.349930341022e-01,        -5.945555411955e-01,        -4.132309544048e+00,        -4.888093718094e+00,        +6.477639267703e-01,        -1.223697484865e-01,        -9.165763155589e-01,        +7.071067811865e+00,        -5.945555411955e-01,        -4.132309544048e+00,        +7.374566747988e+00,        -1.380619109005e-01,        -1.243508150700e-01,        -9.149984615315e-01,        -4.888007546186e+00,        +6.479932057126e-01,        +7.071067811865e+00,        -4.888093718094e+00,        +6.477639267703e-01,        -1.243508150700e-01,        -9.149984615315e-01,        +7.378996508589e+00,        -1.374001290307e-01,        -5.907697239457e-01,        -4.132434811775e+00,        +7.071067811865e+00,        -1.223697484865e-01,        -9.165763155589e-01,        -4.888007546186e+00,        +6.479932057126e-01,        -5.907697239457e-01,        -4.132434811775e+00,        +7.377605404836e+00,        -1.352764039734e-01
 1.69600000e+02,        +7.071067811865e+00,        +7.346053326257e+00,        -2.741028174777e-01,        -7.235189950160e-01,        -4.115465708087e+00,        -4.852928320595e+00,        +8.422220574619e-01,        -5.559551846951e-02,        -9.228620460830e-01,        +7.071067811865e+00,        -7.235189950160e-01,        -4.115465708087e+00,        +7.347094834457e+00,        -2.772615074775e-01,        -5.750339844675e-02,        -9.210873450410e-01,        -4.852821099829e+00,        +8.424468336472e-01,        +7.071067811865e+00,        -4.852928320595e+00,        +8.422220574619e-01,        -5.750339844671e-02,        -9.210873450410e-01,        +7.351517096968e+00,        -2.767475401610e-01,        -7.197265388853e-01,        -4.115744377564e+00,        +7.071067811865e+00,        -5.559551846947e-02,        -9.228620460830e-01,        -4.852821099829e+00,        +8.424468336472e-01,        -7.197265388853e-01,        -4.115744377564e+00,        +7.350037091920e+00,        -2.745282546096e-01
 1.71200000e+02,        +7.071067811865e+00,        +7.310435790341e+00,        -4.109326728354e-01,        -8.511323173029e-01,        -4.090373122358e+00,        -4.808421447099e+00,        +1.034184331506e+00,        +9.891527741267e-03,        -9.371183645658e-01,        +7.071067811865e+00,        -8.511323173029e-01,        -4.090373122358e+00,        +7.311513174680e+00,        -4.141823713593e-01,        +8.072403044819e-03,        -9.351507822000e-01,        -4.808293525300e+00,        +1.034402538719e+00,        +7.071067811865e+00,        -4.808421447099e+00,        +1.034184331506e+00,        +8.072403044855e-03,        -9.351507822000e-01,        +7.315918439475e+00,        -4.138132723108e-01,        -8.473416010956e-01,        -4.090803734896e+00,        +7.071067811865e+00,        +9.891527741302e-03,        -9.371183645659e-01,        -4.808293525300e+00,        +1.034402538719e+00,        -8.473416010956e-01,        -4.090803734896e+00,        +7.314352343572e+00,        -4.114929978580e-01
 1.72800000e+02,        +7.071067811865e+00,        +7.266933830883e+00,        -5.449655133560e-01,        -9.765609958846e-01,        -4.057246149684e+00,        -4.754800517279e+00,        +1.223114257459e+00,        +7.323746638693e-02,        -9.591266263004e-01,        +7.071067811865e+00,        -9.765609958846e-01,        -4.057246149684e+00,        +7.268045090805e+00,        -5.483073659750e-01,        +7.152226373165e-02,        -9.569715168475e-01,        -4.754652474713e+00,        +1.223323880487e+00,        +7.071067811865e+00,        -4.754800517279e+00,        +1.223114257459e+00,        +7.152226373169e-02,        -9.569715168475e-01,        +7.272424303688e+00,        -5.480794255798e-01,        -9.727800309558e-01,        -4.057826691912e+00,        +7.071067811865e+00,        +7.323746638696e-02,        -9.591266263004e-01,        -4.754652474713e+00,        +1.223323880487e+00,        -9.727800309558e-01,        -4.057826691912e+00,        +7.270775171538e+00,        -5.456528869632e-01
 1.74400000e+02,        +7.071067811865e+00,        +7.215800862348e+00,        -6.757069238947e-01,        -1.099011159796e+00,        -4.016402169140e+00,        -4.692323065926e+00,        +1.408498025200e+00,        +1.336292701762e-01,        -9.885643011742e-01,        +7.071067811865e+00,        -1.099011159796e+00,        -4.016402169140e+00,        +7.216944201323e+00,        -6.791420924903e-01,        +1.320326091851e-01,        -9.862283472199e-01,        -4.692155705056e+00,        +1.408697129925e+00,        +7.071067811865e+00,        -4.692323065926e+00,        +1.408498025200e+00,        +1.320326091851e-01,        -9.862283472199e-01,        +7.221288821990e+00,        -6.790509049037e-01,        -1.095247555802e+00,        -4.017130138671e+00,        +7.071067811865e+00,        +1.336292701762e-01,        -9.885643011742e-01,        -4.692155705056e+00,        +1.408697129925e+00,        -1.095247555802e+00,        -4.017130138671e+00,        +7.219559947167e+00,        -6.765129740251e-01
 1.76000000e+02,        +7.071067811865e+00,        +7.157318917168e+00,        -8.026853033063e-01,        -1.217743708059e+00,        -3.968253311537e+00,        -4.621275045805e+00,        +1.589844614134e+00,        +1.903089486889e-01,        -1.025013248760e+00,        +7.071067811865e+00,        -1.217743708059e+00,        -3.968253311537e+00,        +7.158492713079e+00,        -8.062150255657e-01,        +1.888447669046e-01,        -1.022504384019e+00,        -4.621089376732e+00,        +1.590031375346e+00,        +7.071067811865e+00,        -4.621275045805e+00,        +1.589844614134e+00,        +1.888447669047e-01,        -1.022504384019e+00,        +7.162794772934e+00,        -8.062555616705e-01,        -1.214004649764e+00,        -3.969125782323e+00,        +7.071067811865e+00,        +1.903089486889e-01,        -1.025013248760e+00,        -4.621089376732e+00,        +1.590031375346e+00,        -1.214004649764e+00,        -3.969125782323e+00,        +7.160989688026e+00,        -8.036012535413e-01
 1.77600000e+02,        +7.071067811865e+00,        +7.091797509262e+00,        -9.254521847995e-01,        -1.332086683827e+00,        -3.913296151941e+00,        -4.541969690364e+00,        +1.766686077544e+00,        +2.425859330181e-01,        -1.067970035265e+00,        +7.071067811865e+00,        -1.332086683827e+00,        -3.913296151941e+00,        +7.093000272941e+00,        -9.290778244303e-01,        +2.412673633186e-01,        -1.065297352155e+00,        -4.541766912459e+00,        +1.766858803801e+00,        +7.071067811865e+00,        -4.541969690364e+00,        +1.766686077544e+00,        +2.412673633186e-01,        -1.065297352155e+00,        +7.097252421990e+00,        -9.292445089333e-01,        -1.328378917973e+00,        -3.914309837529e+00,        +7.071067811865e+00,        +2.425859330181e-01,        -1.067970035265e+00,        -4.541766912459e+00,        +1.766858803801e+00,        -1.328378917973e+00,        -3.914309837529e+00,        +7.095374902955e+00,        -9.264689809442e-01
 1.79200000e+02,        +7.071067811865e+00,        +7.019572896062e+00,        -1.043582910648e+00,        -1.441445600997e+00,        -3.852099739001e+00,        -4.454746777529e+00,        +1.938578179753e+00,        +2.898474118797e-01,        -1.116857912305e+00,        +7.071067811865e+00,        -1.441445600997e+00,        -3.852099739001e+00,        +7.020803220511e+00,        -1.047305996195e+00,        +2.886866740212e-01,        -1.114031556368e+00,        -4.454528257921e+00,        +1.938735334762e+00,        +7.071067811865e+00,        -4.454746777529e+00,        +1.938578179753e+00,        +2.886866740212e-01,        -1.114031556368e+00,        +7.024998763355e+00,        -1.047592787220e+00,        -1.437775432006e+00,        -3.853251052264e+00,        +7.071067811865e+00,        +2.898474118798e-01,        -1.116857912305e+00,        -4.454528257921e+00,        +1.938735334762e+00,        -1.437775432006e+00,        -3.853251052264e+00,        +7.023052836925e+00,        -1.044691342806e+00
 1.80800000e+02,        +7.071067811865e+00,        +6.941007540052e+00,        -1.156677771590e+00,        -1.545311511584e+00,        -3.785292378381e+00,        -4.359972095927e+00,        +2.105101496806e+00,        +3.315664076697e-01,        -1.171040039942e+00,        +7.071067811865e+00,        -1.545311511584e+00,        -3.785292378381e+00,        +6.942264043229e+00,        -1.160500022412e+00,        +3.305747153993e-01,        -1.168071093367e+00,        -4.359739345534e+00,        +2.105241716947e+00,        +7.071067811865e+00,        -4.359972095927e+00,        +2.105101496806e+00,        +3.305747153993e-01,        -1.168071093367e+00,        +6.946396964363e+00,        -1.160900492050e+00,        -1.541684804692e+00,        -3.786577486673e+00,        +7.071067811865e+00,        +3.315664076697e-01,        -1.171040039942e+00,        -4.359739345534e+00,        +2.105241716947e+00,        -1.541684804692e+00,        -3.786577486673e+00,        +6.944386917039e+00,        -1.157868589441e+00
 1.82400000e+02,        +7.071067811865e+00,        +6.856489554071e+00,        -1.264363649007e+00,        -1.643266686608e+00,        -3.713547608827e+00,        -4.258036897967e+00,        +2.265863019176e+00,        +3.673074654598e-01,        -1.229833515258e+00,        +7.071067811865e+00,        -1.643266686608e+00,        -3.713547608827e+00,        +6.857770818275e+00,        -1.268286987682e+00,        +3.664949502889e-01,        -1.226733871899e+00,        -4.257791545815e+00,        +2.265985126925e+00,        +7.071067811865e+00,        -4.258036897967e+00,        +2.265863019176e+00,        +3.664949502890e-01,        -1.226733871899e+00,        +6.861835797128e+00,        -1.268794402096e+00,        -1.639688876999e+00,        -3.714962483868e+00,        +7.071067811865e+00,        +3.673074654598e-01,        -1.229833515258e+00,        -4.257791545815e+00,        +2.265985126925e+00,        -1.639688876999e+00,        -3.714962483868e+00,        +6.859766184204e+00,        -1.265627668420e+00
 1.84000000e+02,        +7.071067811865e+00,        +6.766431920853e+00,        -1.366296126938e+00,        -1.734987868182e+00,        -3.637569814370e+00,        -4.149357130354e+00,        +2.420498223979e+00,        +3.967299129073e-01,        -1.292523762753e+00,        +7.071067811865e+00,        -1.734987868182e+00,        -3.637569814370e+00,        +6.767736431713e+00,        -1.370322678066e+00,        +3.961055652686e-01,        -1.289305997169e+00,        -4.149100896910e+00,        +2.420601237139e+00,        +7.071067811865e+00,        -4.149357130354e+00,        +2.420498223979e+00,        +3.961055652687e-01,        -1.289305997169e+00,        +6.771728848009e+00,        -1.370930075880e+00,        -1.731463974692e+00,        -3.639110276512e+00,        +7.071067811865e+00,        +3.967299129073e-01,        -1.292523762753e+00,        -4.149100896910e+00,        +2.420601237139e+00,        -1.731463974692e+00,        -3.639110276512e+00,        +6.769604501083e+00,        -1.367624326481e+00
 1.85600000e+02,        +7.071067811865e+00,        +6.671271303990e+00,        -1.462161977888e+00,        -1.820247133117e+00,        -3.558079905253e+00,        -4.034372259236e+00,        +2.568673521052e+00,        +4.195887317454e-01,        -1.358378853873e+00,        +7.071067811865e+00,        -1.820247133117e+00,        -3.558079905253e+00,        +6.672597391917e+00,        -1.466294053915e+00,        +4.191603598714e-01,        -1.355056086934e+00,        -4.034106929481e+00,        +2.568756657827e+00,        +7.071067811865e+00,        -4.034372259236e+00,        +2.568673521052e+00,        +4.191603598715e-01,        -1.355056086934e+00,        +6.676513322058e+00,        -1.466994321779e+00,        -1.816781775196e+00,        -3.559741662068e+00,        +7.071067811865e+00,        +4.195887317454e-01,        -1.358378853873e+00,        -4.034106929481e+00,        +2.568756657827e+00,        -1.816781775196e+00,        -3.559741662068e+00,        +6.674339353611e+00,        -1.463545584214e+00
 1.87200000e+02,        +7.071067811865e+00,        +6.571466310653e+00,        -1.551681876589e+00,        -1.898910485937e+00,        -3.475801474052e+00,        -3.913543550244e+00,        +2.710088927413e+00,        +4.357331590844e-01,        -1.426663349106e+00,        +7.071067811865e+00,        -1.898910485937e+00,        -3.475801474052e+00,        +6.572812097275e+00,        -1.555921951834e+00,        +4.355073655571e-01,        -1.423249112731e+00,        -3.913270947144e+00,        +2.710151607495e+00,        +7.071067811865e+00,        -3.913543550244e+00,        +2.710088927413e+00,        +4.355073655571e-01,        -1.423249112731e+00,        +6.576648302570e+00,        -1.556707896208e+00,        -1.895507902677e+00,        -3.477580153440e+00,        +7.071067811865e+00,        +4.357331590844e-01,        -1.426663349106e+00,        -3.913270947144e+00,        +2.710151607495e+00,        -1.895507902677e+00,        -3.477580153440e+00,        +6.574430106394e+00,        -1.553112438072e+00
 1.88800000e+02,        +7.071067811865e+00,        +6.467495120402e+00,        -1.634613162956e+00,        -1.970934368759e+00,        -3.391447793439e+00,        -3.787351717645e+00,        +2.844480791687e+00,        +4.451032063785e-01,        -1.496651296215e+00,        +7.071067811865e+00,        -1.970934368759e+00,        -3.391447793439e+00,        +6.468858472112e+00,        -1.638963837497e+00,        +4.450853819067e-01,        -1.493159399725e+00,        -3.787073676619e+00,        +2.844522633600e+00,        +7.071067811865e+00,        -3.787351717645e+00,        +2.844480791687e+00,        +4.450853819067e-01,        -1.493159399725e+00,        +6.472612379733e+00,        -1.639828251868e+00,        -1.967598438981e+00,        -3.393338971609e+00,        +7.071067811865e+00,        +4.451032063785e-01,        -1.496651296215e+00,        -3.787073676619e+00,        +2.844522633600e+00,        -1.967598438981e+00,        -3.393338971609e+00,        +6.470355626283e+00,        -1.636082611315e+00
 1.90400000e+02,        +7.071067811865e+00,        +6.359852453439e+00,        -1.710752461120e+00,        -2.036360334509e+00,        -3.305709969851e+00,        -3.656293915781e+00,        +2.971624375612e+00,        +4.477243428990e-01,        -1.567638070374e+00,        +7.071067811865e+00,        -2.036360334508e+00,        -3.305709969851e+00,        +6.361230943692e+00,        -1.715216416510e+00,        +4.479186765104e-01,        -1.564082470802e+00,        -3.656012260686e+00,        +2.971645190674e+00,        +7.071067811865e+00,        -3.656293915781e+00,        +2.971624375612e+00,        +4.479186765105e-01,        -1.564082470802e+00,        +6.364900621296e+00,        -1.716152143401e+00,        -2.033094597102e+00,        -3.307709194700e+00,        +7.071067811865e+00,        +4.477243428990e-01,        -1.567638070374e+00,        -3.656012260686e+00,        +2.971645190674e+00,        -2.033094597102e+00,        -3.307709194700e+00,        +6.362611247350e+00,        -1.712253161089e+00
 1.92000000e+02,        +7.071067811865e+00,        +6.249045909730e+00,        -1.779937965198e+00,        -2.095308176000e+00,        -3.219246505688e+00,        -3.520880104028e+00,        +3.091336103505e+00,        +4.437006366054e-01,        -1.638950803733e+00,        +7.071067811865e+00,        -2.095308176000e+00,        -3.219246505688e+00,        +6.250436791212e+00,        -1.784517914207e+00,        +4.441101410934e-01,        -1.635345482247e+00,        -3.520596625106e+00,        +3.091335886809e+00,        +7.071067811865e+00,        -3.520880104028e+00,        +3.091336103505e+00,        +4.441101410934e-01,        -1.635345482247e+00,        +6.254020916192e+00,        -1.785517901504e+00,        -2.092115849869e+00,        -3.221349316132e+00,        +7.071067811865e+00,        +4.437006366054e-01,        -1.638950803733e+00,        -3.520596625106e+00,        +3.091335886809e+00,        -2.092115849869e+00,        -3.221349316132e+00,        +6.251705108562e+00,        -1.781462752593e+00
 1.93600000e+02,        +7.071067811865e+00,        +6.135591762479e+00,        -1.842051222471e+00,        -2.147967834812e+00,        -3.132674454468e+00,        -3.381628868565e+00,        +3.203475310487e+00,        +4.332066766907e-01,        -1.709957220146e+00,        +7.071067811865e+00,        -2.147967834812e+00,        -3.132674454468e+00,        +6.136991949743e+00,        -1.846749855109e+00,        +4.338332278568e-01,        -1.706316066466e+00,        -3.381345302681e+00,        +3.203454229362e+00,        +7.071067811865e+00,        -3.381628868565e+00,        +3.203475310487e+00,        +4.338332278568e-01,        -1.706316066466e+00,        +6.140489774074e+00,        -1.847807206384e+00,        -2.144851838005e+00,        -3.134876396348e+00,        +7.071067811865e+00,        +4.332066766907e-01,        -1.709957220146e+00,        -3.381345302681e+00,        +3.203454229362e+00,        -2.144851838005e+00,        -3.134876396348e+00,        +6.138153947453e+00,        -1.843593431231e+00
 1.95200000e+02,        +7.071067811865e+00,        +6.020010331396e+00,        -1.897018277428e+00,        -2.194590429753e+00,        -3.046562282346e+00,        -3.239062826194e+00,        +3.307945353016e+00,        +4.164786179036e-01,        -1.780072761889e+00,        +7.071067811865e+00,        -2.194590429753e+00,        -3.046562282346e+00,        +6.021416394066e+00,        -1.901838205475e+00,        +4.173230058919e-01,        -1.776409468285e+00,        -3.238780839619e+00,        +3.307903733453e+00,        +7.071067811865e+00,        -3.239062826194e+00,        +3.307945353016e+00,        +4.173230058919e-01,        -1.776409468285e+00,        +6.024827705697e+00,        -1.902946224112e+00,        -2.191553397486e+00,        -3.048858921492e+00,        +7.071067811865e+00,        +4.164786179036e-01,        -1.780072761889e+00,        -3.238780839619e+00,        +3.307903733453e+00,        -2.191553397486e+00,        -3.048858921492e+00,        +6.022478475014e+00,        -1.898571756419e+00
 1.96800000e+02,        +7.071067811865e+00,        +5.902821090485e+00,        -1.944810081669e+00,        -2.235478745076e+00,        -2.961424479086e+00,        -3.093703764759e+00,        +3.404693986744e+00,        +3.938046870502e-01,        -1.848765965550e+00,        +7.071067811865e+00,        -2.235478745076e+00,        -2.961424479086e+00,        +5.904229256664e+00,        -1.949753783793e+00,        +3.948666778891e-01,        -1.845093931668e+00,        -3.093424938646e+00,        +3.404632298286e+00,        +7.071067811865e+00,        -3.093703764759e+00,        +3.404693986744e+00,        +3.948666778892e-01,        -1.845093931668e+00,        +5.907554338390e+00,        -1.950906010869e+00,        -2.232523046504e+00,        -2.963811412091e+00,        +7.071067811865e+00,        +3.938046870502e-01,        -1.848765965550e+00,        -3.093424938646e+00,        +3.404632298286e+00,        -2.232523046504e+00,        -2.963811412091e+00,        +5.905198486341e+00,        -1.946369202188e+00
 1.98400000e+02,        +7.071067811865e+00,        +5.784537680556e+00,        -1.985442120401e+00,        -2.270977504388e+00,        -2.877717895550e+00,        -2.946067690228e+00,        +3.493712962434e+00,        +3.655154778591e-01,        -1.915562110306e+00,        +7.071067811865e+00,        -2.270977504388e+00,        -2.877717895550e+00,        +5.785943849719e+00,        -1.990511889708e+00,        +3.667938832171e-01,        -1.911894359694e+00,        -2.945793508852e+00,        +3.493631802013e+00,        +7.071067811865e+00,        -2.946067690228e+00,        +3.493712962434e+00,        +3.667938832171e-01,        -1.911894359694e+00,        +5.789183436389e+00,        -1.991702135694e+00,        -2.268105258111e+00,        -2.880190758753e+00,        +7.071067811865e+00,        +3.655154778591e-01,        -1.915562110306e+00,        -2.945793508852e+00,        +3.493631802013e+00,        -2.268105258111e+00,        -2.880190758753e+00,        +5.786827876987e+00,        -1.987001775406e+00
 2.00000000e+02,        +7.071067811865e+00,        +5.665662998664e+00,        -2.018973252024e+00,        -2.301463729438e+00,        -2.795839726156e+00,        -2.796659952536e+00,        +3.575036836403e+00,        +3.319743335341e-01,        -1.980045220461e+00,        +7.071067811865e+00,        -2.301463729438e+00,        -2.795839726156e+00,        +5.667062762988e+00,        -2.024171147621e+00,        +3.334670866578e-01,        -1.976394329330e+00,        -2.796391794265e+00,        +3.574936911601e+00,        +7.071067811865e+00,        -2.796659952536e+00,        +3.575036836403e+00,        +3.334670866578e-01,        -1.976394329330e+00,        +5.670217997871e+00,        -2.025393518081e+00,        -2.298676817785e+00,        -2.798394203236e+00,        +7.071067811865e+00,        +3.319743335341e-01,        -1.980045220461e+00,        -2.796391794265e+00,        +3.574936911601e+00,        -2.298676817785e+00,        -2.798394203236e+00,        +5.667869737024e+00,        -2.020528848215e+00
 2.01600000e+02,        +7.071067811865e+00,        +5.546684526608e+00,        -2.045503799447e+00,        -2.327337446056e+00,        -2.716127005833e+00,        -2.645970612242e+00,        +3.648741034071e+00,        +2.935680793926e-01,        -2.041858553019e+00,        +7.071067811865e+00,        -2.327337446056e+00,        -2.716127005833e+00,        +5.548073199479e+00,        -2.050831603249e+00,        +2.952723152261e-01,        -2.038236591400e+00,        -2.645709743153e+00,        +3.648623146225e+00,        +7.071067811865e+00,        -2.645970612242e+00,        +3.648741034071e+00,        +2.952723152261e-01,        -2.038236591400e+00,        +5.551145590537e+00,        -2.052080518798e+00,        -2.324637528260e+00,        -2.718758834358e+00,        +7.071067811865e+00,        +2.935680793927e-01,        -2.041858553019e+00,        -2.645709743153e+00,        +3.648623146225e+00,        -2.324637528260e+00,        -2.718758834358e+00,        +5.548811684704e+00,        -2.047051243298e+00
 2.03200000e+02,        +7.071067811865e+00,        +5.428070040798e+00,        -2.065172967372e+00,        -2.349012955571e+00,        -2.638857453476e+00,        -2.494470190287e+00,        +3.714939240803e+00,        +2.506983239945e-01,        -2.100703738592e+00,        +7.071067811865e+00,        -2.349012955571e+00,        -2.638857453476e+00,        +5.429442691125e+00,        -2.070632147067e+00,        +2.526104615711e-01,        -2.097122223738e+00,        -2.494217760267e+00,        +3.714804268354e+00,        +7.071067811865e+00,        -2.494470190287e+00,        +3.714939240803e+00,        +2.526104615711e-01,        -2.097122223738e+00,        +5.432434067833e+00,        -2.071902357935e+00,        -2.346401479982e+00,        -2.641562430657e+00,        +7.071067811865e+00,        +2.506983239945e-01,        -2.100703738592e+00,        -2.494217760267e+00,        +3.714804268354e+00,        -2.346401479982e+00,        -2.641562430657e+00,        +5.430121581841e+00,        -2.066708646251e+00
 2.04800000e+02,        +7.071067811865e+00,        +5.310263819073e+00,        -2.078155687188e+00,        -2.366910842178e+00,        -2.564251468315e+00,        -2.342605916450e+00,        +3.773780221649e+00,        +2.037734992645e-01,        -2.156338769527e+00,        +7.071067811865e+00,        -2.366910842178e+00,        -2.564251468315e+00,        +5.311615309948e+00,        -2.083747365933e+00,        +2.058893246063e-01,        -2.152808631133e+00,        -2.342362957570e+00,        +3.773629104055e+00,        +7.071067811865e+00,        -2.342605916450e+00,        +3.773780221649e+00,        +2.058893246063e-01,        -2.152808631133e+00,        +5.314527781259e+00,        -2.085033961554e+00,        -2.364389057673e+00,        -2.567025456155e+00,        +7.071067811865e+00,        +2.037734992645e-01,        -2.156338769527e+00,        -2.342362957570e+00,        +3.773629104055e+00,        -2.364389057673e+00,        -2.567025456155e+00,        +5.312243746301e+00,        -2.079676446624e+00
 2.06400000e+02,        +7.071067811865e+00,        +5.193683429234e+00,        -2.084659009365e+00,        -2.381450837974e+00,        -2.492475071816e+00,        -2.190798561306e+00,        +3.825444189799e+00,        +1.532017613329e-01,        -2.208575042909e+00,        +7.071067811865e+00,        -2.381450837974e+00,        -2.492475071816e+00,        +5.195008459540e+00,        -2.090383942472e+00,        +1.555165092786e-01,        -2.205106599454e+00,        -2.190565988234e+00,        +3.825277912297e+00,        +7.071067811865e+00,        -2.190798561306e+00,        +3.825444189799e+00,        +1.555165092786e-01,        -2.205106599454e+00,        +5.197844373463e+00,        -2.091682356532e+00,        -2.379019804707e+00,        -2.495314001773e+00,        +7.071067811865e+00,        +1.532017613329e-01,        -2.208575042909e+00,        -2.190565988234e+00,        +3.825277912297e+00,        -2.379019804707e+00,        -2.495314001773e+00,        +5.195595746215e+00,        -2.086162127452e+00
 2.08000000e+02,        +7.071067811865e+00,        +5.078717152067e+00,        -2.084918172392e+00,        -2.393045620414e+00,        -2.423643584803e+00,        -2.039439904526e+00,        +3.870138852833e+00,        +9.938482685027e-02,        -2.257273669000e+00,        +7.071067811865e+00,        -2.393045620414e+00,        -2.423643584803e+00,        +5.080010299661e+00,        -2.090776731006e+00,        +1.018932604444e-01,        -2.253876614360e+00,        -2.039218516701e+00,        +3.869958432254e+00,        +7.071067811865e+00,        -2.039439904526e+00,        +3.870138852833e+00,        +1.018932604445e-01,        -2.253876614360e+00,        +5.082772204853e+00,        -2.092082742447e+00,        -2.390706220057e+00,        -2.426543462039e+00,        +7.071067811865e+00,        +9.938482685028e-02,        -2.257273669000e+00,        -2.039218516701e+00,        +3.869958432254e+00,        -2.390706220057e+00,        -2.426543462039e+00,        +5.080565828526e+00,        -2.086401332263e+00
 2.09600000e+02,        +7.071067811865e+00,        +4.965722060641e+00,        -2.079192478277e+00,        -2.402095573999e+00,        -2.357825835899e+00,        -1.888890861439e+00,        +3.908095266737e+00,        +4.271277654308e-02,        -2.302341249259e+00,        +7.071067811865e+00,        -2.402095573999e+00,        -2.357825835899e+00,        +4.966977825921e+00,        -2.085184639777e+00,        +4.540926284934e-02,        -2.299024648572e+00,        -1.888681346734e+00,        +3.907901738547e+00,        +7.071067811865e+00,        -1.888890861439e+00,        +3.908095266737e+00,        +4.540926284938e-02,        -2.299024648572e+00,        +4.969668435597e+00,        -2.086494370257e+00,        -2.399848519583e+00,        -2.360782743142e+00,        +7.071067811865e+00,        +4.271277654309e-02,        -2.302341249259e+00,        -1.888681346734e+00,        +3.907901738547e+00,        -2.399848519583e+00,        -2.360782743142e+00,        +4.967511003586e+00,        -2.080653739438e+00
 2.11200000e+02,        +7.071067811865e+00,        +4.855022749829e+00,        -2.067761098478e+00,        -2.408984510552e+00,        -2.295048711326e+00,        -1.739480261861e+00,        +3.939563621634e+00,        -1.644017965063e-02,        -2.343725314105e+00,        +7.071067811865e+00,        -2.408984510552e+00,        -2.295048711326e+00,        +4.856235598585e+00,        -2.073886443181e+00,        -1.356159821674e-02,        -2.340497607800e+00,        -1.739283201456e+00,        +3.939358028278e+00,        +7.071067811865e+00,        -1.739480261861e+00,        +3.939563621634e+00,        -1.356159821671e-02,        -2.340497607800e+00,        +4.858857756964e+00,        -2.075196351488e+00,        -2.406830355994e+00,        -2.298058812358e+00,        +7.071067811865e+00,        -1.644017965062e-02,        -2.343725314105e+00,        -1.739283201456e+00,        +3.939358028277e+00,        -2.406830355994e+00,        -2.298058812358e+00,        +4.856755779615e+00,        -2.069198867710e+00
 2.12800000e+02,        +7.071067811865e+00,        +4.746910686210e+00,        -2.050918922628e+00,        -2.414076311534e+00,        -2.235301875592e+00,        -1.591504251547e+00,        +3.964809071656e+00,        -7.771901244331e-02,        -2.381409591100e+00,        +7.071067811865e+00,        -2.414076311534e+00,        -2.235301875592e+00,        +4.748075090880e+00,        -2.057176636226e+00,        -7.466455193877e-02,        -2.378278605952e+00,        -1.591320125740e+00,        +3.964592452274e+00,        +7.071067811865e+00,        -1.591504251547e+00,        +3.964809071656e+00,        -7.466455193874e-02,        -2.378278605952e+00,        +4.750631742322e+00,        -2.058483510135e+00,        -2.412015460924e+00,        -2.238361418340e+00,        +7.071067811865e+00,        -7.771901244329e-02,        -2.381409591100e+00,        -1.591320125740e+00,        +3.964592452274e+00,        -2.412015460924e+00,        -2.238361418340e+00,        +4.748591517171e+00,        -2.052331925050e+00
 2.14400000e+02,        +7.071067811865e+00,        +4.641644129913e+00,        -2.028972547129e+00,        -2.417712431840e+00,        -2.178542515596e+00,        -1.445226267887e+00,        +3.984107706108e+00,        -1.407903186526e-01,        -2.415409251214e+00,        +7.071067811865e+00,        -2.417712431840e+00,        -2.178542515596e+00,        +4.642754608511e+00,        -2.035361428174e+00,        -1.375663930510e-01,        -2.412382217283e+00,        -1.445055462589e+00,        +3.983881087626e+00,        +7.071067811865e+00,        -1.445226267887e+00,        +3.984107706108e+00,        -1.375663930509e-01,        -2.412382217283e+00,        +4.645248769394e+00,        -2.036662374231e+00,        -2.415745148519e+00,        -2.181647834809e+00,        +7.071067811865e+00,        -1.407903186526e-01,        -2.415409251214e+00,        -1.445055462589e+00,        +3.983881087626e+00,        -2.415745148519e+00,        -2.181647834809e+00,        +4.643276355114e+00,        -2.030359797902e+00
 2.16000000e+02,        +7.071067811865e+00,        +4.539448566338e+00,        -2.002236483167e+00,        -2.420210187263e+00,        -2.124699985462e+00,        -1.300877527972e+00,        +3.997742741650e+00,        -2.053439800696e-01,        -2.445766256027e+00,        +7.071067811865e+00,        -2.420210187263e+00,        -2.124699985462e+00,        +4.540499718518e+00,        -2.008754954901e+00,        -2.019571465928e-01,        -2.442849828374e+00,        -1.300720341667e+00,        +3.997507131205e+00,        +7.071067811865e+00,        -1.300877527972e+00,        +3.997742741650e+00,        -2.019571465928e-01,        -2.442849828374e+00,        +4.542934451881e+00,        -2.010047386554e+00,        -2.418336602711e+00,        -2.127847504948e+00,        +7.071067811865e+00,        -2.053439800696e-01,        -2.445766256027e+00,        -1.300720341667e+00,        +3.997507131205e+00,        -2.418336602711e+00,        -2.127847504948e+00,        +4.541035646010e+00,        -2.003597260221e+00
 2.17600000e+02,        +7.071067811865e+00,        +4.440517577232e+00,        -1.971029645475e+00,        -2.421861736902e+00,        -2.073680254416e+00,        -1.158657958592e+00,        +4.006000996953e+00,        -2.710941244864e-01,        -2.472544903745e+00,        +7.071067811865e+00,        -2.421861736902e+00,        -2.073680254416e+00,        +4.441504117097e+00,        -1.977675771250e+00,        -2.675510349210e-01,        -2.469745187887e+00,        -1.158514609541e+00,        +4.005757375604e+00,        +7.071067811865e+00,        -1.158657958592e+00,        +4.006000996953e+00,        -2.675510349210e-01,        -2.469745187887e+00,        +4.443882510003e+00,        -1.978957395765e+00,        -2.420081859426e+00,        -2.076866488814e+00,        +7.071067811865e+00,        -2.710941244864e-01,        -2.472544903745e+00,        -1.158514609541e+00,        +4.005757375604e+00,        -2.420081859426e+00,        -2.076866488814e+00,        +4.442062830429e+00,        -1.972363463541e+00
 2.19200000e+02,        +7.071067811865e+00,        +4.345014076506e+00,        -1.935672165272e+00,        -2.422933666385e+00,        -2.025370083927e+00,        -1.018737493699e+00,        +4.009169693483e+00,        -3.377794830013e-01,        -2.495827647986e+00,        +7.071067811865e+00,        -2.422933666385e+00,        -2.025370083927e+00,        +4.345930861935e+00,        -1.942443666853e+00,        -3.340868409515e-01,        -2.493150228109e+00,        -1.018608127227e+00,        +4.008919011119e+00,        +7.071067811865e+00,        -1.018737493698e+00,        +4.009169693483e+00,        -3.340868409515e-01,        -2.493150228109e+00,        +4.348256005461e+00,        -1.943712471357e+00,        -2.421247389606e+00,        -2.028591640005e+00,        +7.071067811865e+00,        -3.377794830013e-01,        -2.495827647986e+00,        -1.018608127227e+00,        +4.008919011119e+00,        -2.421247389606e+00,        -2.028591640005e+00,        +4.346520675551e+00,        -1.936978751432e+00
 2.20800000e+02,        +7.071067811865e+00,        +4.253071836002e+00,        -1.896482554243e+00,        -2.423667077069e+00,        -1.979640882390e+00,        -8.812576646230e-01,        +4.007533609470e+00,        -4.051632384498e-01,        -2.515711241251e+00,        +7.071067811865e+00,        -2.423667077069e+00,        -1.979640882390e+00,        +4.253913894399e+00,        -1.903376832290e+00,        -4.013277623595e-01,        -2.513161210316e+00,        -8.811423603316e-01,        +4.007276780815e+00,        +7.071067811865e+00,        -8.812576646230e-01,        +4.007533609470e+00,        -4.013277623594e-01,        -2.513161210316e+00,        +4.256188866127e+00,        -1.904631069283e+00,        -2.422074188164e+00,        -1.982894459861e+00,        +7.071067811865e+00,        -4.051632384498e-01,        -2.515711241251e+00,        -8.811423603316e-01,        +4.007276780815e+00,        -2.422074188164e+00,        -1.982894459861e+00,        +4.254542803303e+00,        -1.897761825114e+00
 2.22400000e+02,        +7.071067811865e+00,        +4.164797229253e+00,        -1.853775231647e+00,        -2.424278089297e+00,        -1.936352205083e+00,        -7.463334112068e-01,        +4.001372599422e+00,        -4.730324568550e-01,        -2.532303235550e+00,        +7.071067811865e+00,        -2.424278089297e+00,        -1.936352205083e+00,        +4.165559779724e+00,        -1.860789387749e+00,        -4.690608485385e-01,        -2.529885226511e+00,        -7.462321899892e-01,        +4.001110501032e+00,        +7.071067811865e+00,        -7.463334112068e-01,        +4.001372599422e+00,        -4.690608485385e-01,        -2.529885226511e+00,        +4.167787628593e+00,        -1.862027560375e+00,        -2.422778276970e+00,        -1.939634596944e+00,        +7.071067811865e+00,        -4.730324568550e-01,        -2.532303235550e+00,        -7.462321899892e-01,        +4.001110501032e+00,        -2.422778276970e+00,        -1.939634596944e+00,        +4.166235436103e+00,        -1.855027272283e+00
 2.24000000e+02,        +7.071067811865e+00,        +4.080271126442e+00,        -1.807858414174e+00,        -2.424958673514e+00,        -1.895354883761e+00,        -6.140550470960e-01,        +3.990959479065e+00,        -5.411971880959e-01,        -2.545718856029e+00,        +7.071067811865e+00,        -2.424958673514e+00,        -1.895354883761e+00,        +4.080949598491e+00,        -1.814989273860e+00,        -5.370961064472e-01,        -2.543437073499e+00,        -6.139678778713e-01,        +3.990692947203e+00,        +7.071067811865e+00,        -6.140550470960e-01,        +3.990959479065e+00,        -5.370961064472e-01,        -2.543437073499e+00,        +4.083133331839e+00,        -1.816210121171e+00,        -2.423551535668e+00,        -1.898662976165e+00,        +7.071067811865e+00,        -5.411971880959e-01,        -2.545718856029e+00,        -6.139678778713e-01,        +3.990692947203e+00,        -2.423551535668e+00,        -1.898662976165e+00,        +4.081679293436e+00,        -1.809083458689e+00
 2.25600000e+02,        +7.071067811865e+00,        +3.999550880418e+00,        -1.759032357972e+00,        -2.425877730599e+00,        -1.856493783957e+00,        -4.844903191453e-01,        +3.976558265429e+00,        -6.094893144195e-01,        -2.556078249791e+00,        +7.071067811865e+00,        -2.425877730599e+00,        -1.856493783957e+00,        +4.000140929353e+00,        -1.766276494198e+00,        -6.052653539209e-01,        -2.553936501577e+00,        -4.844171252301e-01,        +3.976288094698e+00,        +7.071067811865e+00,        -4.844903191453e-01,        +3.976558265429e+00,        -6.052653539209e-01,        -2.553936501577e+00,        +4.002283501966e+00,        -1.767478976626e+00,        -2.424562781656e+00,        -1.859824555647e+00,        +7.071067811865e+00,        -6.094893144195e-01,        -2.556078249791e+00,        -4.844171252301e-01,        +3.976288094698e+00,        -2.424562781656e+00,        -1.859824555647e+00,        +4.000931579192e+00,        -1.760230771872e+00
 2.27200000e+02,        +7.071067811865e+00,        +3.922672351293e+00,        -1.707587934454e+00,        -2.427182351468e+00,        -1.819610198850e+00,        -3.576865084511e-01,        +3.958422754008e+00,        -6.777612167299e-01,        -2.563504101278e+00,        +7.071067811865e+00,        -2.427182351468e+00,        -1.819610198850e+00,        +3.923169870532e+00,        -1.714941691137e+00,        -6.734208903527e-01,        -2.561505829319e+00,        -3.576271735236e-01,        +3.958149696641e+00,        +7.071067811865e+00,        -3.576865084511e-01,        +3.958422754008e+00,        -6.734208903526e-01,        -2.561505829319e+00,        +3.925274175517e+00,        -1.716124976341e+00,        -2.425959029318e+00,        -1.822960720185e+00,        +7.071067811865e+00,        -6.777612167299e-01,        -2.563504101278e+00,        -3.576271735236e-01,        +3.958149696641e+00,        -2.425959029318e+00,        -1.822960720185e+00,        +3.924028007277e+00,        -1.708760198613e+00
 2.28800000e+02,        +7.071067811865e+00,        +3.849651925040e+00,        -1.653805515794e+00,        -2.428999195206e+00,        -1.784543896780e+00,        -2.336725284825e-01,        +3.936795409249e+00,        -7.458843194010e-01,        -2.568119597440e+00,        +7.071067811865e+00,        -2.428999195206e+00,        -1.784543896780e+00,        +3.850053055600e+00,        -1.661265031038e+00,        -7.414340454749e-01,        -2.566267907764e+00,        -2.336269021070e-01,        +3.936520174932e+00,        +7.071067811865e+00,        -2.336725284825e-01,        +3.936795409249e+00,        -7.414340454749e-01,        -2.566267907764e+00,        +3.852121916901e+00,        -1.662428480260e+00,        -2.427866867749e+00,        -1.787911328383e+00,        +7.071067811865e+00,        -7.458843194010e-01,        -2.568119597440e+00,        -2.336269021070e-01,        +3.936520174932e+00,        -2.427866867749e+00,        -1.787911328383e+00,        +3.850984821001e+00,        -1.654952212006e+00
 2.30400000e+02,        +7.071067811865e+00,        +3.780488489497e+00,        -1.597954142310e+00,        -2.431435934189e+00,        -1.751134845245e+00,        -1.124609836686e-01,        +3.911906540911e+00,        -8.137475651685e-01,        -2.570046720138e+00,        +7.071067811865e+00,        -2.431435934189e+00,        -1.751134845245e+00,        +3.780789626918e+00,        -1.605515371028e+00,        -8.091936577981e-01,        -2.568344411539e+00,        -1.124288863651e-01,        +3.911629797058e+00,        +7.071067811865e+00,        -1.124609836686e-01,        +3.911906540910e+00,        -8.091936577980e-01,        -2.568344411539e+00,        +3.782825793288e+00,        -1.606658526070e+00,        -2.430393905444e+00,        -1.754516436329e+00,        +7.071067811865e+00,        -8.137475651685e-01,        -2.570046720138e+00,        -1.124288863651e-01,        +3.911629797058e+00,        -2.430393905444e+00,        -1.754516436329e+00,        +3.781800769653e+00,        -1.599075940310e+00
 2.32000000e+02,        +7.071067811865e+00,        +3.715165338654e+00,        -1.540290941816e+00,        -2.434582723477e+00,        -1.719224638067e+00,        +5.949840697306e-03,        +3.883973736773e+00,        -8.812558628414e-01,        -2.569404839448e+00,        +7.071067811865e+00,        -2.434582723477e+00,        -1.719224638067e+00,        +3.715363137659e+00,        -1.547949677532e+00,        -8.766045254540e-01,        -2.567854430650e+00,        +5.968612840801e-03,        +3.883696109152e+00,        +7.071067811865e+00,        +5.949840697326e-03,        +3.883973736773e+00,        -8.766045254539e-01,        -2.567854430650e+00,        +3.717369277912e+00,        -1.549072248423e+00,        -2.433630239240e+00,        -1.722617724471e+00,        +7.071067811865e+00,        -8.812558628413e-01,        -2.569404839448e+00,        +5.968612840801e-03,        +3.883696109152e+00,        -2.433630239240e+00,        -1.722617724471e+00,        +3.716459013180e+00,        -1.541388587674e+00
 2.33600000e+02,        +7.071067811865e+00,        +3.653651983076e+00,        -1.481060770331e+00,        -2.438513659986e+00,        -1.688657654433e+00,        +1.215740794710e-01,        +3.853201521474e+00,        -9.483285423761e-01,        -2.566309579479e+00,        +7.071067811865e+00,        -2.438513659986e+00,        -1.688657654433e+00,        +3.653743360232e+00,        -1.488812665992e+00,        -9.435858640056e-01,        -2.564913334633e+00,        +1.215797506347e-01,        +3.852923595096e+00,        +7.071067811865e+00,        +1.215740794710e-01,        +3.853201521474e+00,        -9.435858640056e-01,        -2.564913334633e+00,        +3.655722059611e+00,        -1.489914519406e+00,        -2.437649913022e+00,        -1.692059656425e+00,        +7.071067811865e+00,        -9.483285423760e-01,        -2.566309579479e+00,        +1.215797506347e-01,        +3.852923595096e+00,        -2.437649913022e+00,        -1.692059656425e+00,        +3.654928932863e+00,        -1.482135076112e+00
 2.35200000e+02,        +7.071067811865e+00,        +3.595905850479e+00,        -1.420496043902e+00,        -2.443288204375e+00,        -1.659281979309e+00,        +2.344364956563e-01,        +3.819781211639e+00,        -1.014897844457e+00,        -2.560871927599e+00,        +7.071067811865e+00,        -2.443288204375e+00,        -1.659281979309e+00,        +3.595887985151e+00,        -1.428336631569e+00,        -1.010069798387e+00,        -2.559631880000e+00,        +2.344293065573e-01,        +3.819503531845e+00,        +7.071067811865e+00,        +2.344364956563e-01,        +3.819781211639e+00,        -1.010069798387e+00,        -2.559631880001e+00,        +3.597841742656e+00,        -1.429417780031e+00,        -2.442512339140e+00,        -1.662690399210e+00,        +7.071067811865e+00,        -1.014897844457e+00,        -2.560871927599e+00,        +2.344293065572e-01,        +3.819503531845e+00,        -2.442512339140e+00,        -1.662690399210e+00,        +3.597167832020e+00,        -1.421547878462e+00
 2.36800000e+02,        +7.071067811865e+00,        +3.541873865894e+00,        -1.358816732446e+00,        -2.448952545145e+00,        -1.630950114380e+00,        +3.445708060984e-01,        +3.783890938658e+00,        -1.080907465187e+00,        -2.553197558318e+00,        +7.071067811865e+00,        -2.448952545145e+00,        -1.630950114380e+00,        +3.541744199743e+00,        -1.366741441808e+00,        -1.075999909605e+00,        -2.552115532283e+00,        +3.445510106682e-01,        +3.783614012340e+00,        +7.071067811865e+00,        +3.445708060984e-01,        +3.783890938658e+00,        -1.075999909605e+00,        -2.552115532283e+00,        +3.543675426259e+00,        -1.367802033706e+00,        -2.448263662027e+00,        -1.634362534044e+00,        +7.071067811865e+00,        -1.080907465187e+00,        -2.553197558318e+00,        +3.445510106682e-01,        +3.783614012340e+00,        -2.448263662027e+00,        -1.634362534044e+00,        +3.543122516206e+00,        -1.359847013272e+00
 2.38400000e+02,        +7.071067811865e+00,        +3.491493905424e+00,        -1.296230488333e+00,        -2.455540890108e+00,        -1.603519507561e+00,        +4.520181310330e-01,        +3.745695812265e+00,        -1.146311170860e+00,        -2.543386344169e+00,        +7.071067811865e+00,        -2.455540890108e+00,        -1.603519507561e+00,        +3.491250140693e+00,        -1.304234663996e+00,        -1.141329851201e+00,        -2.542463975048e+00,        +4.519859934768e-01,        +3.745420109158e+00,        +7.071067811865e+00,        +4.520181310331e-01,        +3.745695812265e+00,        -1.141329851201e+00,        -2.542463975048e+00,        +3.493161157809e+00,        -1.305274974399e+00,        -2.454938049197e+00,        -1.606933585776e+00,        +7.071067811865e+00,        -1.146311170860e+00,        -2.543386344169e+00,        +4.519859934768e-01,        +3.745420109158e+00,        -2.454938049197e+00,        -1.606933585776e+00,        +3.492730746929e+00,        -1.297240174313e+00
 2.40000000e+02,        +7.071067811865e+00,        +3.444696121397e+00,        -1.232932884546e+00,        -2.463076675213e+00,        -1.576852927502e+00,        +5.568255698986e-01,        +3.705348200236e+00,        -1.211071493014e+00,        -2.531532027622e+00,        +7.071067811865e+00,        -2.463076675213e+00,        -1.576852927502e+00,        +3.444336218215e+00,        -1.241011802087e+00,        -1.206022045701e+00,        -2.530770779957e+00,        +5.567813621055e-01,        +3.705074154234e+00,        +7.071067811865e+00,        +5.568255698986e-01,        +3.705348200236e+00,        -1.206022045701e+00,        -2.530770779957e+00,        +3.446229257579e+00,        -1.242032224375e+00,        -2.462558899599e+00,        -1.580266397352e+00,        +7.071067811865e+00,        -1.211071493014e+00,        -2.531532027622e+00,        +5.567813621055e-01,        +3.705074154234e+00,        -2.462558899599e+00,        -1.580266397352e+00,        +3.445922566706e+00,        -1.233922969569e+00
