        f (GHz),            I_inc[1][1] (A),            Re{I[1][1]} (A),            Im{I[1][1]} (A),            Re{I[2][1]} (A),            Im{I[2][1]} (A),            Re{I[3][1]} (A),            Im{I[3][1]} (A),            Re{I[4][1]} (A),            Im{I[4][1]} (A),            I_inc[2][2] (A),            Re{I[1][2]} (A),            Im{I[1][2]} (A),            Re{I[2][2]} (A),            Im{I[2][2]} (A),            Re{I[3][2]} (A),            Im{I[3][2]} (A),            Re{I[4][2]} (A),            Im{I[4][2]} (A),            I_inc[3][3] (A),            Re{I[1][3]} (A),            Im{I[1][3]} (A),            Re{I[2][3]} (A),            Im{I[2][3]} (A),            Re{I[3][3]} (A),            Im{I[3][3]} (A),            Re{I[4][3]} (A),            Im{I[4][3]} (A),            I_inc[4][4] (A),            Re{I[1][4]} (A),            Im{I[1][4]} (A),            Re{I[2][4]} (A),            Im{I[2][4]} (A),            Re{I[3][4]} (A),            Im{I[3][4]} (A),            Re{I[4][4]} (A),            Im{I[4][4]} (A)
 8.00000000e+01,        +1.414213562373e-01,        +6.926883406718e-02,        +2.906509465097e-02,        +3.942291326866e-02,        -4.478606668249e-02,        +1.341216097007e-02,        -7.179610668186e-02,        +2.804768707045e-02,        -5.286885424957e-02,        +1.414213562373e-01,        +3.942291326866e-02,        -4.478606668249e-02,        +6.926301660248e-02,        +2.902685290797e-02,        +2.807022694211e-02,        -5.287249680795e-02,        +1.341253859425e-02,        -7.179678643482e-02,        +1.414213562373e-01,        +1.341216097007e-02,        -7.179610668186e-02,        +2.807022694211e-02,        -5.287249680795e-02,        +6.926034379751e-02,        +2.905890245710e-02,        +3.941255024321e-02,        -4.476913249659e-02,        +1.414213562373e-01,        +2.804768707045e-02,        -5.286885424957e-02,        +1.341253859425e-02,        -7.179678643482e-02,        +3.941255024321e-02,        -4.476913249659e-02,        +6.926655218294e-02,        +2.909489846702e-02
 8.16000000e+01,        +1.414213562373e-01,        +6.983271124918e-02,        +3.019563448708e-02,        +3.879149069506e-02,        -4.507938327258e-02,        +1.149247126469e-02,        -7.246020855549e-02,        +2.681596463135e-02,        -5.318219858077e-02,        +1.414213562373e-01,        +3.879149069506e-02,        -4.507938327258e-02,        +6.982641844570e-02,        +3.015684741466e-02,        +2.683860371318e-02,        -5.318674446281e-02,        +1.149282703123e-02,        -7.246094092198e-02,        +1.414213562373e-01,        +1.149247126469e-02,        -7.246020855549e-02,        +2.683860371318e-02,        -5.318674446281e-02,        +6.982423027324e-02,        +3.019007722887e-02,        +3.878134408313e-02,        -4.506143478912e-02,        +1.414213562373e-01,        +2.681596463135e-02,        -5.318219858077e-02,        +1.149282703123e-02,        -7.246094092198e-02,        +3.878134408313e-02,        -4.506143478912e-02,        +6.983094853385e-02,        +3.022659636822e-02
 8.32000000e+01,        +1.414213562373e-01,        +7.045324133035e-02,        +3.132878363914e-02,        +3.817957347708e-02,        -4.536377849166e-02,        +9.541183920493e-03,        -7.308998783134e-02,        +2.557864493211e-02,        -5.346698284487e-02,        +1.414213562373e-01,        +3.817957347708e-02,        -4.536377849166e-02,        +7.044646722097e-02,        +3.128948579619e-02,        +2.560133724934e-02,        -5.347245529045e-02,        +9.541512733976e-03,        -7.309077314123e-02,        +1.414213562373e-01,        +9.541183920493e-03,        -7.308998783134e-02,        +2.560133724934e-02,        -5.347245529045e-02,        +7.044481273231e-02,        +3.132390788960e-02,        +3.816969027139e-02,        -4.534479435326e-02,        +1.414213562373e-01,        +2.557864493211e-02,        -5.346698284487e-02,        +9.541512733976e-03,        -7.309077314123e-02,        +3.816969027139e-02,        -4.534479435326e-02,        +7.045205301170e-02,        +3.136091503472e-02
 8.48000000e+01,        +1.414213562373e-01,        +7.113200639154e-02,        +3.246208535669e-02,        +3.758774016965e-02,        -4.564095126416e-02,        +7.557385841998e-03,        -7.368438461384e-02,        +2.433569727366e-02,        -5.372287882959e-02,        +1.414213562373e-01,        +3.758774016965e-02,        -4.564095126416e-02,        +7.112474723046e-02,        +3.242231279833e-02,        +2.435839455103e-02,        -5.372929971774e-02,        +7.557682514993e-03,        -7.368522279398e-02,        +1.414213562373e-01,        +7.557385841998e-03,        -7.368438461384e-02,        +2.435839455103e-02,        -5.372929971774e-02,        +7.112367751839e-02,        +3.245793784658e-02,        +3.757816983408e-02,        -4.562091133312e-02,        +1.414213562373e-01,        +2.433569727366e-02,        -5.372287882959e-02,        +7.557682514993e-03,        -7.368522279398e-02,        +3.757816983408e-02,        -4.562091133312e-02,        +7.113144994165e-02,        +3.249539575307e-02
 8.64000000e+01,        +1.414213562373e-01,        +7.187055063372e-02,        +3.359293952670e-02,        +3.701650385982e-02,        -4.591267598143e-02,        +5.540133456134e-03,        -7.424217597929e-02,        +2.308708513469e-02,        -5.394946084688e-02,        +1.414213562373e-01,        +3.701650385982e-02,        -4.591267598143e-02,        +7.186280507255e-02,        +3.355272972030e-02,        +2.310973673216e-02,        -5.395685056014e-02,        +5.540392724994e-03,        -7.424306655455e-02,        +1.414213562373e-01,        +5.540133456134e-03,        -7.424217597929e-02,        +2.310973673216e-02,        -5.395685056014e-02,        +7.186237333042e-02,        +3.358956690449e-02,        +3.700729839546e-02,        -4.589156149817e-02,        +1.414213562373e-01,        +2.308708513469e-02,        -5.394946084688e-02,        +5.540392724994e-03,        -7.424306655455e-02,        +3.700729839546e-02,        -4.589156149817e-02,        +7.187068579996e-02,        +3.362743628576e-02
 8.80000000e+01,        +1.414213562373e-01,        +7.267037343217e-02,        +3.471859349918e-02,        +3.646630611015e-02,        -4.618080660104e-02,        +3.488463340239e-03,        -7.476196448579e-02,        +2.183277586854e-02,        -5.414619923507e-02,        +1.414213562373e-01,        +3.646630611015e-02,        -4.618080660104e-02,        +7.266214270112e-02,        +3.467798522726e-02,        +2.185532871673e-02,        -5.415457650961e-02,        +3.488679880151e-03,        -7.476290658116e-02,        +1.414213562373e-01,        +3.488463340239e-03,        -7.476196448579e-02,        +2.185532871673e-02,        -5.415457650961e-02,        +7.266240427758e-02,        +3.471604206123e-02,        +3.645752011799e-02,        -4.615860035761e-02,        +1.414213562373e-01,        +2.183277586854e-02,        -5.414619923507e-02,        +3.488679880151e-03,        -7.476290658116e-02,        +3.645752011799e-02,        -4.615860035761e-02,        +7.267126226527e-02,        +3.475428168338e-02
 8.96000000e+01,        +1.414213562373e-01,        +7.353292091000e-02,        +3.583613249921e-02,        +3.593750971733e-02,        -4.644728082540e-02,        +1.401404285461e-03,        -7.524216657476e-02,        +2.057275153969e-02,        -5.431245408706e-02,        +1.414213562373e-01,        +3.593750971733e-02,        -4.644728082540e-02,        +7.352420900442e-02,        +3.579516574810e-02,        +2.059515007648e-02,        -5.432183584749e-02,        +1.401572723675e-03,        -7.524315891906e-02,        +1.414213562373e-01,        +1.401404285461e-03,        -7.524216657476e-02,        +2.059515007648e-02,        -5.432183584749e-02,        +7.352522145102e-02,        +3.583444788743e-02,        +3.592920045602e-02,        -4.642396735465e-02,        +1.414213562373e-01,        +2.057275153969e-02,        -5.431245408706e-02,        +1.401572723676e-03,        -7.524315891906e-02,        +3.592920045602e-02,        -4.642396735465e-02,        +7.353462778890e-02,        +3.587301468274e-02
 9.12000000e+01,        +1.414213562373e-01,        +7.445957585541e-02,        +3.694246973211e-02,        +3.543039015453e-02,        -4.671412423852e-02,        -7.220090450451e-04,        -7.568100095168e-02,        +1.930702101492e-02,        -5.444746930582e-02,        +1.414213562373e-01,        +3.543039015453e-02,        -4.671412423852e-02,        +7.445038972875e-02,        +3.690118556510e-02,        +1.932920712446e-02,        -5.445787048406e-02,        -7.218941198591e-04,        -7.568204188302e-02,        +1.414213562373e-01,        -7.220090450452e-04,        -7.568100095168e-02,        +1.932920712446e-02,        -5.445787048406e-02,        +7.445221283637e-02,        +3.694169659646e-02,        +3.542261759145e-02,        -4.668969001901e-02,        +1.414213562373e-01,        +1.930702101492e-02,        -5.444746930582e-02,        -7.218941198589e-04,        -7.568204188302e-02,        +3.542261759145e-02,        -4.668969001901e-02,        +7.446216750974e-02,        +3.698054579711e-02
 9.28000000e+01,        +1.414213562373e-01,        +7.545164579921e-02,        +3.803433631700e-02,        +3.494512556303e-02,        -4.698345425344e-02,        -2.882720693024e-03,        -7.607647706176e-02,        +1.803563342959e-02,        -5.455036711515e-02,        +1.414213562373e-01,        +3.494512556303e-02,        -4.698345425344e-02,        +7.544199556401e-02,        +3.799277672934e-02,        +1.805754638482e-02,        -5.456180045291e-02,        -2.882664728312e-03,        -7.607756453377e-02,        +1.414213562373e-01,        -2.882720693024e-03,        -7.607647706175e-02,        +1.805754638482e-02,        -5.456180045291e-02,        +7.544469138285e-02,        +3.803451794064e-02,        +3.493795241752e-02,        -4.695788792967e-02,        +1.414213562373e-01,        +1.803563342959e-02,        -5.455036711515e-02,        -2.882664728311e-03,        -7.607756453377e-02,        +3.493795241752e-02,        -4.695788792967e-02,        +7.545519133091e-02,        +3.807360323239e-02
 9.44000000e+01,        +1.414213562373e-01,        +7.651034906261e-02,        +3.910827121694e-02,        +3.448178515826e-02,        -4.725748369161e-02,        -5.081636038547e-03,        -7.642638380979e-02,        +1.675869315203e-02,        -5.462014318491e-02,        +1.414213562373e-01,        +3.448178515826e-02,        -4.725748369161e-02,        +7.650024820122e-02,        +3.906647896789e-02,        +1.678026956083e-02,        -5.463261901936e-02,        -5.081644525640e-03,        -7.642751539478e-02,        +1.414213562373e-01,        -5.081636038547e-03,        -7.642638380979e-02,        +1.678026956083e-02,        -5.463261901936e-02,        +7.650388103869e-02,        +3.910944910226e-02,        +3.447527693689e-02,        -4.723077630942e-02,        +1.414213562373e-01,        +1.675869315203e-02,        -5.462014318491e-02,        -5.081644525639e-03,        -7.642751539478e-02,        +3.447527693689e-02,        -4.723077630943e-02,        +7.651491996833e-02,        +3.914872279432e-02
 9.60000000e+01,        +1.414213562373e-01,        +7.763679858181e-02,        +4.016061137164e-02,        +3.404031591841e-02,        -4.753852378055e-02,        -7.319602306068e-03,        -7.672827871174e-02,        +1.547637636807e-02,        -5.465566256548e-02,        +1.414213562373e-01,        +3.404031591841e-02,        -4.753852378055e-02,        +7.762626416738e-02,        +4.011862978591e-02,        +1.549755012234e-02,        -5.466918859701e-02,        -7.319680799960e-03,        -7.672945159370e-02,        +1.414213562373e-01,        -7.319602306068e-03,        -7.672827871174e-02,        +1.549755012234e-02,        -5.466918859701e-02,        +7.763090055976e-02,        +4.016282478620e-02,        +3.403454094351e-02,        -4.751066903826e-02,        +1.414213562373e-01,        +1.547637636807e-02,        -5.465566256548e-02,        -7.319680799959e-03,        -7.672945159370e-02,        +3.403454094351e-02,        -4.751066903826e-02,        +7.764246877565e-02,        +4.020223798875e-02
 9.76000000e+01,        +1.414213562373e-01,        +7.883198331722e-02,        +4.118748228276e-02,        +3.362052743157e-02,        -4.782898631576e-02,        -9.597386758172e-03,        -7.697947770972e-02,        +1.418894940207e-02,        -5.465565666710e-02,        +1.414213562373e-01,        +3.362052743157e-02,        -4.782898631576e-02,        +7.882103624079e-02,        +4.114535501072e-02,        +1.420965162826e-02,        -5.467023770567e-02,        -9.597540906260e-03,        -7.698068865705e-02,        +1.414213562373e-01,        -9.597386758172e-03,        -7.697947770972e-02,        +1.420965162826e-02,        -5.467023770567e-02,        +7.882674489954e-02,        +4.119076776415e-02,        +3.361555686470e-02,        -4.779998083437e-02,        +1.414213562373e-01,        +1.418894940207e-02,        -5.465565666710e-02,        -9.597540906259e-03,        -7.698068865705e-02,        +3.361555686470e-02,        -4.779998083437e-02,        +7.883882914696e-02,        +4.123027056154e-02
 9.92000000e+01,        +1.414213562373e-01,        +8.009674706105e-02,        +4.218478935100e-02,        +3.322207479091e-02,        -4.813138468788e-02,        -1.191565239677e-02,        -7.717704593203e-02,        +1.289678887882e-02,        -5.461872156527e-02,        +1.414213562373e-01,        +3.322207479091e-02,        -4.813138468788e-02,        +8.008541225399e-02,        +4.214256007746e-02,        +1.291694788956e-02,        -5.463435924891e-02,        -1.191588796546e-02,        -7.717829124069e-02,        +1.414213562373e-01,        -1.191565239677e-02,        -7.717704593203e-02,        +1.291694788956e-02,        -5.463435924891e-02,        +8.009226399540e-02,        +4.218918016856e-02,        +3.321798265155e-02,        -4.810122830746e-02,        +1.414213562373e-01,        +1.289678887882e-02,        -5.461872156527e-02,        -1.191588796546e-02,        -7.717829124069e-02,        +3.321798265155e-02,        -4.810122830746e-02,        +8.010484730132e-02,        +4.222872177842e-02
 1.00800000e+02,        +1.414213562373e-01,        +8.143176447123e-02,        +4.314821031932e-02,        +3.284443944913e-02,        -4.844833342608e-02,        -1.427493100350e-02,        -7.731778973598e-02,        +1.160040381034e-02,        -5.454331796452e-02,        +1.414213562373e-01,        +3.284443944913e-02,        -4.844833342608e-02,        +8.142007110481e-02,        +4.310592241677e-02,        +1.161994506113e-02,        -5.456001044058e-02,        -1.427525388399e-02,        -7.731906514143e-02,        +1.414213562373e-01,        -1.427493100350e-02,        -7.731778973598e-02,        +1.161994506113e-02,        -5.456001044058e-02,        +8.142813877847e-02,        +4.315373588844e-02,        +3.284130262367e-02,        -4.841702953809e-02,        +1.414213562373e-01,        +1.160040381034e-02,        -5.454331796452e-02,        -1.427525388399e-02,        -7.731906514143e-02,        +3.284130262367e-02,        -4.841702953809e-02,        +8.144120026708e-02,        +4.319326480880e-02
 1.02400000e+02,        +1.414213562373e-01,        +8.283751418275e-02,        +4.407318923742e-02,        +3.248690797567e-02,        -4.878254585439e-02,        -1.667559337279e-02,        -7.739825043258e-02,        +1.030045966113e-02,        -5.442777320765e-02,        +1.414213562373e-01,        +3.248690797567e-02,        -4.878254585439e-02,        +8.282549582510e-02,        +4.403088537139e-02,        +1.031930572233e-02,        -5.444551476835e-02,        -1.667600954684e-02,        -7.739955100331e-02,        +1.414213562373e-01,        -1.667559337279e-02,        -7.739825043258e-02,        +1.031930572233e-02,        -5.444551476835e-02,        +8.283485425542e-02,        +4.407987447943e-02,        +3.248480620410e-02,        -4.875010177821e-02,        +1.414213562373e-01,        +1.030045966113e-02,        -5.442777320765e-02,        -1.667600954684e-02,        -7.739955100331e-02,        +3.248480620410e-02,        -4.875010177821e-02,        +8.284836891628e-02,        +4.411933864599e-02
 1.04000000e+02,        +1.414213562373e-01,        +8.431424888208e-02,        +4.495493242810e-02,        +3.214854870432e-02,        -4.913682940067e-02,        -1.911781662449e-02,        -7.741470015938e-02,        +8.997804401605e-03,        -5.427028577574e-02,        +1.414213562373e-01,        +3.214854870432e-02,        -4.913682940067e-02,        +8.430194360148e-02,        +4.491265413300e-02,        +9.015874961316e-03,        -5.428906644523e-02,        -1.911833208283e-02,        -7.741602019659e-02,        +1.414213562373e-01,        -1.911781662449e-02,        -7.741470015938e-02,        +9.015874961316e-03,        -5.428906644523e-02,        +8.431266954270e-02,        +4.496279706864e-02,        +3.214756452667e-02,        -4.910325680495e-02,        +1.414213562373e-01,        +8.997804401605e-03,        -5.427028577574e-02,        -1.911833208283e-02,        -7.741602019659e-02,        +3.214756452666e-02,        -4.910325680495e-02,        +8.432660794804e-02,        +4.500214405932e-02
 1.05600000e+02,        +1.414213562373e-01,        +8.586196227975e-02,        +4.578840700468e-02,        +3.182818631796e-02,        -4.951407803976e-02,        -2.160154853155e-02,        -7.736314043770e-02,        +7.693496502070e-03,        -5.406893278276e-02,        +1.414213562373e-01,        +3.182818631796e-02,        -4.951407803976e-02,        +8.584941269778e-02,        +4.574619424986e-02,        +7.710708414868e-03,        -5.408873786130e-02,        -2.160216915576e-02,        -7.736447340569e-02,        +1.414213562373e-01,        -2.160154853155e-02,        -7.736314043770e-02,        +7.710708414868e-03,        -5.408873786130e-02,        +8.586158478325e-02,        +4.579746480718e-02,        +3.182840496396e-02,        -4.947939339908e-02,        +1.414213562373e-01,        +7.693496502070e-03,        -5.406893278276e-02,        -2.160216915576e-02,        -7.736447340569e-02,        +3.182840496396e-02,        -4.947939339908e-02,        +8.587591277781e-02,        +4.583664212852e-02
 1.07200000e+02,        +1.414213562373e-01,        +8.748035298146e-02,        +4.656834256008e-02,        +3.152437449204e-02,        -4.991726129486e-02,        -2.412646886319e-02,        -7.723930402186e-02,        +6.388834744928e-03,        -5.382168102697e-02,        +1.414213562373e-01,        +3.152437449204e-02,        -4.991726129486e-02,        +8.746760629018e-02,        +4.652623331485e-02,        +6.405102135694e-03,        -5.384249060296e-02,        -2.412720029509e-02,        -7.724064251980e-02,        +1.414213562373e-01,        -2.412646886319e-02,        -7.723930402186e-02,        +6.405102135694e-03,        -5.384249060296e-02,        +8.748130494427e-02,        +4.657860049670e-02,        +3.152588370573e-02,        -4.988148636657e-02,        +1.414213562373e-01,        +6.388834744928e-03,        -5.382168102697e-02,        -2.412720029508e-02,        -7.724064251979e-02,        +3.152588370572e-02,        -4.988148636657e-02,        +8.749598334784e-02,        +4.661755596447e-02
 1.08800000e+02,        +1.414213562373e-01,        +8.916878534373e-02,        +4.728923671703e-02,        +3.123536681253e-02,        -5.034940916691e-02,        -2.669194782900e-02,        -7.703866071859e-02,        +5.085389640301e-03,        -5.352640221644e-02,        +1.414213562373e-01,        +3.123536681253e-02,        -5.034940916691e-02,        +8.915589329987e-02,        +4.724726650948e-02,        +5.100624065417e-03,        -5.354819065627e-02,        -2.669279534930e-02,        -7.703999648631e-02,        +1.414213562373e-01,        -2.669194782900e-02,        -7.703866071859e-02,        +5.100624065417e-03,        -5.354819065627e-02,        +8.917120058416e-02,        +4.730069408482e-02,        +3.123825661188e-02,        -5.031257147440e-02,        +1.414213562373e-01,        +5.085389640301e-03,        -5.352640221643e-02,        -2.669279534930e-02,        -7.703999648630e-02,        +3.123825661188e-02,        -5.031257147440e-02,        +8.918618494256e-02,        +4.733937628577e-02
 1.10400000e+02,        +1.414213562373e-01,        +9.092624750738e-02,        +4.794536529475e-02,        +3.095908629986e-02,        -5.081359231324e-02,        -2.929700181594e-02,        -7.675642792030e-02,        +3.785036114811e-03,        -5.318089303492e-02,        +1.414213562373e-01,        +3.095908629986e-02,        -5.081359231324e-02,        +9.091326640625e-02,        +4.790356675107e-02,        +3.799146780157e-03,        -5.320362845575e-02,        -2.929797024204e-02,        -7.675775186130e-02,        +1.414213562373e-01,        -2.929700181594e-02,        -7.675642792030e-02,        +3.799146780157e-03,        -5.320362845575e-02,        +9.093026578490e-02,        +4.795801278662e-02,        +3.096344867521e-02,        -5.077572562857e-02,        +1.414213562373e-01,        +3.785036114811e-03,        -5.318089303492e-02,        -2.929797024204e-02,        -7.675775186130e-02,        +3.096344867521e-02,        -5.077572562857e-02,        +9.094550618728e-02,        +4.799637159563e-02
 1.12000000e+02,        +1.414213562373e-01,        +9.275130693463e-02,        +4.853079790267e-02,        +3.069309401122e-02,        -5.131289676152e-02,        -3.194024674156e-02,        -7.638758665276e-02,        +2.489987003340e-03,        -5.278290075143e-02,        +1.414213562373e-01,        +3.069309401122e-02,        -5.131289676152e-02,        +9.273829755497e-02,        +4.848920025550e-02,        +2.502881040340e-03,        -5.280654447773e-02,        -3.194134034121e-02,        -7.638888885919e-02,        +1.414213562373e-01,        -3.194024674156e-02,        -7.638758665276e-02,        +2.502881040340e-03,        -5.280654447773e-02,        +9.275707357756e-02,        +4.854461664305e-02,        +3.069902256390e-02,        -5.127404158514e-02,        +1.414213562373e-01,        +2.489987003340e-03,        -5.278290075143e-02,        -3.194134034121e-02,        -7.638888885919e-02,        +3.069902256390e-02,        -5.127404158514e-02,        +9.277251454038e-02,        +4.858260377313e-02
 1.13600000e+02,        +1.414213562373e-01,        +9.464206393405e-02,        +4.903941981219e-02,        +3.043455735982e-02,        -5.185039242764e-02,        -3.461984950484e-02,        -7.592690397875e-02,        +1.202826707401e-03,        -5.233015509411e-02,        +1.414213562373e-01,        +3.043455735982e-02,        -5.185039242764e-02,        +9.462909143918e-02,        +4.899804837353e-02,        +1.214409512329e-03,        -5.235466109781e-02,        -3.462107191638e-02,        -7.592817375096e-02,        +1.414213562373e-01,        -3.461984950484e-02,        -7.592690397875e-02,        +1.214409512329e-03,        -5.235466109781e-02,        +9.464972934505e-02,        +4.905438036701e-02,        +3.044214687821e-02,        -5.181059646423e-02,        +1.414213562373e-01,        +1.202826707401e-03,        -5.233015509411e-02,        -3.462107191638e-02,        -7.592817375096e-02,        +3.044214687821e-02,        -5.181059646423e-02,        +9.466530975577e-02,        +4.909194994003e-02
 1.15200000e+02,        +1.414213562373e-01,        +9.659610384343e-02,        +4.946496097455e-02,        +3.018021898238e-02,        -5.242909471706e-02,        -3.733347820173e-02,        -7.536896261813e-02,        -7.345580807061e-05,        -5.182040709960e-02,        +1.414213562373e-01,        +3.018021898238e-02,        -5.242909471706e-02,        +9.658323762307e-02,        +4.942383657621e-02,        -6.328016293692e-05,        -5.184572142550e-02,        -3.733483235131e-02,        -7.537018847849e-02,        +1.414213562373e-01,        -3.733347820173e-02,        -7.536896261813e-02,        -6.328016293743e-05,        -5.184572142550e-02,        +9.660582287100e-02,        +4.948102234663e-02,        +3.018956494882e-02,        -5.238841334438e-02,        +1.414213562373e-01,        -7.345580807039e-05,        -5.182040709960e-02,        -3.733483235131e-02,        -7.537018847849e-02,        +3.018956494882e-02,        -5.238841334438e-02,        +9.662147598577e-02,        +4.951813148184e-02
 1.16800000e+02,        +1.414213562373e-01,        +9.861044875260e-02,        +4.980103303841e-02,        +2.992636720136e-02,        -5.305191853527e-02,        -4.007825198396e-02,        -7.470819863076e-02,        -1.335435723449e-03,        -5.125147560336e-02,        +1.414213562373e-01,        +2.992636720136e-02,        -5.305191853527e-02,        +9.859776219186e-02,        +4.976017144806e-02,        -1.326763996454e-03,        -5.127753578457e-02,        -4.007973999331e-02,        -7.470936833600e-02,        +1.414213562373e-01,        -4.007825198396e-02,        -7.470819863076e-02,        -1.326763996454e-03,        -5.127753578457e-02,        +9.862237991602e-02,        +4.981814166206e-02,        +2.993756522255e-02,        -5.301041525922e-02,        +1.414213562373e-01,        -1.335435723448e-03,        -5.125147560336e-02,        -4.007973999331e-02,        -7.470936833600e-02,        +2.993756522255e-02,        -5.301041525922e-02,        +9.863803341041e-02,        +4.985475108358e-02
 1.18400000e+02,        +1.414213562373e-01,        +1.006815098828e-01,        +5.004117516466e-02,        +2.966880936510e-02,        -5.372162412543e-02,        -4.285069167515e-02,        -7.393894795394e-02,        -2.579224058261e-03,        -5.062130194464e-02,        +1.414213562373e-01,        +2.966880936510e-02,        -5.372162412543e-02,        +1.006690800477e-01,        +5.000058648896e-02,        -2.572153252105e-03,        -5.064803641625e-02,        -4.285231475682e-02,        -7.394004851171e-02,        +1.414213562373e-01,        -4.285069167515e-02,        -7.393894795394e-02,        -2.572153252105e-03,        -5.064803641625e-02,        +1.006958144380e-01,        +5.005926391704e-02,        +2.968195451865e-02,        -5.367937101113e-02,        +1.414213562373e-01,        -2.579224058261e-03,        -5.062130194464e-02,        -4.285231475682e-02,        -7.394004851171e-02,        +2.968195451865e-02,        -5.367937101113e-02,        +1.007113905151e-01,        +5.009533858150e-02
 1.20000000e+02,        +1.414213562373e-01,        +1.028050419922e-01,        +5.017890932804e-02,        +2.940284959762e-02,        -5.444075430034e-02,        -4.564667251036e-02,        -7.305550247854e-02,        -3.800443878668e-03,        -4.992801331119e-02,        +1.414213562373e-01,        +2.940284959762e-02,        -5.444075430034e-02,        +1.027929492235e-01,        +5.013859741578e-02,        -3.795070551258e-03,        -4.995534083358e-02,        -4.564843085002e-02,        -7.305652017377e-02,        +1.414213562373e-01,        -4.564667251036e-02,        -7.305550247854e-02,        -3.795070551258e-03,        -4.995534083358e-02,        +1.028218828270e-01,        +5.019789657875e-02,        +2.941803568938e-02,        -5.439783236602e-02,        +1.414213562373e-01,        -3.800443878667e-03,        -4.992801331119e-02,        -4.564843085002e-02,        -7.305652017377e-02,        +2.941803568937e-02,        -5.439783236602e-02,        +1.028372983902e-01,        +5.023340632189e-02
 1.21600000e+02,        +1.414213562373e-01,        +1.049761014360e-01,        +5.020780562396e-02,        +2.912327274189e-02,        -5.521156285257e-02,        -4.846138062603e-02,        -7.205217617787e-02,        -4.994212798889e-03,        -4.916999493299e-02,        +1.414213562373e-01,        +2.912327274189e-02,        -5.521156285257e-02,        +1.049644288449e-01,        +5.016776748421e-02,        -4.990632262591e-03,        -4.919782403906e-02,        -4.846327325302e-02,        -7.205309661382e-02,        +1.414213562373e-01,        -4.846138062603e-02,        -7.205217617787e-02,        -4.990632262591e-03,        -4.919782403906e-02,        +1.049956417862e-01,        +5.022759434897e-02,        +2.914059147090e-02,        -5.516806241058e-02,        +1.414213562373e-01,        -4.994212798889e-03,        -4.916999493299e-02,        -4.846327325302e-02,        -7.205309661382e-02,        +2.914059147089e-02,        -5.516806241058e-02,        +1.050108086853e-01,        +5.026251454684e-02
 1.23200000e+02,        +1.414213562373e-01,        +1.071890097667e-01,        +5.012155785545e-02,        +2.882433652088e-02,        -5.603593422055e-02,        -5.128927518248e-02,        -7.092338156012e-02,        -6.155133796959e-03,        -4.834597104031e-02,        +1.414213562373e-01,        +2.882433652088e-02,        -5.603593422055e-02,        +1.071778426289e-01,        +5.008178310686e-02,        -6.153439199274e-03,        -4.837419952362e-02,        -5.129129983081e-02,        -7.092418971843e-02,        +1.414213562373e-01,        -5.128927518248e-02,        -7.092338156011e-02,        -6.153439199274e-03,        -4.837419952362e-02,        +1.072114117467e-01,        +5.014203484524e-02,        +2.884387655133e-02,        -5.599195514805e-02,        +1.414213562373e-01,        -6.155133796958e-03,        -4.834597104031e-02,        -5.129129983081e-02,        -7.092418971843e-02,        +2.884387655132e-02,        -5.599195514805e-02,        +1.072262371062e-01,        +5.017634708233e-02
 1.24800000e+02,        +1.414213562373e-01,        +1.094373249894e-01,        +4.991406935096e-02,        +2.849977414919e-02,        -5.691529486784e-02,        -5.412405823354e-02,        -6.966371639144e-02,        -7.277296574194e-03,        -4.745509412288e-02,        +1.414213562373e-01,        +2.849977414919e-02,        -5.691529486784e-02,        +1.094267500354e-01,        +4.987453972019e-02,        -7.277577855148e-03,        -4.748360858620e-02,        -5.412621119628e-02,        -6.966439671466e-02,        +1.414213562373e-01,        -5.412405823354e-02,        -6.966371639144e-02,        -7.277577855149e-03,        -4.748360858620e-02,        +1.094627479373e-01,        +4.993510454661e-02,        +2.852162009224e-02,        -5.687094678827e-02,        +1.414213562373e-01,        -7.277296574193e-03,        -4.745509412288e-02,        -5.412621119628e-02,        -6.966439671466e-02,        +2.852162009224e-02,        -5.687094678827e-02,        +1.094771345751e-01,        +4.996879728042e-02
 1.26400000e+02,        +1.414213562373e-01,        +1.117138227762e-01,        +4.957954855414e-02,        +2.814280978288e-02,        -5.785051730138e-02,        -5.695865464534e-02,        -6.826806022783e-02,        -8.354291841770e-03,        -4.649704155862e-02,        +1.414213562373e-01,        +2.814280978288e-02,        -5.785051730138e-02,        +1.117039273785e-01,        +4.954023744284e-02,        -8.356634566095e-03,        -4.652571704493e-02,        -5.696093062606e-02,        -6.826859672767e-02,        +1.414213562373e-01,        -5.695865464534e-02,        -6.826806022783e-02,        -8.356634566096e-03,        -4.652571704492e-02,        +1.117424214172e-01,        +4.960099454840e-02,        +2.816704109441e-02,        -5.780591965651e-02,        +1.414213562373e-01,        -8.354291841770e-03,        -4.649704155861e-02,        -5.696093062606e-02,        -6.826859672767e-02,        +2.816704109441e-02,        -5.780591965651e-02,        +1.117562683598e-01,        +4.963406375714e-02
 1.28000000e+02,        +1.414213562373e-01,        +1.140104900577e-01,        +4.911261343422e-02,        +2.774618926513e-02,        -5.884181820947e-02,        -5.978520448204e-02,        -6.673167980093e-02,        -9.379240988408e-03,        -4.547211812549e-02,        +1.414213562373e-01,        +2.774618926513e-02,        -5.884181820947e-02,        +1.140013613199e-01,        +4.907348557543e-02,        -9.383725054081e-03,        -4.550081785547e-02,        -5.978759644737e-02,        -6.673205619478e-02,        +1.414213562373e-01,        -5.978520448204e-02,        -6.673167980093e-02,        -9.383725054081e-03,        -4.550081785547e-02,        +1.140424124983e-01,        +4.913430517670e-02,        +2.777287906981e-02,        -5.879710020182e-02,        +1.414213562373e-01,        -9.379240988408e-03,        -4.547211812549e-02,        -5.978759644737e-02,        -6.673205619478e-02,        +2.777287906981e-02,        -5.879710020182e-02,        +1.140556155967e-01,        +4.916675497452e-02
 1.29600000e+02,        +1.414213562373e-01,        +1.163185334234e-01,        +4.850840319715e-02,        +2.730222858196e-02,        -5.988865283317e-02,        -6.259507029158e-02,        -6.505034173488e-02,        -1.034484353906e-02,        -4.438136227806e-02,        +1.414213562373e-01,        +2.730222858196e-02,        -5.988865283317e-02,        +1.163102571801e-01,        +4.846941442262e-02,        -1.035154176792e-02,        -4.440993751991e-02,        -6.259756932982e-02,        -6.505054161268e-02,        +1.414213562373e-01,        -6.259507029158e-02,        -6.505034173488e-02,        -1.035154176792e-02,        -4.440993751991e-02,        +1.163539189962e-01,        +4.853015794403e-02,        +2.733144243824e-02,        -5.984395321847e-02,        +1.414213562373e-01,        -1.034484353906e-02,        -4.438136227806e-02,        -6.259756932982e-02,        -6.505054161268e-02,        +2.733144243824e-02,        -5.984395321847e-02,        +1.163663716434e-01,        +4.856200114634e-02
 1.31200000e+02,        +1.414213562373e-01,        +1.186284046498e-01,        +4.776269515273e-02,        +2.680288225030e-02,        -6.098960837406e-02,        -6.537886160822e-02,        -6.322043044564e-02,        -1.124344462293e-02,        -4.322665338058e-02,        +1.414213562373e-01,        +2.680288225030e-02,        -6.098960837406e-02,        +1.186210643886e-01,        +4.772379229287e-02,        -1.125242124394e-02,        -4.325494347907e-02,        -6.538145679945e-02,        -6.322043746852e-02,        +1.414213562373e-01,        -6.537886160822e-02,        -6.322043044564e-02,        -1.125242124394e-02,        -4.325494347907e-02,        +1.186673816370e-01,        +4.778431270086e-02,        +2.683467687591e-02,        -6.094507508480e-02,        +1.414213562373e-01,        -1.124344462293e-02,        -4.322665338058e-02,        -6.538145679945e-02,        -6.322043746852e-02,        +2.683467687591e-02,        -6.094507508480e-02,        +1.186789755859e-01,        +4.781557132071e-02
 1.32800000e+02,        +1.414213562373e-01,        +1.209298453928e-01,        +4.687202393941e-02,        +2.623983349142e-02,        -6.214229995694e-02,        -6.812647871318e-02,        -6.123906842044e-02,        -1.206712429919e-02,        -4.201081637394e-02,        +1.414213562373e-01,        +2.623983349142e-02,        -6.214229995694e-02,        +1.209235211191e-01,        +4.683314487663e-02,        -1.207843334047e-02,        -4.203864896576e-02,        -6.812915701708e-02,        -6.123886655164e-02,        +1.414213562373e-01,        -6.812647871318e-02,        -6.123906842044e-02,        -1.207843334047e-02,        -4.203864896575e-02,        +1.209725286673e-01,        +4.689328718234e-02,        +2.627425547364e-02,        -6.209808954030e-02,        +1.414213562373e-01,        -1.206712429919e-02,        -4.201081637394e-02,        -6.812915701708e-02,        -6.123886655164e-02,        +2.627425547364e-02,        -6.209808954029e-02,        +1.209831549423e-01,        +4.692399283817e-02
 1.34400000e+02,        +1.414213562373e-01,        +1.232119526285e-01,        +4.583379966779e-02,        +2.560460746910e-02,        -6.334327336273e-02,        -7.082717723547e-02,        -5.910423543324e-02,        -1.280781001546e-02,        -4.073771965648e-02,        +1.414213562373e-01,        +2.560460746910e-02,        -6.334327336273e-02,        +1.232067196949e-01,        +4.579487356170e-02,        -1.282149362700e-02,        -4.076491109812e-02,        -7.082992340347e-02,        -5.910380920074e-02,        +1.414213562373e-01,        -7.082717723547e-02,        -5.910423543324e-02,        -1.282149362700e-02,        -4.076491109812e-02,        +1.232584412610e-01,        +4.585447550648e-02,        +2.564169198901e-02,        -6.329955021963e-02,        +1.414213562373e-01,        -1.280781001546e-02,        -4.073771965648e-02,        -7.082992340347e-02,        -5.910380920074e-02,        +2.564169198901e-02,        -6.329955021963e-02,        +1.232679911531e-01,        +4.588466972139e-02
 1.36000000e+02,        +1.414213562373e-01,        +1.254632657660e-01,        +4.464642096675e-02,        +2.488870808016e-02,        -6.458791937012e-02,        -7.346965452029e-02,        -5.681488267434e-02,        -1.345741268157e-02,        -3.941236133678e-02,        +1.414213562373e-01,        +2.488870808016e-02,        -6.458791937012e-02,        +1.254591936960e-01,        +4.460736866637e-02,        -1.347349941709e-02,        -3.943871736909e-02,        -7.347245103921e-02,        -5.681421746342e-02,        +1.414213562373e-01,        -7.346965452029e-02,        -5.681488267434e-02,        -1.347349941709e-02,        -3.943871736909e-02,        +1.255136406554e-01,        +4.466626160054e-02,        +2.492847768454e-02,        -6.454485478685e-02,        +1.414213562373e-01,        -1.345741268157e-02,        -3.941236133678e-02,        -7.347245103921e-02,        -5.681421746342e-02,        +2.492847768454e-02,        -6.454485478685e-02,        +1.255220067872e-01,        +4.469599597439e-02
 1.37600000e+02,        +1.414213562373e-01,        +1.276718755103e-01,        +4.330937846449e-02,        +2.408377777456e-02,        -6.587040502636e-02,        -7.604215784244e-02,        -5.437103731956e-02,        -1.400798583097e-02,        -3.804093853409e-02,        +1.414213562373e-01,        +2.408377777456e-02,        -6.587040502636e-02,        +1.276690268504e-01,        +4.327011311744e-02,        -1.402648892326e-02,        -3.806625520370e-02,        -7.604498491683e-02,        -5.437011969195e-02,        +1.414213562373e-01,        -7.604215784244e-02,        -5.437103731956e-02,        -1.402648892326e-02,        -3.806625520370e-02,        +1.277261971047e-01,        +4.332812307810e-02,        +2.412624123267e-02,        -6.582817599651e-02,        +1.414213562373e-01,        -1.400798583097e-02,        -3.804093853409e-02,        -7.604498491683e-02,        -5.437011969195e-02,        +2.412624123267e-02,        -6.582817599651e-02,        +1.277332745436e-01,        +4.335745931559e-02
 1.39200000e+02,        +1.414213562373e-01,        +1.298255535278e-01,        +4.182334397524e-02,        +2.318177867398e-02,        -6.718362743847e-02,        -7.853261351900e-02,        -5.177389280170e-02,        -1.445190613296e-02,        -3.663089413234e-02,        +1.414213562373e-01,        +2.318177867398e-02,        -6.718362743846e-02,        +1.298239827654e-01,        +4.178377183732e-02,        -1.447282180321e-02,        -3.665495898541e-02,        -7.853544909928e-02,        -5.177271083631e-02,        +1.414213562373e-01,        -7.853261351900e-02,        -5.177389280170e-02,        -1.447282180321e-02,        -3.665495898541e-02,        +1.298838597093e-01,        +4.184072082477e-02,        +2.322692995881e-02,        -6.714241527989e-02,        +1.414213562373e-01,        -1.445190613296e-02,        -3.663089413234e-02,        -7.853544909928e-02,        -5.177271083631e-02,        +2.322692995881e-02,        -6.714241527989e-02,        +1.298895471077e-01,        +4.186973060626e-02
 1.40800000e+02,        +1.414213562373e-01,        +1.319119008171e-01,        +4.019024065558e-02,        +2.217519189513e-02,        -6.851919566198e-02,        -8.092877482153e-02,        -4.902588003924e-02,        -1.478207215678e-02,        -3.519093540792e-02,        +1.414213562373e-01,        +2.217519189513e-02,        -6.851919566198e-02,        +1.319116534051e-01,        +4.015026209628e-02,        -1.480537800327e-02,        -3.521352896439e-02,        -8.093159468450e-02,        -4.902442368795e-02,        +1.414213562373e-01,        -8.092877482153e-02,        -4.902588003924e-02,        -1.480537800327e-02,        -3.521352896439e-02,        +1.319742050284e-01,        +4.020596954178e-02,        +2.222300933019e-02,        -6.847918444224e-02,        +1.414213562373e-01,        -1.478207215678e-02,        -3.519093540792e-02,        -8.093159468450e-02,        -4.902442368795e-02,        +2.222300933019e-02,        -6.847918444224e-02,        +1.319784057615e-01,        +4.023473422766e-02
 1.42400000e+02,        +1.414213562373e-01,        +1.339185114696e-01,        +3.841328969608e-02,        +2.105723053800e-02,        -6.986744590502e-02,        -8.321838537174e-02,        -4.613071517876e-02,        -1.499211684148e-02,        -3.373101931199e-02,        +1.414213562373e-01,        +2.105723053800e-02,        -6.986744590502e-02,        +1.339196230003e-01,        +3.837280038643e-02,        -1.501777035685e-02,        -3.375191682047e-02,        -8.322116325909e-02,        -4.612897662870e-02,        +1.414213562373e-01,        -8.321838537174e-02,        -4.613071517876e-02,        -1.501777035685e-02,        -3.375191682047e-02,        +1.339848011628e-01,        +3.842708479619e-02,        +2.110767614910e-02,        -6.982882069725e-02,        +1.414213562373e-01,        -1.499211684148e-02,        -3.373101931199e-02,        -8.322116325908e-02,        -4.612897662870e-02,        +2.110767614910e-02,        -6.982882069725e-02,        +1.339874244337e-01,        +3.845569496188e-02
 1.44000000e+02,        +1.414213562373e-01,        +1.358331473201e-01,        +3.649702976150e-02,        +1.982206036221e-02,        -7.121749451306e-02,        -8.538935351496e-02,        -4.309342005385e-02,        -1.507662768905e-02,        -3.226229994017e-02,        +1.414213562373e-01,        +1.982206036221e-02,        -7.121749451306e-02,        +1.358356428871e-01,        +3.645592202076e-02,        -1.510456495753e-02,        -3.228127340427e-02,        -8.539206133404e-02,        -4.309139408632e-02,        +1.414213562373e-01,        -8.538935351495e-02,        -4.309342005385e-02,        -1.510456495753e-02,        -3.228127340427e-02,        +1.359033828024e-01,        +3.650860277298e-02,        +1.987507947113e-02,        -7.118043951383e-02,        +1.414213562373e-01,        -1.507662768905e-02,        -3.226229994017e-02,        -8.539206133403e-02,        -4.309139408632e-02,        +1.987507947112e-02,        -7.118043951383e-02,        +1.359043446832e-01,        +3.653715757761e-02
 1.45600000e+02,        +1.414213562373e-01,        +1.376439179307e-01,        +3.444730639160e-02,        +1.846502086127e-02,        -7.255733204023e-02,        -8.742993210983e-02,        -3.992031256330e-02,        -1.503136738446e-02,        -3.079703488421e-02,        +1.414213562373e-01,        +1.846502086127e-02,        -7.255733204023e-02,        +1.376478117179e-01,        +3.440547065938e-02,        -1.506150201060e-02,        -3.081385534030e-02,        -8.743254019909e-02,        -3.991799689784e-02,        +1.414213562373e-01,        -8.742993210983e-02,        -3.992031256330e-02,        -1.506150201060e-02,        -3.081385534029e-02,        +1.377180316785e-01,        +3.445636992307e-02,        +1.852054195258e-02,        -7.252202858927e-02,        +1.414213562373e-01,        -1.503136738446e-02,        -3.079703488421e-02,        -8.743254019909e-02,        -3.991799689784e-02,        +1.852054195258e-02,        -7.252202858927e-02,        +1.377172560539e-01,        +3.448497632279e-02
 1.47200000e+02,        +1.414213562373e-01,        +1.393394595469e-01,        +3.227122989958e-02,        +1.698283837861e-02,        -7.387396016169e-02,        -8.932889736455e-02,        -3.661896549614e-02,        -1.485348648054e-02,        -2.934844871112e-02,        +1.414213562373e-01,        +1.698283837861e-02,        -7.387396016168e-02,        +1.393447546735e-01,        +3.222855629049e-02,        -1.488570879854e-02,        -2.936288872741e-02,        -8.933137482375e-02,        -3.661636110744e-02,        +1.414213562373e-01,        -8.932889736454e-02,        -3.661896549614e-02,        -1.488570879854e-02,        -2.936288872741e-02,        +1.394173560445e-01,        +3.227750102742e-02,        +1.704077326313e-02,        -7.384058471138e-02,        +1.414213562373e-01,        -1.485348648053e-02,        -2.934844871112e-02,        -8.933137482375e-02,        -3.661636110744e-02,        +1.704077326313e-02,        -7.384058471138e-02,        +1.394147754289e-01,        +3.230627285123e-02
 1.48800000e+02,        +1.414213562373e-01,        +1.409091062157e-01,        +2.997710188692e-02,        +1.537382221191e-02,        -7.515357129993e-02,        -9.107571989809e-02,        -3.319813391471e-02,        -1.454171908884e-02,        -2.793055369847e-02,        +1.414213562373e-01,        +1.537382221191e-02,        -7.515357129992e-02,        +1.409157948602e-01,        +2.993348177637e-02,        -1.457589569713e-02,        -2.794239005451e-02,        -9.107803498096e-02,        -3.319524530943e-02,        +1.414213562373e-01,        -9.107571989809e-02,        -3.319813391471e-02,        -1.457589569713e-02,        -2.794239005451e-02,        +1.409906623607e-01,        +2.998030578111e-02,        +1.543406650067e-02,        -7.512229338845e-02,        +1.414213562373e-01,        -1.454171908884e-02,        -2.793055369847e-02,        -9.107803498096e-02,        -3.319524530943e-02,        +1.543406650066e-02,        -7.512229338844e-02,        +1.409862185608e-01,        +3.000936269478e-02
 1.50400000e+02,        +1.414213562373e-01,        +1.423430462496e-01,        +2.757431222642e-02,        +1.363803443123e-02,        -7.638176872500e-02,        -9.266072119929e-02,        -2.966765294196e-02,        -1.409655229673e-02,        -2.655793006834e-02,        +1.414213562373e-01,        +1.363803443123e-02,        -7.638176872500e-02,        +1.423511100616e-01,        +2.752963981036e-02,        -1.413252595496e-02,        -2.656694656468e-02,        -9.266284176335e-02,        -2.966448838249e-02,        +1.414213562373e-01,        -9.266072119929e-02,        -2.966765294196e-02,        -1.413252595496e-02,        -2.656694656468e-02,        +1.424281123457e-01,        +2.757418573874e-02,        +1.370046832211e-02,        -7.635274901056e-02,        +1.414213562373e-01,        -1.409655229673e-02,        -2.655793006834e-02,        -9.266284176335e-02,        -2.966448838249e-02,        +1.370046832211e-02,        -7.635274901056e-02,        +1.424217569492e-01,        +2.760365212835e-02
 1.52000000e+02,        +1.414213562373e-01,        +1.436324577170e-01,        +2.507321011101e-02,        +1.177742446399e-02,        -7.754382267988e-02,        -9.407520914962e-02,        -2.603830954721e-02,        -1.352036035945e-02,        -2.524547017149e-02,        +1.414213562373e-01,        +1.177742446399e-02,        -7.754382267988e-02,        +1.436418685156e-01,        +2.502738387868e-02,        -1.355795027610e-02,        -2.525146051123e-02,        -9.407710315519e-02,        -2.603488121035e-02,        +1.414213562373e-01,        -9.407520914962e-02,        -2.603830954721e-02,        -1.355795027610e-02,        -2.525146051123e-02,        +1.437208590520e-01,        +2.506950521254e-02,        +1.184191383110e-02,        -7.751721109459e-02,        +1.414213562373e-01,        -1.352036035945e-02,        -2.524547017149e-02,        -9.407710315519e-02,        -2.603488121035e-02,        +1.184191383110e-02,        -7.751721109459e-02,        +1.437125537276e-01,        +2.509950902421e-02
 1.53600000e+02,        +1.414213562373e-01,        +1.447696176384e-01,        +2.248495436523e-02,        +9.795920408978e-03,        -7.862495593894e-02,        -9.531158727525e-02,        -2.232169352723e-02,        -1.281749562590e-02,        -2.400809321738e-02,        +1.414213562373e-01,        +9.795920408978e-03,        -7.862495593894e-02,        +1.447803383784e-01,        +2.243787842393e-02,        -1.285649815304e-02,        -2.401086389573e-02,        -9.531322332276e-02,        -2.231801758692e-02,        +1.414213562373e-01,        -9.531158727525e-02,        -2.232169352723e-02,        -1.285649815304e-02,        -2.401086389573e-02,        +1.448611566198e-01,        +2.247744131979e-02,        +9.862318171581e-03,        -7.860089001858e-02,        +1.414213562373e-01,        -1.281749562590e-02,        -2.400809321738e-02,        -9.531322332276e-02,        -2.231801758692e-02,        +9.862318171580e-03,        -7.860089001858e-02,        +1.448508732252e-01,        +2.250811289519e-02
 1.55200000e+02,        +1.414213562373e-01,        +1.457479810255e-01,        +1.982134950900e-02,        +7.699470508828e-03,        -7.961065029742e-02,        -9.636343385137e-02,        -1.853003417521e-02,        -1.199432962477e-02,        -2.286043905637e-02,        +1.414213562373e-01,        +7.699470508828e-03,        -7.961065029742e-02,        +1.457599670012e-01,        +1.977293470363e-02,        -1.203451936472e-02,        -2.285981219089e-02,        -9.636478174379e-02,        -1.852613080067e-02,        +1.414213562373e-01,        -9.636343385137e-02,        -1.853003417521e-02,        -1.203451936472e-02,        -2.285981219089e-02,        +1.458424398217e-01,        +1.980981967539e-02,        +7.767618244886e-03,        -7.958925373811e-02,        +1.414213562373e-01,        -1.199432962477e-02,        -2.286043905637e-02,        -9.636478174379e-02,        -1.852613080067e-02,        +7.767618244885e-03,        -7.958925373811e-02,        +1.458301603240e-01,        +1.984129062301e-02
 1.56800000e+02,        +1.414213562373e-01,        +1.465622277119e-01,        +1.709467490705e-02,        +5.496030161405e-03,        -8.048696397139e-02,        -9.722554879381e-02,        -1.467602997721e-02,        -1.105923969044e-02,        -2.181655103870e-02,        +1.414213562373e-01,        +5.496030161405e-03,        -8.048696397139e-02,        +1.465754279521e-01,        +1.704483968412e-02,        -1.110037100562e-02,        -2.181236707240e-02,        -9.722658010888e-02,        -1.467192324043e-02,        +1.414213562373e-01,        -9.722554879381e-02,        -1.467602997721e-02,        -1.110037100562e-02,        -2.181236707240e-02,        +1.466593713229e-01,        +1.707894307488e-02,        +5.565759919872e-03,        -8.046834545575e-02,        +1.414213562373e-01,        -1.105923969044e-02,        -2.181655103870e-02,        -9.722658010887e-02,        -1.467192324043e-02,        +5.565759919871e-03,        -8.046834545574e-02,        +1.466450875455e-01,        +1.711134521523e-02
 1.58400000e+02,        +1.414213562373e-01,        +1.472082769378e-01,        +1.431751462693e-02,        +3.195492161564e-03,        -8.124084889017e-02,        -9.789396828944e-02,        -1.077267896818e-02,        -1.002253881940e-02,        -2.088955897238e-02,        +1.414213562373e-01,        +3.195492161564e-03,        -8.124084889017e-02,        +1.472226357365e-01,        +1.426618560399e-02,        -1.006434772438e-02,        -2.088167918448e-02,        -9.789465694491e-02,        -1.076839665785e-02,        +1.414213562373e-01,        -9.789396828944e-02,        -1.077267896818e-02,        -1.006434772438e-02,        -2.088167918448e-02,        +1.473078565999e-01,        +1.429742080886e-02,        +3.266628419194e-03,        -8.122510121488e-02,        +1.414213562373e-01,        -1.002253881940e-02,        -2.088955897238e-02,        -9.789465694491e-02,        -1.076839665785e-02,        +3.266628419194e-03,        -8.122510121488e-02,        +1.472915698203e-01,        +1.433088522733e-02
 1.60000000e+02,        +1.414213562373e-01,        +1.476832716879e-01,        +1.150259531508e-02,        +8.095603762523e-04,        -8.186045647091e-02,        -9.836594915452e-02,        -6.833117068499e-03,        -8.896348961117e-03,        -2.009137359406e-02,        +1.414213562373e-01,        +8.095603762528e-04,        -8.186045647091e-02,        +1.476987302028e-01,        +1.144970752992e-02,        -8.938555364010e-03,        -2.007968235804e-02,        -9.836627194929e-02,        -6.828690411001e-03,        +1.414213562373e-01,        -9.836594915452e-02,        -6.833117068498e-03,        -8.938555364010e-03,        -2.007968235804e-02,        +1.477850284997e-01,        +1.147800594087e-02,        +8.819220791412e-04,        -8.184765599492e-02,        +1.414213562373e-01,        -8.896348961117e-03,        -2.009137359406e-02,        -9.836627194929e-02,        -6.828690411002e-03,        +8.819220791405e-04,        -8.184765599492e-02,        +1.477667489287e-01,        +1.151266217498e-02
 1.61600000e+02,        +1.414213562373e-01,        +1.479855366417e-01,        +8.662638497493e-03,        -1.648430408495e-03,        -8.233542070818e-02,        -9.863992677663e-02,        -2.870470820650e-03,        -7.694420483486e-03,        -1.943240372329e-02,        +1.414213562373e-01,        -1.648430408495e-03,        -8.233542070818e-02,        +1.480020344917e-01,        +8.608135327467e-03,        -7.736730733472e-03,        -1.941681045924e-02,        -9.863986389033e-02,        -2.865934112337e-03,        +1.414213562373e-01,        -9.863992677663e-02,        -2.870470820649e-03,        -7.736730733472e-03,        -1.941681045924e-02,        +1.480892052925e-01,        +8.633446980809e-03,        -1.575027780704e-03,        -8.232562712720e-02,        +1.414213562373e-01,        -7.694420483485e-03,        -1.943240372329e-02,        -9.863986389033e-02,        -2.865934112338e-03,        -1.575027780705e-03,        -8.232562712720e-02,        +1.480689514715e-01,        +8.669422360226e-03
 1.63200000e+02,        +1.414213562373e-01,        +1.481145151111e-01,        +5.810232297825e-03,        -4.163743345393e-03,        -8.265710826402e-02,        -9.871545200931e-02,        +1.102270467007e-03,        -6.431902938659e-03,        -1.892130641697e-02,        +1.414213562373e-01,        -4.163743345392e-03,        -8.265710826402e-02,        +1.481319918986e-01,        +5.754065056565e-03,        -6.474012628331e-03,        -1.890174719436e-02,        -9.871498744424e-02,        +1.106880308625e-03,        +1.414213562373e-01,        -9.871545200931e-02,        +1.102270467007e-03,        -6.474012628330e-03,        -1.890174719436e-02,        +1.482198275855e-01,        +5.776358974145e-03,        -4.089485753540e-03,        -8.265036470343e-02,        +1.414213562373e-01,        -6.431902938659e-03,        -1.892130641697e-02,        -9.871498744424e-02,        +1.106880308624e-03,        -4.089485753540e-03,        -8.265036470343e-02,        +1.481976257420e-01,        +5.813778121807e-03
 1.64800000e+02,        +1.414213562373e-01,        +1.480706913458e-01,        +2.957725778898e-03,        -6.720509884702e-03,        -8.281882662925e-02,        -9.859311340508e-02,        +5.072359949760e-03,        -5.125074336126e-03,        -1.856477905476e-02,        +1.414213562373e-01,        -6.720509884701e-03,        -8.281882662925e-02,        +1.480890880371e-01,        +2.899853014483e-03,        -5.166671301212e-03,        -1.854121781188e-02,        -9.859223535602e-02,        +5.077003904864e-03,        +1.414213562373e-01,        -9.859311340507e-02,        +5.072359949761e-03,        -5.166671301212e-03,        -1.854121781188e-02,        +1.481773804871e-01,        +2.919117239881e-03,        -6.645582798916e-03,        -8.281516003489e-02,        +1.414213562373e-01,        -5.125074336126e-03,        -1.856477905476e-02,        -9.859223535602e-02,        +5.077003904863e-03,        -6.645582798916e-03,        -8.281516003489e-02,        +1.481532638878e-01,        +2.958101732312e-03
 1.66400000e+02,        +1.414213562373e-01,        +1.478555050189e-01,        +1.171471289700e-04,        -9.302032771250e-03,        -8.281598322999e-02,        -9.827445159962e-02,        +9.027374615105e-03,        -3.791037789143e-03,        -1.836740048158e-02,        +1.414213562373e-01,        -9.302032771249e-03,        -8.281598322999e-02,        +1.478747651185e-01,        +5.753366317986e-05,        -3.831805244470e-03,        -1.833982983872e-02,        -9.827315273942e-02,        +9.032012136709e-03,        +1.414213562373e-01,        -9.827445159961e-02,        +9.027374615106e-03,        -3.831805244470e-03,        -1.833982983872e-02,        +1.479633078393e-01,        +7.377500343666e-05,        -9.226619383860e-03,        -8.281540502531e-02,        +1.414213562373e-01,        -3.791037789142e-03,        -1.836740048158e-02,        -9.827315273942e-02,        +9.032012136708e-03,        -9.226619383860e-03,        -8.281540502531e-02,        +1.479373161793e-01,        +1.144431783445e-04
 1.68000000e+02,        +1.414213562373e-01,        +1.474712645069e-01,        -2.699855070508e-03,        -1.189111165295e-02,        -8.264619043744e-02,        -9.776187247123e-02,        +1.295527354261e-02,        -2.447395564621e-03,        -1.833152624856e-02,        +1.414213562373e-01,        -1.189111165295e-02,        -8.264619043744e-02,        +1.474913349771e-01,        -2.761239308993e-03,        -2.487015313610e-03,        -1.829996790293e-02,        -9.776015014326e-02,        +1.295986317209e-02,        +1.414213562373e-01,        -9.776187247123e-02,        +1.295527354261e-02,        -2.487015313609e-03,        -1.829996790292e-02,        +1.475799251507e-01,        -2.747995817404e-03,        -1.181539127546e-02,        -8.264869740690e-02,        +1.414213562373e-01,        -2.447395564621e-03,        -1.833152624856e-02,        -9.776015014326e-02,        +1.295986317209e-02,        -1.181539127546e-02,        -8.264869740689e-02,        +1.475521040110e-01,        -2.705528927121e-03
 1.69600000e+02,        +1.414213562373e-01,        +1.469210648128e-01,        -5.482050051864e-03,        -1.447038063250e-02,        -8.230931366106e-02,        -9.705856493332e-02,        +1.684443560268e-02,        -1.111911207936e-03,        -1.845724077030e-02,        +1.414213562373e-01,        -1.447038063250e-02,        -8.230931366106e-02,        +1.469418967013e-01,        -5.545231337448e-03,        -1.150066863317e-03,        -1.842174547061e-02,        -9.705642124509e-02,        +1.684893560833e-02,        +1.414213562373e-01,        -9.705856493332e-02,        +1.684443560268e-02,        -1.150066863317e-03,        -1.842174547060e-02,        +1.470303370993e-01,        -5.534943213123e-03,        -1.439452730580e-02,        -8.231488901389e-02,        +1.414213562373e-01,        -1.111911207936e-03,        -1.845724077030e-02,        -9.705642124508e-02,        +1.684893560832e-02,        -1.439452730580e-02,        -8.231488901389e-02,        +1.470007374981e-01,        -5.490565847060e-03
 1.71200000e+02,        +1.414213562373e-01,        +1.462087147366e-01,        -8.218646534305e-03,        -1.702264696175e-02,        -8.180746193359e-02,        -9.616842797364e-02,        +2.068368057973e-02,        +1.978294540725e-04,        -1.874236698690e-02,        +1.414213562373e-01,        -1.702264696175e-02,        -8.180746193359e-02,        +1.462302634914e-01,        -8.283648728555e-03,        +1.614492985839e-04,        -1.870301409564e-02,        -9.616586978971e-02,        +2.068804960041e-02,        +1.414213562373e-01,        -9.616842797364e-02,        +2.068368057973e-02,        +1.614492985843e-04,        -1.870301409564e-02,        +1.463183642284e-01,        -8.276257049987e-03,        -1.694682829737e-02,        -8.181607649920e-02,        +1.414213562373e-01,        +1.978294540728e-04,        -1.874236698690e-02,        -9.616586978971e-02,        +2.068804960041e-02,        -1.694682829737e-02,        -8.181607649920e-02,        +1.462870422844e-01,        -8.229860622739e-03
 1.72800000e+02,        +1.414213562373e-01,        +1.453386763154e-01,        -1.089930281033e-02,        -1.953122041044e-02,        -8.114492251865e-02,        -9.509600997617e-02,        +2.446227866402e-02,        +1.464747961844e-03,        -1.918253199654e-02,        +1.414213562373e-01,        -1.953122041044e-02,        -8.114492251865e-02,        +1.453609017824e-01,        -1.096614874904e-02,        +1.430446665874e-03,        -1.913942865616e-02,        -9.509304881191e-02,        +2.446647634016e-02,        +1.414213562373e-01,        -9.509600997617e-02,        +2.446227866402e-02,        +1.430446665874e-03,        -1.913942865616e-02,        +1.454484818849e-01,        -1.096157934634e-02,        -1.945559666949e-02,        -8.115653602455e-02,        +1.414213562373e-01,        +1.464747961844e-03,        -1.918253199654e-02,        -9.509304881191e-02,        +2.446647634015e-02,        -1.945559666949e-02,        -8.115653602455e-02,        +1.454154985991e-01,        -1.091305832050e-02
 1.74400000e+02,        +1.414213562373e-01,        +1.443160178210e-01,        -1.351413060312e-02,        -2.198022357471e-02,        -8.032804300057e-02,        -9.384646162294e-02,        +2.816995366963e-02,        +2.672583787691e-03,        -1.977128519386e-02,        +1.414213562373e-01,        -2.198022357470e-02,        -8.032804300057e-02,        +1.443388839369e-01,        -1.358284341721e-02,        +2.640653757135e-03,        -1.972456512101e-02,        -9.384311344397e-02,        +2.817394124472e-02,        +1.414213562373e-01,        -9.384646162294e-02,        +2.816995366963e-02,        +2.640653757136e-03,        -1.972456512101e-02,        +1.444257727094e-01,        -1.358100821569e-02,        -2.190494698078e-02,        -8.034260538671e-02,        +1.414213562373e-01,        +2.672583787691e-03,        -1.977128519386e-02,        -9.384311344397e-02,        +2.817394124472e-02,        -2.190494698078e-02,        -8.034260538671e-02,        +1.443911938631e-01,        -1.353025998090e-02
 1.76000000e+02,        +1.414213562373e-01,        +1.431463798784e-01,        -1.605369791119e-02,        -2.435487445115e-02,        -7.936506599353e-02,        -9.242550195224e-02,        +3.179688519751e-02,        +3.806177142352e-03,        -2.050026377253e-02,        +1.414213562373e-01,        -2.435487445115e-02,        -7.936506599353e-02,        +1.431698540861e-01,        -1.612430221834e-02,        +3.776897128419e-03,        -2.045008571107e-02,        -9.242178688764e-02,        +3.180062607501e-02,        +1.414213562373e-01,        -9.242550195223e-02,        +3.179688519751e-02,        +3.776897128420e-03,        -2.045008571107e-02,        +1.432558922630e-01,        -1.612510069846e-02,        -2.428008872484e-02,        -7.938251872084e-02,        +1.414213562373e-01,        +3.806177142352e-03,        -2.050026377253e-02,        -9.242178688764e-02,        +3.180062607501e-02,        -2.428008872484e-02,        -7.938251872084e-02,        +1.432197884229e-01,        -1.607202548958e-02
 1.77600000e+02,        +1.414213562373e-01,        +1.418359527377e-01,        -1.850903541409e-02,        -2.664173391812e-02,        -7.826592299173e-02,        -9.083939561368e-02,        +3.533371432190e-02,        +4.851716666117e-03,        -2.135939906442e-02,        +1.414213562373e-01,        -2.664173391812e-02,        -7.826592299173e-02,        +1.418600051646e-01,        -1.858155832683e-02,        +4.825349312286e-03,        -2.130594493372e-02,        -9.083533759333e-02,        +3.533717456437e-02,        +1.414213562373e-01,        -9.083939561368e-02,        +3.533371432190e-02,        +4.825349312286e-03,        -2.130594493372e-02,        +1.419450458440e-01,        -1.858487906591e-02,        -2.656757401332e-02,        -7.828620030930e-02,        +1.414213562373e-01,        +4.851716666117e-03,        -2.135939906442e-02,        -9.083533759333e-02,        +3.533717456437e-02,        -2.656757401332e-02,        -7.828620030930e-02,        +1.419074924521e-01,        -1.852937994846e-02
 1.79200000e+02,        +1.414213562373e-01,        +1.403914615170e-01,        -2.087164996567e-02,        -2.882891226625e-02,        -7.704199495651e-02,        -8.909493814558e-02,        +3.877155633325e-02,        +5.796946149310e-03,        -2.233715611466e-02,        +1.414213562373e-01,        -2.882891226625e-02,        -7.704199495651e-02,        +1.404160639650e-01,        -2.094612187362e-02,        +5.773735821776e-03,        -2.228062889449e-02,        -8.909056447390e-02,        +3.877470509325e-02,        +1.414213562373e-01,        -8.909493814558e-02,        +3.877155633325e-02,        +5.773735821776e-03,        -2.228062889449e-02,        +1.404999733239e-01,        -2.095184413625e-02,        -2.875550428384e-02,        -7.706502509840e-02,        +1.414213562373e-01,        +5.796946149310e-03,        -2.233715611466e-02,        -8.909056447390e-02,        +3.877470509325e-02,        -2.875550428384e-02,        -7.706502509840e-02,        +1.404610508503e-01,        -2.089382708081e-02
 1.80800000e+02,        +1.414213562373e-01,        +1.388201554343e-01,        -2.313354738183e-02,        -3.090623054466e-02,        -7.570584798599e-02,        -8.719944530050e-02,        +4.210202275195e-02,        +6.631326051973e-03,        -2.342079814151e-02,        +1.414213562373e-01,        -3.090623054466e-02,        -7.570584798599e-02,        +1.388452802408e-01,        -2.321000247870e-02,        +6.611496982484e-03,        -2.336141953886e-02,        -8.719478618040e-02,        +4.210483262692e-02,        +1.414213562373e-01,        -8.719944530050e-02,        +4.210202275195e-02,        +6.611496982484e-03,        -2.336141953886e-02,        +1.389279380370e-01,        -2.321799782510e-02,        -3.083369179561e-02,        -7.573155427648e-02,        +1.414213562373e-01,        +6.631326051972e-03,        -2.342079814152e-02,        -8.719478618040e-02,        +4.210483262692e-02,        -3.083369179561e-02,        -7.573155427648e-02,        +1.388877321627e-01,        -2.315737188448e-02
 1.82400000e+02,        +1.414213562373e-01,        +1.371297967161e-01,        -2.528726528437e-02,        -3.286533417780e-02,        -7.427095283785e-02,        -8.516074210801e-02,        +4.531725338303e-02,        +7.346147282747e-03,        -2.459666710632e-02,        +1.414213562373e-01,        -3.286533417780e-02,        -7.427095283785e-02,        +1.371554155436e-01,        -2.536574182464e-02,        +7.329902045608e-03,        -2.453467505261e-02,        -8.515583012926e-02,        +4.531970068894e-02,        +1.414213562373e-01,        -8.516074210801e-02,        +4.531725338303e-02,        +7.329902045609e-03,        -2.453467505261e-02,        +1.372367154132e-01,        -2.537587570899e-02,        -3.279377336691e-02,        -7.429925469099e-02,        +1.414213562373e-01,        +7.346147282747e-03,        -2.459666710632e-02,        -8.515583012926e-02,        +4.531970068893e-02,        -3.279377336691e-02,        -7.429925469098e-02,        +1.371953172140e-01,        -2.531255330343e-02
 1.84000000e+02,        +1.414213562373e-01,        +1.353286449897e-01,        -2.732591534210e-02,        -3.469975800674e-02,        -7.275139717504e-02,        -8.298714748566e-02,        +4.840995776105e-02,        +7.934596396575e-03,        -2.585047151995e-02,        +1.414213562373e-01,        -3.469975800674e-02,        -7.275139717504e-02,        +1.353547276058e-01,        -2.740645562606e-02,        +7.922114734125e-03,        -2.578611754900e-02,        -8.298201709228e-02,        +4.841202272277e-02,        +1.414213562373e-01,        -8.298714748566e-02,        +4.840995776105e-02,        +7.922114734126e-03,        -2.578611754900e-02,        +1.354345771679e-01,        -2.741858895965e-02,        -3.462927550835e-02,        -7.278221098125e-02,        +1.414213562373e-01,        +7.934596396575e-03,        -2.585047151995e-02,        -8.298201709228e-02,        +4.841202272277e-02,        -3.462927550835e-02,        -7.278221098125e-02,        +1.353920832669e-01,        -2.735248626717e-02
 1.85600000e+02,        +1.414213562373e-01,        +1.334254335033e-01,        -2.924323298823e-02,        -3.640494356168e-02,        -7.116159918581e-02,        -8.068745074251e-02,        +5.137346407252e-02,        +8.391773024553e-03,        -2.716757283169e-02,        +1.414213562373e-01,        -3.640494356168e-02,        -7.116159918581e-02,        +1.334519466076e-01,        -2.932588308699e-02,        +8.383211027669e-03,        -2.710111938998e-02,        -8.068213769325e-02,        +5.137513093108e-02,        +1.414213562373e-01,        -8.068745074250e-02,        +5.137346407252e-02,        +8.383211027670e-03,        -2.710111938998e-02,        +1.335302673910e-01,        -2.933987374447e-02,        -3.633563176074e-02,        -7.119483908445e-02,        +1.414213562373e-01,        +8.391773024553e-03,        -2.716757283169e-02,        -8.068213769324e-02,        +5.137513093108e-02,        -3.633563176074e-02,        -7.119483908445e-02,        +1.334867800511e-01,        -2.927091118529e-02
 1.87200000e+02,        +1.414213562373e-01,        +1.314293343817e-01,        -3.103363169684e-02,        -3.797821092277e-02,        -6.951603070761e-02,        -7.827087718006e-02,        +5.420177264603e-02,        +8.714661900524e-03,        -2.853326226977e-02,        +1.414213562373e-01,        -3.797821092277e-02,        -6.951603070761e-02,        +1.314562405299e-01,        -3.111844094053e-02,        +8.710151542831e-03,        -2.846498001007e-02,        -7.826541801553e-02,        +5.420302968550e-02,        +1.414213562373e-01,        -7.827087718006e-02,        +5.420177264602e-02,        +8.710151542832e-03,        -2.846498001007e-02,        +1.315329677379e-01,        -3.113414519048e-02,        -3.791015459734e-02,        -6.955160924906e-02,        +1.414213562373e-01,        +8.714661900524e-03,        -2.853326226977e-02,        -7.826541801553e-02,        +5.420302968550e-02,        -3.791015459734e-02,        -6.955160924906e-02,        +1.314885948706e-01,        -3.106224798809e-02
 1.88800000e+02,        +1.414213562373e-01,        +1.293499112025e-01,        -3.269225824352e-02,        -3.941868891882e-02,        -6.782895718328e-02,        -7.574704107536e-02,        +5.688961044138e-02,        +8.902063241333e-03,        -2.993302080481e-02,        +1.414213562373e-01,        -3.941868891882e-02,        -6.782895718328e-02,        +1.293771678715e-01,        -3.277927850497e-02,        +8.901712258021e-03,        -2.986318591303e-02,        -7.574147260384e-02,        +5.689044994030e-02,        +1.414213562373e-01,        -7.574704107535e-02,        +5.688961044138e-02,        +8.901712258022e-03,        -2.986318591303e-02,        +1.294522500026e-01,        -3.279655234948e-02,        -3.935196564363e-02,        -6.786678588805e-02,        +1.414213562373e-01,        +8.902063241333e-03,        -2.993302080481e-02,        -7.574147260384e-02,        +5.689044994030e-02,        -3.935196564363e-02,        -6.786678588805e-02,        +1.294071050737e-01,        -3.272165114548e-02
 1.90400000e+02,        +1.414213562373e-01,        +1.271970583613e-01,        -3.421504508723e-02,        -4.072720859287e-02,        -6.611420073511e-02,        -7.312588550942e-02,        +5.943248268042e-02,        +8.954486417451e-03,        -3.135275595187e-02,        +1.414213562373e-01,        -4.072720859287e-02,        -6.611420073511e-02,        +1.272246171878e-01,        -3.430432990050e-02,        +8.958378512164e-03,        -3.128164755387e-02,        -7.312024432222e-02,        +5.943290079429e-02,        +1.414213562373e-01,        -7.312588550942e-02,        +5.943248268042e-02,        +8.958378512165e-03,        -3.128164755387e-02,        +1.272980155310e-01,        -3.432303031129e-02,        -4.066188914744e-02,        -6.615419056024e-02,        +1.414213562373e-01,        +8.954486417451e-03,        -3.135275595187e-02,        -7.312024432222e-02,        +5.943290079429e-02,        -4.066188914744e-02,        -6.615419056024e-02,        +1.272522173514e-01,        -3.424506180812e-02
 1.92000000e+02,        +1.414213562373e-01,        +1.249809278536e-01,        -3.559875608689e-02,        -4.190616578508e-02,        -6.438493140891e-02,        -7.041760966624e-02,        +6.182671783681e-02,        +8.874012771613e-03,        -3.277901036145e-02,        +1.414213562373e-01,        -4.190616578508e-02,        -6.438493140891e-02,        +1.250087340700e-01,        -3.569035964425e-02,        +8.882208128052e-03,        -3.270690805269e-02,        -7.041193169164e-02,        +6.182671441979e-02,        +1.414213562373e-01,        -7.041760966624e-02,        +6.182671783681e-02,        +8.882208128053e-03,        -3.270690805268e-02,        +1.250804220930e-01,        -3.571034568608e-02,        -4.184231455369e-02,        -6.442699313325e-02,        +1.414213562373e-01,        +8.874012771613e-03,        -3.277901036145e-02,        -7.041193169164e-02,        +6.182671441979e-02,        -4.184231455369e-02,        -6.442699313325e-02,        +1.250340944904e-01,        -3.562925329006e-02
 1.93600000e+02,        +1.414213562373e-01,        +1.227118451437e-01,        -3.684102216573e-02,        -4.295935931136e-02,        -6.265349027688e-02,        -6.763258526778e-02,        +6.406950260079e-02,        +8.664134070884e-03,        -3.419913851402e-02,        +1.414213562373e-01,        -4.295935931136e-02,        -6.265349027688e-02,        +1.227398372237e-01,        -3.693499823838e-02,        +8.676670139807e-03,        -3.412632004963e-02,        -6.762690537081e-02,        +6.406908097570e-02,        +1.414213562373e-01,        -6.763258526778e-02,        +6.406950260078e-02,        +8.676670139808e-03,        -3.412632004963e-02,        +1.228097998734e-01,        -3.695613207338e-02,        -4.289703466599e-02,        -6.269753481758e-02,        +1.414213562373e-01,        +8.664134070884e-03,        -3.419913851402e-02,        -6.762690537080e-02,        +6.406908097570e-02,        -4.289703466599e-02,        -6.269753481758e-02,        +1.227630712455e-01,        -3.687186651084e-02
 1.95200000e+02,        +1.414213562373e-01,        +1.204002166299e-01,        -3.794036419284e-02,        -4.389181153376e-02,        -6.093124666757e-02,        -6.478126464998e-02,        +6.615890409000e-02,        +8.329573394094e-03,        -3.560144925481e-02,        +1.414213562373e-01,        -4.389181153376e-02,        -6.093124666757e-02,        +1.204283261450e-01,        -3.803676502014e-02,        +8.346465921591e-03,        -3.552818843157e-02,        -6.477561628325e-02,        +6.615807077649e-02,        +1.414213562373e-01,        -6.478126464998e-02,        +6.615890409000e-02,        +8.346465921592e-03,        -3.552818843157e-02,        +1.204965590798e-01,        -3.805891278924e-02,        -4.383106619448e-02,        -6.097718533978e-02,        +1.414213562373e-01,        +8.329573394094e-03,        -3.560144925481e-02,        -6.477561628325e-02,        +6.615807077649e-02,        -4.383106619448e-02,        -6.097718533978e-02,        +1.204495618378e-01,        -3.797143267077e-02
 1.96800000e+02,        +1.414213562373e-01,        +1.180564317989e-01,        -3.889620118165e-02,        -4.470957812535e-02,        -5.922849038445e-02,        -6.187408357090e-02,        +6.809387740674e-02,        +7.876095262651e-03,        -3.697531331210e-02,        +1.414213562373e-01,        -4.470957812535e-02,        -5.922849038445e-02,        +1.180845834811e-01,        -3.899507637060e-02,        +7.897339522000e-03,        -3.690187806706e-02,        -6.186849847982e-02,        +6.809264181765e-02,        +1.414213562373e-01,        -6.187408357090e-02,        +6.809387740673e-02,        +7.897339522001e-03,        -3.690187806706e-02,        +1.181510922517e-01,        -3.901810895104e-02,        -4.465045949531e-02,        -5.927623511547e-02,        +1.414213562373e-01,        +7.876095262650e-03,        -3.697531331210e-02,        -6.186849847981e-02,        +6.809264181765e-02,        -4.465045949531e-02,        -5.927623511547e-02,        +1.181039621674e-01,        -3.892738126196e-02
 1.98400000e+02,        +1.414213562373e-01,        +1.156907634758e-01,        -3.970884281999e-02,        -4.541955354899e-02,        -5.755435845512e-02,        -5.892136215216e-02,        +6.987425755625e-02,        +7.310311538370e-03,        -3.831123626347e-02,        +1.414213562373e-01,        -4.541955354899e-02,        -5.755435845512e-02,        +1.157188754704e-01,        -3.981023829255e-02,        +7.335883725664e-03,        -3.823788700659e-02,        -5.891587013600e-02,        +6.987263167226e-02,        +1.414213562373e-01,        -5.892136215216e-02,        +6.987425755625e-02,        +7.335883725664e-03,        -3.823788700659e-02,        +1.157836746676e-01,        -3.983403193254e-02,        -4.536210402362e-02,        -5.760382196278e-02,        +1.414213562373e-01,        +7.310311538369e-03,        -3.831123626347e-02,        -5.891587013600e-02,        +6.987263167226e-02,        -4.536210402362e-02,        -5.760382196278e-02,        +1.157365501412e-01,        -3.974003243213e-02
 2.00000000e+02,        +1.414213562373e-01,        +1.133132696125e-01,        -4.037946626204e-02,        -4.602927823327e-02,        -5.591679477946e-02,        -5.593320739562e-02,        +7.150073565570e-02,        +6.639489074841e-03,        -3.960089858725e-02,        +1.414213562373e-01,        -4.602927823327e-02,        -5.591679477946e-02,        +1.133412539006e-01,        -4.048342328185e-02,        +6.669347827810e-03,        -3.952788677861e-02,        -5.592783612408e-02,        +7.149873368772e-02,        +1.414213562373e-01,        -5.593320739562e-02,        +7.150073565570e-02,        +6.669347827811e-03,        -3.952788677861e-02,        +1.134043662859e-01,        -4.050786011580e-02,        -4.597353548482e-02,        -5.596789072328e-02,        +1.414213562373e-01,        +6.639489074841e-03,        -3.960089858725e-02,        -5.592783612408e-02,        +7.149873368771e-02,        -4.597353548482e-02,        -5.596789072328e-02,        +1.133573875540e-01,        -4.041057363273e-02
 2.01600000e+02,        +1.414213562373e-01,        +1.109336998565e-01,        -4.091007795447e-02,        -4.654675269124e-02,        -5.432254006808e-02,        -5.291942051636e-02,        +7.297482020494e-02,        +5.871364370296e-03,        -4.083716541463e-02,        +1.414213562373e-01,        -4.654675269124e-02,        -5.432254006808e-02,        +1.109614628235e-01,        -4.101663225835e-02,        +5.905452370407e-03,        -4.076473238935e-02,        -5.291419539970e-02,        +7.297245825331e-02,        +1.414213562373e-01,        -5.291942051636e-02,        +7.297482020494e-02,        +5.905452370408e-03,        -4.076473238935e-02,        +1.110229184562e-01,        -4.104160070768e-02,        -4.649274993105e-02,        -5.437518317972e-02,        +1.414213562373e-01,        +5.871364370296e-03,        -4.083716541463e-02,        -5.291419539969e-02,        +7.297245825330e-02,        -4.649274993105e-02,        -5.437518317972e-02,        +1.109762267632e-01,        -4.094102132401e-02
 2.03200000e+02,        +1.414213562373e-01,        +1.085614097487e-01,        -4.130346198214e-02,        -4.698026294859e-02,        -5.277714871069e-02,        -4.988941193787e-02,        +7.429878490357e-02,        +5.013969590131e-03,        -4.201406934840e-02,        +1.414213562373e-01,        -4.698026294859e-02,        -5.277714871069e-02,        +1.085888528682e-01,        -4.141264303458e-02,        +5.052215209862e-03,        -4.194244538629e-02,        -4.988435604754e-02,        +7.429608062179e-02,        +1.414213562373e-01,        -4.988941193786e-02,        +7.429878490357e-02,        +5.052215209863e-03,        -4.194244538628e-02,        +1.086486882444e-01,        -4.143803810105e-02,        -4.692802917015e-02,        -5.283125490899e-02,        +1.414213562373e-01,        +5.013969590131e-03,        -4.201406934839e-02,        -4.988435604754e-02,        +7.429608062179e-02,        -4.692802917015e-02,        -5.283125490899e-02,        +1.086024249962e-01,        -4.133416922221e-02
 2.04800000e+02,        +1.414213562373e-01,        +1.062052848586e-01,        -4.156311696589e-02,        -4.733822069078e-02,        -5.128502870300e-02,        -4.685212626093e-02,        +7.547560504557e-02,        +4.075473369180e-03,        -4.312677022605e-02,        +1.414213562373e-01,        -4.733822069078e-02,        -5.128502870300e-02,        +1.062323054661e-01,        -4.167494734848e-02,        +4.117792329271e-03,        -4.305617385722e-02,        -4.684726029648e-02,        +7.547257731554e-02,        +1.414213562373e-01,        -4.685212626093e-02,        +7.547560504557e-02,        +4.117792329272e-03,        -4.305617385722e-02,        +1.062905626790e-01,        -4.170067080784e-02,        -4.728778089656e-02,        -5.134051519710e-02,        +1.414213562373e-01,        +4.075473369179e-03,        -4.312677022605e-02,        -4.684726029648e-02,        +7.547257731554e-02,        -4.728778089656e-02,        -5.134051519709e-02,        +1.062448686016e-01,        -4.159352512051e-02
 2.06400000e+02,        +1.414213562373e-01,        +1.038736765552e-01,        -4.169318391017e-02,        -4.762902056324e-02,        -4.984950048431e-02,        -4.381597890290e-02,        +7.650888488858e-02,        +3.064038828287e-03,        -4.417149598017e-02,        +1.414213562373e-01,        -4.762902056323e-02,        -4.984950048431e-02,        +1.039001686803e-01,        -4.180767885123e-02,        +3.110335833439e-03,        -4.410213351302e-02,        -4.381132120002e-02,        +7.650555351286e-02,        +1.414213562373e-01,        -4.381597890290e-02,        +7.650888488858e-02,        +3.110335833440e-03,        -4.410213351302e-02,        +1.039568946123e-01,        -4.183363935621e-02,        -4.758039597872e-02,        -4.990628586742e-02,        +1.414213562373e-01,        +3.064038828286e-03,        -4.417149598017e-02,        -4.381132120002e-02,        +7.650555351286e-02,        -4.758039597872e-02,        -4.990628586742e-02,        +1.039119089333e-01,        -4.172323867979e-02
 2.08000000e+02,        +1.414213562373e-01,        +1.015743504669e-01,        -4.169836758180e-02,        -4.786091612019e-02,        -4.847287047966e-02,        -4.078880546355e-02,        +7.740277857884e-02,        +1.987700300303e-03,        -4.514546880754e-02,        +1.414213562373e-01,        -4.786091612019e-02,        -4.847287047966e-02,        +1.016002056982e-01,        -4.181553462613e-02,        +2.037870626050e-03,        -4.507753406178e-02,        -4.078437203801e-02,        +7.739916399431e-02,        +1.414213562373e-01,        -4.078880546354e-02,        +7.740277857884e-02,        +2.037870626051e-03,        -4.507753406177e-02,        +1.016554512536e-01,        -4.184164772843e-02,        -4.781412439772e-02,        -4.853087481475e-02,        +1.414213562373e-01,        +1.987700300303e-03,        -4.514546880754e-02,        -4.078437203801e-02,        +7.739916399431e-02,        -4.781412439772e-02,        -4.853087481475e-02,        +1.016113109222e-01,        -4.172802276901e-02
 2.09600000e+02,        +1.414213562373e-01,        +9.931444806764e-02,        -4.158385401975e-02,        -4.804191505798e-02,        -4.715651526844e-02,        -3.777782425619e-02,        +7.816190723163e-02,        +8.542594009095e-04,        -4.604682072971e-02,        +1.414213562373e-01,        -4.804191505798e-02,        -4.715651526844e-02,        +9.933955642551e-02,        -4.170369283360e-02,        +9.081904089572e-04,        -4.598049495433e-02,        -3.777362887791e-02,        +7.815803024784e-02,        +1.414213562373e-01,        -3.777782425619e-02,        +7.816190723163e-02,        +9.081904089583e-04,        -4.598049495433e-02,        +9.939337580839e-02,        -4.172988093474e-02,        -4.799697047280e-02,        -4.721566016641e-02,        +1.414213562373e-01,        +8.542594009092e-04,        -4.604682072971e-02,        -3.777362887790e-02,        +7.815803024784e-02,        -4.799697047280e-02,        -4.721566016640e-02,        +9.935021476827e-02,        -4.161307095273e-02
 2.11200000e+02,        +1.414213562373e-01,        +9.710046126673e-02,        -4.135522665357e-02,        -4.817969362010e-02,        -4.590097258040e-02,        -3.478961188428e-02,        +7.879127464594e-02,        -3.287996689618e-04,        -4.687450234832e-02,        +1.414213562373e-01,        -4.817969362010e-02,        -4.590097258040e-02,        +9.712471206229e-02,        -4.147772895616e-02,        -2.712271049867e-04,        -4.680995430264e-02,        -3.478566617579e-02,        +7.878715621001e-02,        +1.414213562373e-01,        -3.478961188428e-02,        +7.879127464594e-02,        -2.712271049857e-04,        -4.680995430264e-02,        +9.717716210566e-02,        -4.150392119720e-02,        -4.813660726048e-02,        -4.596118127080e-02,        +1.414213562373e-01,        -3.287996689620e-04,        -4.687450234832e-02,        -3.478566617579e-02,        +7.878715621000e-02,        -4.813660726047e-02,        -4.596118127080e-02,        +9.713511062992e-02,        -4.138397360144e-02
 2.12800000e+02,        +1.414213562373e-01,        +9.493821940701e-02,        -4.101838327792e-02,        -4.828152944327e-02,        -4.470603570935e-02,        -3.183009127024e-02,        +7.929618390191e-02,        -1.554376320629e-03,        -4.762818820888e-02,        +1.414213562373e-01,        -4.828152944327e-02,        -4.470603570935e-02,        +9.496150206948e-02,        -4.114353288796e-02,        -1.493286492542e-03,        -4.756557438394e-02,        -3.182640482424e-02,        +7.929184489105e-02,        +1.414213562373e-01,        -3.183009127023e-02,        +7.929618390190e-02,        -1.493286492541e-03,        -4.756557438393e-02,        +9.501264161730e-02,        -4.116966498800e-02,        -4.824030939589e-02,        -4.476723310331e-02,        +1.414213562373e-01,        -1.554376320630e-03,        -4.762818820888e-02,        -3.182640482424e-02,        +7.929184489105e-02,        -4.824030939589e-02,        -4.476723310331e-02,        +9.497182571366e-02,        -4.104663486968e-02
 2.14400000e+02,        +1.414213562373e-01,        +9.283288770143e-02,        -4.057945582416e-02,        -4.835425163292e-02,        -4.357084839530e-02,        -2.890453116927e-02,        +7.968215678422e-02,        -2.815802486984e-03,        -4.830818172601e-02,        +1.414213562373e-01,        -4.835425163292e-02,        -4.357084839530e-02,        +9.285509255893e-02,        -4.070722880811e-02,        -2.751323641751e-03,        -4.824764668356e-02,        -2.890111168001e-02,        +7.967761782612e-02,        +1.414213562373e-01,        -2.890453116927e-02,        +7.968215678422e-02,        -2.751323641750e-03,        -4.824764668356e-02,        +9.290498190337e-02,        -4.073324286087e-02,        -4.831490316442e-02,        -4.363296114018e-02,        +1.414213562373e-01,        -2.815802486984e-03,        -4.830818172601e-02,        -2.890111168001e-02,        +7.967761782611e-02,        -4.831490316442e-02,        -4.363296114018e-02,        +9.286552279315e-02,        -4.060719248093e-02
 2.16000000e+02,        +1.414213562373e-01,        +9.078897586747e-02,        -4.004473452058e-02,        -4.840420651231e-02,        -4.249399772136e-02,        -2.601755593061e-02,        +7.995485762571e-02,        -4.106875800046e-03,        -4.891532212738e-02,        +1.414213562373e-01,        -4.840420651231e-02,        -4.249399772136e-02,        +9.080999487049e-02,        -4.017509942805e-02,        -4.039139047189e-03,        -4.885699893440e-02,        -2.601440933451e-02,        +7.995013894585e-02,        +1.414213562373e-01,        -2.601755593061e-02,        +7.995485762571e-02,        -4.039139047188e-03,        -4.885699893440e-02,        +9.085869524435e-02,        -4.020094366548e-02,        -4.836673224708e-02,        -4.255695424652e-02,        +1.414213562373e-01,        -4.106875800046e-03,        -4.891532212738e-02,        -2.601440933451e-02,        +7.995013894584e-02,        -4.836673224708e-02,        -4.255695424652e-02,        +9.082070891741e-02,        -4.007194190874e-02
 2.17600000e+02,        +1.414213562373e-01,        +8.881035554846e-02,        -3.942059766748e-02,        -4.843723727033e-02,        -4.147360307130e-02,        -2.317316409729e-02,        +8.012002280056e-02,        -5.421878811659e-03,        -4.945089537407e-02,        +1.414213562373e-01,        -4.843723727033e-02,        -4.147360307130e-02,        +8.883008292835e-02,        -3.955351583902e-02,        -5.351017150315e-03,        -4.939490611183e-02,        -2.317029471868e-02,        +8.011514409551e-02,        +1.414213562373e-01,        -2.317316409729e-02,        +8.012002280056e-02,        -5.351017150314e-03,        -4.939490611183e-02,        +8.887765605167e-02,        -3.957914437010e-02,        -4.840163736474e-02,        -4.153733362467e-02,        +1.414213562373e-01,        -5.421878811659e-03,        -4.945089537407e-02,        -2.317029471868e-02,        +8.011514409551e-02,        -4.840163736474e-02,        -4.153733362467e-02,        +8.884125289657e-02,        -3.944726617828e-02
 2.19200000e+02,        +1.414213562373e-01,        +8.690028502987e-02,        -3.871344789588e-02,        -4.845867562591e-02,        -4.050739967263e-02,        -2.037475435524e-02,        +8.018339673988e-02,        -6.755586139711e-03,        -4.991655053612e-02,        +1.414213562373e-01,        -4.845867562591e-02,        -4.050739967263e-02,        +8.691861788754e-02,        -3.884887382860e-02,        -6.681733604362e-03,        -4.986300686448e-02,        -2.037216505364e-02,        +8.017837707479e-02,        +1.414213562373e-01,        -2.037475435524e-02,        +8.018339673988e-02,        -6.681733604361e-03,        -4.986300686448e-02,        +8.696512556689e-02,        -3.887424636081e-02,        -4.842494793842e-02,        -4.057183634765e-02,        +1.414213562373e-01,        -6.755586139711e-03,        -4.991655053612e-02,        -2.037216505364e-02,        +8.017837707479e-02,        -4.842494793842e-02,        -4.057183634765e-02,        +8.693041007391e-02,        -3.873957215569e-02
 2.20800000e+02,        +1.414213562373e-01,        +8.506143975452e-02,        -3.792965544684e-02,        -4.847334361175e-02,        -3.959281569041e-02,        -1.762515733755e-02,        +8.015067501113e-02,        -8.103261436829e-03,        -5.031422266185e-02,        +1.414213562373e-01,        -4.847334361175e-02,        -3.959281569041e-02,        +8.507827857745e-02,        -3.806753720411e-02,        -8.026552358385e-03,        -5.026322642134e-02,        -1.762284965349e-02,        +8.014553273930e-02,        +1.414213562373e-01,        -1.762515733754e-02,        +8.015067501112e-02,        -8.026552358384e-03,        -5.026322642134e-02,        +8.512378235536e-02,        -3.809261875399e-02,        -4.844148386844e-02,        -3.965789244325e-02,        +1.414213562373e-01,        -8.103261436829e-03,        -5.031422266185e-02,        -1.762284965349e-02,        +8.014553273930e-02,        -4.844148386844e-02,        -3.965789244325e-02,        +8.509085288837e-02,        -3.795523386052e-02
 2.22400000e+02,        +1.414213562373e-01,        +8.329594719782e-02,        -3.707550871360e-02,        -4.848556363950e-02,        -3.872704222651e-02,        -1.492667184690e-02,        +8.002745470832e-02,        -9.460646019431e-03,        -5.064606279033e-02,        +1.414213562373e-01,        -4.848556363950e-02,        -3.872704222651e-02,        +8.331119630540e-02,        -3.721578836592e-02,        -9.381214396450e-03,        -5.059770662643e-02,        -1.492464614389e-02,        +8.002220741089e-02,        +1.414213562373e-01,        -1.492667184689e-02,        +8.002745470832e-02,        -9.381214396449e-03,        -5.059770662643e-02,        +8.335575715697e-02,        -3.724054896469e-02,        -4.845556559431e-02,        -3.879269488368e-02,        +1.414213562373e-01,        -9.460646019431e-03,        -5.064606279033e-02,        -1.492464614389e-02,        +8.002220741089e-02,        -4.845556559431e-02,        -3.879269488368e-02,        +8.332470578932e-02,        -3.710054304228e-02
 2.24000000e+02,        +1.414213562373e-01,        +8.160542476669e-02,        -3.615717203845e-02,        -4.849917512190e-02,        -3.790709591179e-02,        -1.228110416134e-02,        +7.981919215078e-02,        -1.082394088111e-02,        -5.091437542384e-02,        +1.414213562373e-01,        -4.849917512190e-02,        -3.790709591179e-02,        +8.161899268608e-02,        -3.629978612419e-02,        -1.074191985455e-02,        -5.086874342022e-02,        -1.227935976203e-02,        +7.981385659394e-02,        +1.414213562373e-01,        -1.228110416134e-02,        +7.981919215078e-02,        -1.074191985455e-02,        -5.086874342022e-02,        +8.166267075938e-02,        -3.632420052316e-02,        -4.847103071087e-02,        -3.797326216833e-02,        +1.414213562373e-01,        -1.082394088111e-02,        -5.091437542384e-02,        -1.227935976203e-02,        +7.981385659394e-02,        -4.847103071087e-02,        -3.797326216833e-02,        +8.163358316793e-02,        -3.618166701217e-02
 2.25600000e+02,        +1.414213562373e-01,        +7.999101952009e-02,        -3.518065055319e-02,        -4.851755607943e-02,        -3.712987405215e-02,        -9.689809222237e-03,        +7.953116768481e-02,        -1.218978366289e-02,        -5.112156350420e-02,        +1.414213562373e-01,        -4.851755607943e-02,        -3.712987405215e-02,        +8.000281929568e-02,        -3.532553054899e-02,        -1.210530508685e-02,        -5.107873181332e-02,        -9.688344537454e-03,        +7.952575979248e-02,        +1.414213562373e-01,        -9.689809222237e-03,        +7.953116768480e-02,        -1.210530508684e-02,        -5.107873181332e-02,        +8.004567369253e-02,        -3.534957792909e-02,        -4.849125556820e-02,        -3.719649346092e-02,        +1.414213562373e-01,        -1.218978366289e-02,        -5.112156350420e-02,        -9.688344537454e-03,        +7.952575979248e-02,        -4.849125556820e-02,        -3.719649346092e-02,        +8.001862910370e-02,        -3.520461351772e-02
 2.27200000e+02,        +1.414213562373e-01,        +7.845344866068e-02,        -3.415176169502e-02,        -4.854364833235e-02,        -3.639220250620e-02,        -7.153732654816e-03,        +7.916845722676e-02,        -1.355522197895e-02,        -5.127008072033e-02,        +1.414213562373e-01,        -4.854364833235e-02,        -3.639220250620e-02,        +7.846339810181e-02,        -3.429883448738e-02,        -1.346841607920e-02,        -5.123011818205e-02,        -7.152545304349e-03,        +7.916299206637e-02,        +1.414213562373e-01,        -7.153732654815e-03,        +7.916845722676e-02,        -1.346841607920e-02,        -5.123011818205e-02,        +7.850548669504e-02,        -3.432249817602e-02,        -4.851918045616e-02,        -3.645921645888e-02,        +1.414213562373e-01,        -1.355522197895e-02,        -5.127008072033e-02,        -7.152545304350e-03,        +7.916299206637e-02,        -4.851918045615e-02,        -3.645921645888e-02,        +7.848055787651e-02,        -3.417520229190e-02
 2.28800000e+02,        +1.414213562373e-01,        +7.699303990697e-02,        -3.307611291638e-02,        -4.857998506337e-02,        -3.569087663549e-02,        -4.673452730661e-03,        +7.873591007277e-02,        -1.491768431291e-02,        -5.136239081168e-02,        +1.414213562373e-01,        -4.857998506337e-02,        -3.569087663549e-02,        +7.700106177881e-02,        -3.322530126711e-02,        -1.482867942481e-02,        -5.132535955227e-02,        -4.672539655322e-03,        +7.873040185195e-02,        +1.414213562373e-01,        -4.673452730660e-03,        +7.873591007277e-02,        -1.482867942481e-02,        -5.132535955227e-02,        +7.704244106243e-02,        -3.324856846533e-02,        -4.855733715908e-02,        -3.575822833603e-02,        +1.414213562373e-01,        -1.491768431291e-02,        -5.136239081168e-02,        -4.672539655322e-03,        +7.873040185194e-02,        -4.855733715908e-02,        -3.575822833603e-02,        +7.701969435430e-02,        -3.309904279448e-02
 2.30400000e+02,        +1.414213562373e-01,        +7.560977101325e-02,        -3.195908503234e-02,        -4.862871972006e-02,        -3.502269578484e-02,        -2.249221539362e-03,        +7.823813242581e-02,        -1.627494951557e-02,        -5.140093341618e-02,        +1.414213562373e-01,        -4.862871972006e-02,        -3.502269578484e-02,        +7.561579317641e-02,        -3.211030803227e-02,        -1.618387189293e-02,        -5.136688942167e-02,        -2.248579103915e-03,        +7.823259449808e-02,        +1.414213562373e-01,        -2.249221539362e-03,        +7.823813242581e-02,        -1.618387189293e-02,        -5.136688942167e-02,        +7.565651814504e-02,        -3.213316955404e-02,        -4.860787784958e-02,        -3.509033021617e-02,        +1.414213562373e-01,        -1.627494951557e-02,        -5.140093341618e-02,        -2.248579103916e-03,        +7.823259449808e-02,        -4.860787784958e-02,        -3.509033021617e-02,        +7.563601352429e-02,        -3.198151758904e-02
 2.32000000e+02,        +1.414213562373e-01,        +7.430330785550e-02,        -3.080582060751e-02,        -4.869165540274e-02,        -3.438449182554e-02,        +1.189952134958e-04,        +7.767947604979e-02,        -1.762511575912e-02,        -5.138809593636e-02,        +1.414213562373e-01,        -4.869165540274e-02,        -3.438449182554e-02,        +7.430726335997e-02,        -3.095899411376e-02,        -1.753208944567e-02,        -5.135708959566e-02,        +1.193711265209e-04,        +7.767392092738e-02,        +1.414213562373e-01,        +1.189952134965e-04,        +7.767947604979e-02,        -1.753208944567e-02,        -5.135708959566e-02,        +7.434738741398e-02,        -3.098144413925e-02,        -4.867260446751e-02,        -3.445235571054e-02,        +1.414213562373e-01,        -1.762511575912e-02,        -5.138809593636e-02,        +1.193711265207e-04,        +7.767392092738e-02,        -4.867260446751e-02,        -3.445235571054e-02,        +7.432917858664e-02,        -3.082777075745e-02
 2.33600000e+02,        +1.414213562373e-01,        +7.307304063976e-02,        -2.962121677010e-02,        -4.877027404802e-02,        -3.377315233641e-02,        +2.431480226691e-03,        +7.706403144619e-02,        -1.896656963862e-02,        -5.132619085569e-02,        +1.414213562373e-01,        -4.877027404802e-02,        -3.377315233641e-02,        +7.307486777895e-02,        -2.977625382365e-02,        -1.887171639416e-02,        -5.129826747033e-02,        +2.431594132131e-03,        +7.705847081825e-02,        +1.414213562373e-01,        +2.431480226692e-03,        +7.706403144619e-02,        -1.887171639416e-02,        -5.129826747033e-02,        +7.311444265192e-02,        -2.979828966746e-02,        -4.875299789417e-02,        -3.384119409410e-02,        +1.414213562373e-01,        -1.896656963862e-02,        -5.132619085569e-02,        +2.431594132131e-03,        +7.705847081825e-02,        -4.875299789417e-02,        -3.384119409410e-02,        +7.309857716765e-02,        -2.964270073916e-02
 2.35200000e+02,        +1.414213562373e-01,        +7.191811791374e-02,        -2.840992184806e-02,        -4.886576486652e-02,        -3.318563901221e-02,        +4.688728763435e-03,        +7.639562495646e-02,        -2.029795596349e-02,        -5.121743792319e-02,        +1.414213562373e-01,        -4.886576486652e-02,        -3.318563901221e-02,        +7.191776024396e-02,        -2.856673306918e-02,        -2.020139523729e-02,        -5.119263818146e-02,        +4.688585497232e-03,        +7.639006971134e-02,        +1.414213562373e-01,        +4.688728763436e-03,        +7.639562495646e-02,        -2.020139523729e-02,        -5.119263818146e-02,        +7.195683594949e-02,        -2.858835496424e-02,        -4.885024638074e-02,        -3.325380871005e-02,        +1.414213562373e-01,        -2.029795596349e-02,        -5.121743792319e-02,        +4.688585497232e-03,        +7.639006971134e-02,        -4.885024638074e-02,        -3.325380871005e-02,        +7.194335533384e-02,        -2.843095699043e-02
 2.36800000e+02,        +1.414213562373e-01,        +7.083747817023e-02,        -2.717633524591e-02,        -4.897905162491e-02,        -3.261900188239e-02,        +6.891415165314e-03,        +7.567781921755e-02,        -2.161814865137e-02,        -5.106395063107e-02,        +1.414213562373e-01,        -4.897905162491e-02,        -3.261900188239e-02,        +7.083488450090e-02,        -2.733482920596e-02,        -2.151999759575e-02,        -5.104231104529e-02,        +6.891019816383e-03,        +7.567227946770e-02,        +1.414213562373e-01,        +6.891415165314e-03,        +7.567781921755e-02,        -2.151999759575e-02,        -5.104231104529e-02,        +7.087350929564e-02,        -2.735604010356e-02,        -4.896527282071e-02,        -3.268725118584e-02,        +1.414213562373e-01,        -2.161814865137e-02,        -5.106395063107e-02,        +6.891019816383e-03,        +7.567227946770e-02,        -4.896527282071e-02,        -3.268725118584e-02,        +7.086244919578e-02,        -2.719693988194e-02
 2.38400000e+02,        +1.414213562373e-01,        +6.982987892227e-02,        -2.592461001614e-02,        -4.911081847538e-02,        -3.207038990152e-02,        +9.040361843348e-03,        +7.491391643336e-02,        -2.292622302347e-02,        -5.086772643243e-02,        +1.414213562373e-01,        -4.911081847538e-02,        -3.207038990152e-02,        +6.982500328176e-02,        -2.608469358500e-02,        -2.282659654116e-02,        -5.084927973897e-02,        +9.039719693016e-03,        +7.490840154182e-02,        +1.414213562373e-01,        +9.040361843349e-03,        +7.491391643336e-02,        -2.282659654116e-02,        -5.084927973897e-02,        +6.986322364209e-02,        -2.610549897104e-02,        -4.909876057002e-02,        -3.213867202174e-02,        +1.414213562373e-01,        -2.292622302347e-02,        -5.086772643243e-02,        +9.039719693016e-03,        +7.490840154182e-02,        -4.909876057002e-02,        -3.213867202174e-02,        +6.985461398238e-02,        -2.594480328887e-02
 2.40000000e+02,        +1.414213562373e-01,        +6.889392320635e-02,        -2.465865762227e-02,        -4.926153413211e-02,        -3.153705843942e-02,        +1.113651079432e-02,        +7.410696396847e-02,        -2.422142970566e-02,        -5.063064017960e-02,        +1.414213562373e-01,        -4.926153413211e-02,        -3.153705843942e-02,        +6.888672478777e-02,        -2.482023629120e-02,        -2.412044052513e-02,        -5.061541570177e-02,        +1.113562726270e-02,        +7.410148257600e-02,        +1.414213562373e-01,        +1.113651079432e-02,        +7.410696396847e-02,        -2.412044052513e-02,        -5.061541570177e-02,        +6.892458539771e-02,        -2.484064401852e-02,        -4.925117761411e-02,        -3.160532808013e-02,        +1.414213562373e-01,        -2.422142970565e-02,        -5.063064017960e-02,        +1.113562726270e-02,        +7.410148257600e-02,        -4.925117761411e-02,        -3.160532808013e-02,        +6.891845054192e-02,        -2.467845937064e-02
