        f (GHz),            V_inc[1][1] (V),            Re{V[1][1]} (V),            Im{V[1][1]} (V),            Re{V[2][1]} (V),            Im{V[2][1]} (V),            Re{V[3][1]} (V),            Im{V[3][1]} (V),            Re{V[4][1]} (V),            Im{V[4][1]} (V),            V_inc[2][2] (V),            Re{V[1][2]} (V),            Im{V[1][2]} (V),            Re{V[2][2]} (V),            Im{V[2][2]} (V),            Re{V[3][2]} (V),            Im{V[3][2]} (V),            Re{V[4][2]} (V),            Im{V[4][2]} (V),            V_inc[3][3] (V),            Re{V[1][3]} (V),            Im{V[1][3]} (V),            Re{V[2][3]} (V),            Im{V[2][3]} (V),            Re{V[3][3]} (V),            Im{V[3][3]} (V),            Re{V[4][3]} (V),            Im{V[4][3]} (V),            V_inc[4][4] (V),            Re{V[1][4]} (V),            Im{V[1][4]} (V),            Re{V[2][4]} (V),            Im{V[2][4]} (V),            Re{V[3][4]} (V),            Im{V[3][4]} (V),            Re{V[4][4]} (V),            Im{V[4][4]} (V)
 8.00000000e+01,        +7.071067811865e+00,        +3.463441703359e+00,        +1.453254732548e+00,        +1.971145663433e+00,        -2.239303334125e+00,        +6.706080485036e-01,        -3.589805334093e+00,        +1.402384353523e+00,        -2.643442712478e+00,        +7.071067811865e+00,        +1.971145663433e+00,        -2.239303334125e+00,        +3.463150830124e+00,        +1.451342645399e+00,        +1.403511347106e+00,        -2.643624840397e+00,        +6.706269297126e-01,        -3.589839321741e+00,        +7.071067811865e+00,        +6.706080485036e-01,        -3.589805334093e+00,        +1.403511347106e+00,        -2.643624840397e+00,        +3.463017189875e+00,        +1.452945122855e+00,        +1.970627512161e+00,        -2.238456624830e+00,        +7.071067811865e+00,        +1.402384353523e+00,        -2.643442712478e+00,        +6.706269297126e-01,        -3.589839321741e+00,        +1.970627512161e+00,        -2.238456624830e+00,        +3.463327609147e+00,        +1.454744923351e+00
 8.16000000e+01,        +7.071067811865e+00,        +3.491635562459e+00,        +1.509781724354e+00,        +1.939574534753e+00,        -2.253969163629e+00,        +5.746235632344e-01,        -3.623010427774e+00,        +1.340798231567e+00,        -2.659109929038e+00,        +7.071067811865e+00,        +1.939574534753e+00,        -2.253969163629e+00,        +3.491320922285e+00,        +1.507842370733e+00,        +1.341930185659e+00,        -2.659337223140e+00,        +5.746413515616e-01,        -3.623047046099e+00,        +7.071067811865e+00,        +5.746235632344e-01,        -3.623010427774e+00,        +1.341930185659e+00,        -2.659337223140e+00,        +3.491211513662e+00,        +1.509503861444e+00,        +1.939067204156e+00,        -2.253071739456e+00,        +7.071067811865e+00,        +1.340798231567e+00,        -2.659109929038e+00,        +5.746413515616e-01,        -3.623047046099e+00,        +1.939067204156e+00,        -2.253071739456e+00,        +3.491547426693e+00,        +1.511329818411e+00
 8.32000000e+01,        +7.071067811865e+00,        +3.522662066517e+00,        +1.566439181957e+00,        +1.908978673854e+00,        -2.268188924583e+00,        +4.770591960246e-01,        -3.654499391567e+00,        +1.278932246606e+00,        -2.673349142244e+00,        +7.071067811865e+00,        +1.908978673854e+00,        -2.268188924583e+00,        +3.522323361049e+00,        +1.564474289810e+00,        +1.280066862467e+00,        -2.673622764522e+00,        +4.770756366988e-01,        -3.654538657062e+00,        +7.071067811865e+00,        +4.770591960246e-01,        -3.654499391567e+00,        +1.280066862467e+00,        -2.673622764522e+00,        +3.522240636615e+00,        +1.566195394480e+00,        +1.908484513569e+00,        -2.267239717663e+00,        +7.071067811865e+00,        +1.278932246606e+00,        -2.673349142244e+00,        +4.770756366988e-01,        -3.654538657062e+00,        +1.908484513569e+00,        -2.267239717663e+00,        +3.522602650585e+00,        +1.568045751736e+00
 8.48000000e+01,        +7.071067811865e+00,        +3.556600319577e+00,        +1.623104267835e+00,        +1.879387008482e+00,        -2.282047563208e+00,        +3.778692920999e-01,        -3.684219230692e+00,        +1.216784863683e+00,        -2.686143941479e+00,        +7.071067811865e+00,        +1.879387008482e+00,        -2.282047563208e+00,        +3.556237361523e+00,        +1.621115639916e+00,        +1.217919727552e+00,        -2.686464985887e+00,        +3.778841257496e-01,        -3.684261139699e+00,        +7.071067811865e+00,        +3.778692920999e-01,        -3.684219230692e+00,        +1.217919727551e+00,        -2.686464985887e+00,        +3.556183875919e+00,        +1.622896892329e+00,        +1.878908491704e+00,        -2.281045566656e+00,        +7.071067811865e+00,        +1.216784863683e+00,        -2.686143941479e+00,        +3.778841257497e-01,        -3.684261139699e+00,        +1.878908491704e+00,        -2.281045566656e+00,        +3.556572497083e+00,        +1.624769787654e+00
 8.64000000e+01,        +7.071067811865e+00,        +3.593527531686e+00,        +1.679646976335e+00,        +1.850825192991e+00,        -2.295633799071e+00,        +2.770066728067e-01,        -3.712108798965e+00,        +1.154354256735e+00,        -2.697473042344e+00,        +7.071067811865e+00,        +1.850825192991e+00,        -2.295633799071e+00,        +3.593140253627e+00,        +1.677636486015e+00,        +1.155486836608e+00,        -2.697842528007e+00,        +2.770196362497e-01,        -3.712153327728e+00,        +7.071067811865e+00,        +2.770066728067e-01,        -3.712108798965e+00,        +1.155486836608e+00,        -2.697842528007e+00,        +3.593118666521e+00,        +1.679478345224e+00,        +1.850364919773e+00,        -2.294578074908e+00,        +7.071067811865e+00,        +1.154354256735e+00,        -2.697473042344e+00,        +2.770196362497e-01,        -3.712153327728e+00,        +1.850364919773e+00,        -2.294578074908e+00,        +3.593534289998e+00,        +1.681371814288e+00
 8.80000000e+01,        +7.071067811865e+00,        +3.633518671608e+00,        +1.735929674959e+00,        +1.823315305508e+00,        -2.309040330052e+00,        +1.744231670120e-01,        -3.738098224289e+00,        +1.091638793427e+00,        -2.707309961753e+00,        +7.071067811865e+00,        +1.823315305508e+00,        -2.309040330052e+00,        +3.633107135056e+00,        +1.733899261363e+00,        +1.092766435837e+00,        -2.707728825480e+00,        +1.744339940076e-01,        -3.738145329058e+00,        +7.071067811865e+00,        +1.744231670120e-01,        -3.738098224289e+00,        +1.092766435837e+00,        -2.707728825480e+00,        +3.633120213879e+00,        +1.735802103062e+00,        +1.822876005899e+00,        -2.307930017880e+00,        +7.071067811865e+00,        +1.091638793427e+00,        -2.707309961753e+00,        +1.744339940076e-01,        -3.738145329058e+00,        +1.822876005899e+00,        -2.307930017881e+00,        +3.633563113264e+00,        +1.737714084169e+00
 8.96000000e+01,        +7.071067811865e+00,        +3.676646045500e+00,        +1.791806624961e+00,        +1.796875485866e+00,        -2.322364041270e+00,        +7.007021427307e-02,        -3.762108328738e+00,        +1.028637576985e+00,        -2.715622704353e+00,        +7.071067811865e+00,        +1.796875485866e+00,        -2.322364041270e+00,        +3.676210450221e+00,        +1.789758287405e+00,        +1.029757503824e+00,        -2.716091792375e+00,        +7.007863618377e-02,        -3.762157945953e+00,        +7.071067811865e+00,        +7.007021427306e-02,        -3.762108328738e+00,        +1.029757503824e+00,        -2.716091792375e+00,        +3.676261072551e+00,        +1.791722394372e+00,        +1.796460022801e+00,        -2.321198367733e+00,        +7.071067811865e+00,        +1.028637576985e+00,        -2.715622704353e+00,        +7.007863618378e-02,        -3.762157945953e+00,        +1.796460022801e+00,        -2.321198367733e+00,        +3.676731389445e+00,        +1.793650734137e+00
 9.12000000e+01,        +7.071067811865e+00,        +3.722978792770e+00,        +1.847123486605e+00,        +1.771519507726e+00,        -2.335706211926e+00,        -3.610045225226e-02,        -3.784050047584e+00,        +9.653510507458e-01,        -2.722373465291e+00,        +7.071067811865e+00,        +1.771519507726e+00,        -2.335706211926e+00,        +3.722519486438e+00,        +1.845059278255e+00,        +9.664603562232e-01,        -2.722893524203e+00,        -3.609470599296e-02,        -3.784102094151e+00,        +7.071067811865e+00,        -3.610045225226e-02,        -3.784050047584e+00,        +9.664603562232e-01,        -2.722893524203e+00,        +3.722610641818e+00,        +1.847084829823e+00,        +1.771130879573e+00,        -2.334484500950e+00,        +7.071067811865e+00,        +9.653510507458e-01,        -2.722373465291e+00,        -3.609470599294e-02,        -3.784102094151e+00,        +1.771130879573e+00,        -2.334484500950e+00,        +3.723108375487e+00,        +1.849027289855e+00
 9.28000000e+01,        +7.071067811865e+00,        +3.772582289961e+00,        +1.901716815850e+00,        +1.747256278152e+00,        -2.349172712672e+00,        -1.441360346512e-01,        -3.803823853088e+00,        +9.017816714794e-01,        -2.727518355758e+00,        +7.071067811865e+00,        +1.747256278152e+00,        -2.349172712672e+00,        +3.772099778200e+00,        +1.899638836467e+00,        +9.028773192409e-01,        -2.728090022645e+00,        -1.441332364156e-01,        -3.803878226688e+00,        +7.071067811865e+00,        -1.441360346512e-01,        -3.803823853088e+00,        +9.028773192409e-01,        -2.728090022645e+00,        +3.772234569142e+00,        +1.901725897032e+00,        +1.746897620876e+00,        -2.347894396484e+00,        +7.071067811865e+00,        +9.017816714794e-01,        -2.727518355758e+00,        -1.441332364156e-01,        -3.803878226688e+00,        +1.746897620876e+00,        -2.347894396484e+00,        +3.772759566546e+00,        +1.903680161620e+00
 9.44000000e+01,        +7.071067811865e+00,        +3.825517453130e+00,        +1.955413560847e+00,        +1.724089257913e+00,        -2.362874184581e+00,        -2.540818019274e-01,        -3.821319190489e+00,        +8.379346576015e-01,        -2.731007159246e+00,        +7.071067811865e+00,        +1.724089257913e+00,        -2.362874184581e+00,        +3.825012410061e+00,        +1.953323948395e+00,        +8.390134780413e-01,        -2.731630950968e+00,        -2.540822262820e-01,        -3.821375769739e+00,        +7.071067811865e+00,        -2.540818019274e-01,        -3.821319190489e+00,        +8.390134780413e-01,        -2.731630950968e+00,        +3.825194051934e+00,        +1.955472455113e+00,        +1.723763846845e+00,        -2.361538815471e+00,        +7.071067811865e+00,        +8.379346576015e-01,        -2.731007159246e+00,        -2.540822262820e-01,        -3.821375769739e+00,        +1.723763846845e+00,        -2.361538815471e+00,        +3.825745998417e+00,        +1.957436139716e+00
 9.60000000e+01,        +7.071067811865e+00,        +3.881839929090e+00,        +2.008030568582e+00,        +1.702015795920e+00,        -2.376926189028e+00,        -3.659801153034e-01,        -3.836413935587e+00,        +7.738188184034e-01,        -2.732783128274e+00,        +7.071067811865e+00,        +1.702015795920e+00,        -2.376926189028e+00,        +3.881313208369e+00,        +2.005931489295e+00,        +7.748775061171e-01,        -2.733459429851e+00,        -3.659840399980e-01,        -3.836472579685e+00,        +7.071067811865e+00,        -3.659801153034e-01,        -3.836413935587e+00,        +7.748775061170e-01,        -2.733459429851e+00,        +3.881545027988e+00,        +2.008141239310e+00,        +1.701727047176e+00,        -2.375533451913e+00,        +7.071067811865e+00,        +7.738188184034e-01,        -2.732783128274e+00,        -3.659840399980e-01,        -3.836472579685e+00,        +1.701727047176e+00,        -2.375533451913e+00,        +3.882123438782e+00,        +2.010111899437e+00
 9.76000000e+01,        +7.071067811865e+00,        +3.941599165861e+00,        +2.059374114138e+00,        +1.681026371578e+00,        -2.391449315788e+00,        -4.798693379086e-01,        -3.848973885486e+00,        +7.094474701035e-01,        -2.732782833355e+00,        +7.071067811865e+00,        +1.681026371578e+00,        -2.391449315788e+00,        +3.941051812039e+00,        +2.057267750536e+00,        +7.104825814132e-01,        -2.733511885284e+00,        -4.798770453130e-01,        -3.849034432853e+00,        +7.071067811865e+00,        -4.798693379086e-01,        -3.848973885486e+00,        +7.104825814132e-01,        -2.733511885284e+00,        +3.941337244977e+00,        +2.059538388207e+00,        +1.680777843235e+00,        -2.389999041718e+00,        +7.071067811865e+00,        +7.094474701035e-01,        -2.732782833355e+00,        -4.798770453130e-01,        -3.849034432853e+00,        +1.680777843235e+00,        -2.389999041719e+00,        +3.941941457348e+00,        +2.061513528077e+00
 9.92000000e+01,        +7.071067811865e+00,        +4.004837353052e+00,        +2.109239467550e+00,        +1.661103739545e+00,        -2.406569234394e+00,        -5.957826198384e-01,        -3.858852296602e+00,        +6.448394439409e-01,        -2.730936078263e+00,        +7.071067811865e+00,        +1.661103739545e+00,        -2.406569234394e+00,        +4.004270612700e+00,        +2.107128003873e+00,        +6.458473944782e-01,        -2.731717962446e+00,        -5.957943982732e-01,        -3.858914562034e+00,        +7.071067811865e+00,        -5.957826198384e-01,        -3.858852296602e+00,        +6.458473944782e-01,        -2.731717962446e+00,        +4.004613199770e+00,        +2.109459008428e+00,        +1.660899132577e+00,        -2.405061415373e+00,        +7.071067811865e+00,        +6.448394439409e-01,        -2.730936078263e+00,        -5.957943982731e-01,        -3.858914562034e+00,        +1.660899132577e+00,        -2.405061415373e+00,        +4.005242365066e+00,        +2.111436088921e+00
 1.00800000e+02,        +7.071067811865e+00,        +4.071588223562e+00,        +2.157410515966e+00,        +1.642221972456e+00,        -2.422416671304e+00,        -7.137465501750e-01,        -3.865889486799e+00,        +5.800201905172e-01,        -2.727165898226e+00,        +7.071067811865e+00,        +1.642221972456e+00,        -2.422416671304e+00,        +4.071003555241e+00,        +2.155296120839e+00,        +5.809972530565e-01,        -2.728000522029e+00,        -7.137626941995e-01,        -3.865953257072e+00,        +7.071067811865e+00,        -7.137465501750e-01,        -3.865889486799e+00,        +5.809972530565e-01,        -2.728000522029e+00,        +4.071406938924e+00,        +2.157686794422e+00,        +1.642065131184e+00,        -2.420851476905e+00,        +7.071067811865e+00,        +5.800201905172e-01,        -2.727165898226e+00,        -7.137626941995e-01,        -3.865953257072e+00,        +1.642065131184e+00,        -2.420851476905e+00,        +4.072060013354e+00,        +2.159663240440e+00
 1.02400000e+02,        +7.071067811865e+00,        +4.141875709137e+00,        +2.203659461871e+00,        +1.624345398783e+00,        -2.439127292719e+00,        -8.337796686394e-01,        -3.869912521629e+00,        +5.150229830564e-01,        -2.721388660383e+00,        +7.071067811865e+00,        +1.624345398783e+00,        -2.439127292719e+00,        +4.141274791255e+00,        +2.201544268570e+00,        +5.159652861164e-01,        -2.722275738417e+00,        -8.338004773422e-01,        -3.869977550166e+00,        +7.071067811865e+00,        -8.337796686394e-01,        -3.869912521629e+00,        +5.159652861164e-01,        -2.722275738417e+00,        +4.141742712771e+00,        +2.203993723971e+00,        +1.624240310205e+00,        -2.437505088911e+00,        +7.071067811865e+00,        +5.150229830564e-01,        -2.721388660383e+00,        -8.338004773422e-01,        -3.869977550166e+00,        +1.624240310205e+00,        -2.437505088911e+00,        +4.142418445814e+00,        +2.205966932300e+00
 1.04000000e+02,        +7.071067811865e+00,        +4.215712444104e+00,        +2.247746621405e+00,        +1.607427435216e+00,        -2.456841470034e+00,        -9.558908312247e-01,        -3.870735007969e+00,        +4.498902200802e-01,        -2.713514288787e+00,        +7.071067811865e+00,        +1.607427435216e+00,        -2.456841470034e+00,        +4.215097180074e+00,        +2.245632706650e+00,        +4.507937480658e-01,        -2.714453322261e+00,        -9.559166041413e-01,        -3.870801009830e+00,        +7.071067811865e+00,        -9.558908312247e-01,        -3.870735007969e+00,        +4.507937480658e-01,        -2.714453322261e+00,        +4.215633477135e+00,        +2.248139853432e+00,        +1.607378226333e+00,        -2.455162840247e+00,        +7.071067811865e+00,        +4.498902200803e-01,        -2.713514288787e+00,        -9.559166041413e-01,        -3.870801009830e+00,        +1.607378226333e+00,        -2.455162840247e+00,        +4.216330397402e+00,        +2.250107202966e+00
 1.05600000e+02,        +7.071067811865e+00,        +4.293098113987e+00,        +2.289420350234e+00,        +1.591409315898e+00,        -2.475703901988e+00,        -1.080077426578e+00,        -3.868157021885e+00,        +3.846748251035e-01,        -2.703446639138e+00,        +7.071067811865e+00,        +1.591409315898e+00,        -2.475703901988e+00,        +4.292470634889e+00,        +2.287309712493e+00,        +3.855354207434e-01,        -2.704436893065e+00,        -1.080108457788e+00,        -3.868223670284e+00,        +7.071067811865e+00,        -1.080077426578e+00,        -3.868157021885e+00,        +3.855354207434e-01,        -2.704436893065e+00,        +4.293079239163e+00,        +2.289873240359e+00,        +1.591420248198e+00,        -2.473969669954e+00,        +7.071067811865e+00,        +3.846748251035e-01,        -2.703446639138e+00,        -1.080108457788e+00,        -3.868223670284e+00,        +1.591420248198e+00,        -2.473969669954e+00,        +4.293795638891e+00,        +2.291832106426e+00
 1.07200000e+02,        +7.071067811865e+00,        +4.374017649073e+00,        +2.328417128004e+00,        +1.576218724602e+00,        -2.495863064743e+00,        -1.206323443159e+00,        -3.861965201093e+00,        +3.194417372464e-01,        -2.691084051349e+00,        +7.071067811865e+00,        +1.576218724602e+00,        -2.495863064743e+00,        +4.373380314509e+00,        +2.326311665742e+00,        +3.202551067847e-01,        -2.692124530148e+00,        -1.206360014754e+00,        -3.862032125990e+00,        +7.071067811865e+00,        -1.206323443159e+00,        -3.861965201093e+00,        +3.202551067847e-01,        -2.692124530148e+00,        +4.374065247214e+00,        +2.328930024835e+00,        +1.576294185286e+00,        -2.494074318329e+00,        +7.071067811865e+00,        +3.194417372464e-01,        -2.691084051349e+00,        -1.206360014754e+00,        -3.862032125990e+00,        +1.576294185286e+00,        -2.494074318329e+00,        +4.374799167392e+00,        +2.330877798224e+00
 1.08800000e+02,        +7.071067811865e+00,        +4.458439267186e+00,        +2.364461835852e+00,        +1.561768340626e+00,        -2.517470458345e+00,        -1.334597391450e+00,        -3.851933035929e+00,        +2.542694820150e-01,        -2.676320110822e+00,        +7.071067811865e+00,        +1.561768340626e+00,        -2.517470458345e+00,        +4.457794664994e+00,        +2.362363325474e+00,        +2.550312032709e-01,        -2.677409532814e+00,        -1.334639767465e+00,        -3.851999824315e+00,        +7.071067811865e+00,        -1.334597391450e+00,        -3.851933035929e+00,        +2.550312032708e-01,        -2.677409532814e+00,        +4.458560029208e+00,        +2.365034704241e+00,        +1.561912830594e+00,        -2.515628573720e+00,        +7.071067811865e+00,        +2.542694820150e-01,        -2.676320110822e+00,        -1.334639767465e+00,        -3.851999824315e+00,        +1.561912830594e+00,        -2.515628573720e+00,        +4.459309247128e+00,        +2.366968814288e+00
 1.10400000e+02,        +7.071067811865e+00,        +4.546312375369e+00,        +2.397268264738e+00,        +1.547954314993e+00,        -2.540679615662e+00,        -1.464850090797e+00,        -3.837821396015e+00,        +1.892518057406e-01,        -2.659044651746e+00,        +7.071067811865e+00,        +1.547954314993e+00,        -2.540679615662e+00,        +4.545663320313e+00,        +2.395178337554e+00,        +1.899573390078e-01,        -2.660181422788e+00,        -1.464898512102e+00,        -3.837887593065e+00,        +7.071067811865e+00,        -1.464850090797e+00,        -3.837821396015e+00,        +1.899573390078e-01,        -2.660181422788e+00,        +4.546513289245e+00,        +2.397900639331e+00,        +1.548172433761e+00,        -2.538786281429e+00,        +7.071067811865e+00,        +1.892518057406e-01,        -2.659044651746e+00,        -1.464898512102e+00,        -3.837887593065e+00,        +1.548172433761e+00,        -2.538786281429e+00,        +4.547275309364e+00,        +2.399818579782e+00
 1.12000000e+02,        +7.071067811865e+00,        +4.637565346732e+00,        +2.426539895134e+00,        +1.534654700561e+00,        -2.565644838076e+00,        -1.597012337078e+00,        -3.819379332638e+00,        +1.244993501670e-01,        -2.639145037572e+00,        +7.071067811865e+00,        +1.534654700561e+00,        -2.565644838076e+00,        +4.636914877749e+00,        +2.424460012775e+00,        +1.251440520170e-01,        -2.640327223886e+00,        -1.597067017060e+00,        -3.819444442959e+00,        +7.071067811865e+00,        -1.597012337078e+00,        -3.819379332638e+00,        +1.251440520170e-01,        -2.640327223886e+00,        +4.637853678878e+00,        +2.427230832152e+00,        +1.534951128195e+00,        -2.563702079257e+00,        +7.071067811865e+00,        +1.244993501670e-01,        -2.639145037572e+00,        -1.597067017060e+00,        -3.819444442959e+00,        +1.534951128195e+00,        -2.563702079257e+00,        +4.638625727019e+00,        +2.429130188657e+00
 1.13600000e+02,        +7.071067811865e+00,        +4.732103196702e+00,        +2.451970990610e+00,        +1.521727867991e+00,        -2.592519621382e+00,        -1.730992475242e+00,        -3.796345198937e+00,        +6.014133537004e-02,        -2.616507754706e+00,        +7.071067811865e+00,        +1.521727867991e+00,        -2.592519621382e+00,        +4.731454571959e+00,        +2.449902418677e+00,        +6.072047561647e-02,        -2.617733054890e+00,        -1.731053595819e+00,        -3.796408687548e+00,        +7.071067811865e+00,        -1.730992475242e+00,        -3.796345198937e+00,        +6.072047561645e-02,        -2.617733054890e+00,        +4.732486467252e+00,        +2.452719018350e+00,        +1.522107343911e+00,        -2.590529823211e+00,        +7.071067811865e+00,        +6.014133537005e-02,        -2.616507754706e+00,        -1.731053595819e+00,        -3.796408687548e+00,        +1.522107343911e+00,        -2.590529823211e+00,        +4.733265487788e+00,        +2.454597497001e+00
 1.15200000e+02,        +7.071067811865e+00,        +4.829805192172e+00,        +2.473248048728e+00,        +1.509010949119e+00,        -2.621454735853e+00,        -1.866673910086e+00,        -3.768448130907e+00,        -3.672790403530e-03,        -2.591020354980e+00,        +7.071067811865e+00,        +1.509010949119e+00,        -2.621454735853e+00,        +4.829161881153e+00,        +2.471191828810e+00,        -3.164008146846e-03,        -2.592286071275e+00,        -1.866741617565e+00,        -3.768509423924e+00,        +7.071067811865e+00,        -1.866673910086e+00,        -3.768448130906e+00,        -3.164008146871e-03,        -2.592286071275e+00,        +4.830291143550e+00,        +2.474051117331e+00,        +1.509478247441e+00,        -2.619420667219e+00,        +7.071067811865e+00,        -3.672790403519e-03,        -2.591020354980e+00,        -1.866741617565e+00,        -3.768509423924e+00,        +1.509478247441e+00,        -2.619420667219e+00,        +4.831073799288e+00,        +2.475906574092e+00
 1.16800000e+02,        +7.071067811865e+00,        +4.930522437630e+00,        +2.490051651920e+00,        +1.496318360068e+00,        -2.652595926764e+00,        -2.003912599198e+00,        -3.735409931538e+00,        -6.677178617243e-02,        -2.562573780168e+00,        +7.071067811865e+00,        +1.496318360068e+00,        -2.652595926764e+00,        +4.929888109593e+00,        +2.488008572403e+00,        -6.633819982268e-02,        -2.563876789229e+00,        -2.003986999665e+00,        -3.735468416800e+00,        +7.071067811865e+00,        -2.003912599198e+00,        -3.735409931538e+00,        -6.633819982270e-02,        -2.563876789228e+00,        +4.931118995801e+00,        +2.490907083103e+00,        +1.496878261127e+00,        -2.650520762961e+00,        +7.071067811865e+00,        -6.677178617241e-02,        -2.562573780168e+00,        -2.003986999665e+00,        -3.735468416800e+00,        +1.496878261127e+00,        -2.650520762961e+00,        +4.931901670520e+00,        +2.492737554179e+00
 1.18400000e+02,        +7.071067811865e+00,        +5.034075494142e+00,        +2.502058758233e+00,        +1.483440468255e+00,        -2.686081206271e+00,        -2.142534583758e+00,        -3.696947397697e+00,        -1.289612029130e-01,        -2.531065097232e+00,        +7.071067811865e+00,        +1.483440468255e+00,        -2.686081206271e+00,        +5.033454002387e+00,        +2.500029324448e+00,        -1.286076626052e-01,        -2.532401820812e+00,        -2.142615737841e+00,        -3.697002425585e+00,        +7.071067811865e+00,        -2.142534583758e+00,        -3.696947397697e+00,        -1.286076626053e-01,        -2.532401820812e+00,        +5.034790721901e+00,        +2.502963195852e+00,        +1.484097725932e+00,        -2.683968550557e+00,        +7.071067811865e+00,        -1.289612029130e-01,        -2.531065097232e+00,        -2.142615737841e+00,        -3.697002425585e+00,        +1.484097725932e+00,        -2.683968550557e+00,        +5.035569525757e+00,        +2.504766929075e+00
 1.20000000e+02,        +7.071067811865e+00,        +5.140252099610e+00,        +2.508945466402e+00,        +1.470142479881e+00,        -2.722037715017e+00,        -2.282333625518e+00,        -3.652775123927e+00,        -1.900221939334e-01,        -2.496400665560e+00,        +7.071067811865e+00,        +1.470142479881e+00,        -2.722037715017e+00,        +5.139647461173e+00,        +2.506929870789e+00,        -1.897535275629e-01,        -2.497767041679e+00,        -2.282421542501e+00,        -3.652826008688e+00,        +7.071067811865e+00,        -2.282333625518e+00,        -3.652775123927e+00,        -1.897535275629e-01,        -2.497767041679e+00,        +5.141094141351e+00,        +2.509894828938e+00,        +1.470901784469e+00,        -2.719891618301e+00,        +7.071067811865e+00,        -1.900221939334e-01,        -2.496400665560e+00,        -2.282421542501e+00,        -3.652826008688e+00,        +1.470901784469e+00,        -2.719891618301e+00,        +5.141864919512e+00,        +2.511670316095e+00
 1.21600000e+02,        +7.071067811865e+00,        +5.248805071800e+00,        +2.510390281198e+00,        +1.456163637095e+00,        -2.760578142629e+00,        -2.423069031301e+00,        -3.602608808893e+00,        -2.497106399445e-01,        -2.458499746649e+00,        +7.071067811865e+00,        +1.456163637095e+00,        -2.760578142629e+00,        +5.248221442244e+00,        +2.508388374210e+00,        -2.495316131295e-01,        -2.459891201953e+00,        -2.423163662651e+00,        -3.602654830691e+00,        +7.071067811865e+00,        -2.423069031301e+00,        -3.602608808893e+00,        -2.495316131296e-01,        -2.459891201953e+00,        +5.249782089311e+00,        +2.511379717448e+00,        +1.457029573545e+00,        -2.758403120529e+00,        +7.071067811865e+00,        -2.497106399445e-01,        -2.458499746649e+00,        -2.423163662651e+00,        -3.602654830691e+00,        +1.457029573545e+00,        -2.758403120529e+00,        +5.250540434264e+00,        +2.513125727342e+00
 1.23200000e+02,        +7.071067811865e+00,        +5.359450488334e+00,        +2.506077892773e+00,        +1.441216826044e+00,        -2.801796711027e+00,        -2.564463759124e+00,        -3.546169078006e+00,        -3.077566898479e-01,        -2.417298552015e+00,        +7.071067811865e+00,        +1.441216826044e+00,        -2.801796711027e+00,        +5.358892131446e+00,        +2.504089155343e+00,        -3.076719599637e-01,        -2.418709976181e+00,        -2.564564991540e+00,        -3.546209485921e+00,        +7.071067811865e+00,        -2.564463759124e+00,        -3.546169078006e+00,        -3.076719599637e-01,        -2.418709976181e+00,        +5.360570587337e+00,        +2.507101742262e+00,        +1.442193827566e+00,        -2.799597757403e+00,        +7.071067811865e+00,        -3.077566898479e-01,        -2.417298552015e+00,        -2.564564991540e+00,        -3.546209485921e+00,        +1.442193827566e+00,        -2.799597757403e+00,        +5.361311855309e+00,        +2.508817354116e+00
 1.24800000e+02,        +7.071067811865e+00,        +5.471866249469e+00,        +2.495703467548e+00,        +1.424988707460e+00,        -2.845764743392e+00,        -2.706202911677e+00,        -3.483185819572e+00,        -3.638648287097e-01,        -2.372754706144e+00,        +7.071067811865e+00,        +1.424988707460e+00,        -2.845764743392e+00,        +5.471337501768e+00,        +2.493726986009e+00,        -3.638788927574e-01,        -2.374180429310e+00,        -2.706310559814e+00,        -3.483219835733e+00,        +7.071067811865e+00,        -2.706202911677e+00,        -3.483185819572e+00,        -3.638788927574e-01,        -2.374180429310e+00,        +5.473137396865e+00,        +2.496755227330e+00,        +1.426081004612e+00,        -2.843547339413e+00,        +7.071067811865e+00,        -3.638648287097e-01,        -2.372754706144e+00,        -2.706310559814e+00,        -3.483219835733e+00,        +1.426081004612e+00,        -2.843547339413e+00,        +5.473856728753e+00,        +2.498439864021e+00
 1.26400000e+02,        +7.071067811865e+00,        +5.585691138812e+00,        +2.478977427707e+00,        +1.407140489144e+00,        -2.892525865069e+00,        -2.847932732267e+00,        -3.413403011392e+00,        -4.177145920885e-01,        -2.324852077931e+00,        +7.071067811865e+00,        +1.407140489144e+00,        -2.892525865069e+00,        +5.585196368924e+00,        +2.477011872142e+00,        -4.178317283048e-01,        -2.326285852246e+00,        -2.848046531303e+00,        -3.413429836384e+00,        +7.071067811865e+00,        -2.847932732267e+00,        -3.413403011392e+00,        -4.178317283048e-01,        -2.326285852246e+00,        +5.587121070860e+00,        +2.480049727420e+00,        +1.408352054721e+00,        -2.890295982825e+00,        +7.071067811865e+00,        -4.177145920885e-01,        -2.324852077931e+00,        -2.848046531303e+00,        -3.413429836384e+00,        +1.408352054720e+00,        -2.890295982825e+00,        +5.587813417992e+00,        +2.481703187857e+00
 1.28000000e+02,        +7.071067811865e+00,        +5.700524502883e+00,        +2.455630671711e+00,        +1.387309463257e+00,        -2.942090910474e+00,        -2.989260224102e+00,        -3.336583990047e+00,        -4.689620494204e-01,        -2.273605906275e+00,        +7.071067811865e+00,        +1.387309463257e+00,        -2.942090910474e+00,        +5.700068065997e+00,        +2.453674278772e+00,        -4.691862527040e-01,        -2.275040892773e+00,        -2.989379822369e+00,        -3.336602809739e+00,        +7.071067811865e+00,        -2.989260224102e+00,        -3.336583990047e+00,        -4.691862527040e-01,        -2.275040892773e+00,        +5.702120624913e+00,        +2.456715258835e+00,        +1.388643953490e+00,        -2.939855010091e+00,        +7.071067811865e+00,        -4.689620494204e-01,        -2.273605906275e+00,        -2.989379822369e+00,        -3.336602809739e+00,        +1.388643953490e+00,        -2.939855010091e+00,        +5.702780779833e+00,        +2.458337748726e+00
 1.29600000e+02,        +7.071067811865e+00,        +5.815926671170e+00,        +2.425420159858e+00,        +1.365111429098e+00,        -2.994432641658e+00,        -3.129753514579e+00,        -3.252517086744e+00,        -5.172421769532e-01,        -2.219068113903e+00,        +7.071067811865e+00,        +1.365111429098e+00,        -2.994432641658e+00,        +5.815512859006e+00,        +2.423470721131e+00,        -5.175770883960e-01,        -2.220496875995e+00,        -3.129878466491e+00,        -3.252527080634e+00,        +7.071067811865e+00,        -3.129753514579e+00,        -3.252517086744e+00,        -5.175770883960e-01,        -2.220496875995e+00,        +5.817695949810e+00,        +2.426507897201e+00,        +1.366572121912e+00,        -2.992197660923e+00,        +7.071067811865e+00,        -5.172421769532e-01,        -2.219068113903e+00,        -3.129878466491e+00,        -3.252527080634e+00,        +1.366572121912e+00,        -2.992197660923e+00,        +5.818318582172e+00,        +2.428100057317e+00
 1.31200000e+02,        +7.071067811865e+00,        +5.931420232488e+00,        +2.388134757636e+00,        +1.340144112515e+00,        -3.049480418703e+00,        -3.268943080411e+00,        -3.161021522282e+00,        -5.621722311464e-01,        -2.161332669029e+00,        +7.071067811865e+00,        +1.340144112515e+00,        -3.049480418703e+00,        +5.931053219430e+00,        +2.386189614644e+00,        -5.626210621972e-01,        -2.162747173954e+00,        -3.269072839973e+00,        -3.161021873426e+00,        +7.071067811865e+00,        -3.268943080411e+00,        -3.161021522282e+00,        -5.626210621972e-01,        -2.162747173954e+00,        +5.933369081848e+00,        +2.389215635043e+00,        +1.341733843796e+00,        -3.047253754240e+00,        +7.071067811865e+00,        -5.621722311464e-01,        -2.161332669029e+00,        -3.269072839973e+00,        -3.161021873426e+00,        +1.341733843796e+00,        -3.047253754240e+00,        +5.933948779294e+00,        +2.390778566036e+00
 1.32800000e+02,        +7.071067811865e+00,        +6.046492269639e+00,        +2.343601196970e+00,        +1.311991674571e+00,        -3.107114997847e+00,        -3.406323935659e+00,        -3.061953421022e+00,        -6.033562149596e-01,        -2.100540818697e+00,        +7.071067811865e+00,        +1.311991674571e+00,        -3.107114997847e+00,        +6.046176055955e+00,        +2.341657243831e+00,        -6.039216670236e-01,        -2.101932448288e+00,        -3.406457850854e+00,        -3.061943327582e+00,        +7.071067811865e+00,        -3.406323935659e+00,        -3.061953421022e+00,        -6.039216670236e-01,        -2.101932448288e+00,        +6.048626433365e+00,        +2.344664359117e+00,        +1.313712773682e+00,        -3.104904477015e+00,        +7.071067811865e+00,        -6.033562149595e-01,        -2.100540818697e+00,        -3.406457850854e+00,        -3.061943327582e+00,        +1.313712773682e+00,        -3.104904477015e+00,        +6.049157747113e+00,        +2.346199641909e+00
 1.34400000e+02,        +7.071067811865e+00,        +6.160597631424e+00,        +2.291689983390e+00,        +1.280230373455e+00,        -3.167163668137e+00,        -3.541358861774e+00,        -2.955211771662e+00,        -6.403905007728e-01,        -2.036885982824e+00,        +7.071067811865e+00,        +1.280230373455e+00,        -3.167163668137e+00,        +6.160335984743e+00,        +2.289743678085e+00,        -6.410746813501e-01,        -2.038245554906e+00,        -3.541496170174e+00,        -2.955190460037e+00,        +7.071067811865e+00,        -3.541358861773e+00,        -2.955211771662e+00,        -6.410746813501e-01,        -2.038245554906e+00,        +6.162922063049e+00,        +2.292723775324e+00,        +1.282084599450e+00,        -3.164977510981e+00,        +7.071067811865e+00,        -6.403905007728e-01,        -2.036885982824e+00,        -3.541496170174e+00,        -2.955190460037e+00,        +1.282084599450e+00,        -3.164977510981e+00,        +6.163399557657e+00,        +2.294233486070e+00
 1.36000000e+02,        +7.071067811865e+00,        +6.273163288302e+00,        +2.232321048338e+00,        +1.244435404008e+00,        -3.229395968506e+00,        -3.673482726014e+00,        -2.840744133717e+00,        -6.728706340786e-01,        -1.970618066839e+00,        +7.071067811865e+00,        +1.244435404008e+00,        -3.229395968506e+00,        +6.272959684801e+00,        +2.230368433319e+00,        -6.736749708545e-01,        -1.971935868455e+00,        -3.673622551960e+00,        -2.840710873171e+00,        +7.071067811865e+00,        -3.673482726014e+00,        -2.840744133717e+00,        -6.736749708545e-01,        -1.971935868454e+00,        +6.275682032772e+00,        +2.233313080027e+00,        +1.246423884227e+00,        -3.227242739343e+00,        +7.071067811865e+00,        -6.728706340786e-01,        -1.970618066839e+00,        -3.673622551960e+00,        -2.840710873171e+00,        +1.246423884227e+00,        -3.227242739343e+00,        +6.276100339358e+00,        +2.234799798720e+00
 1.37600000e+02,        +7.071067811865e+00,        +6.383593775516e+00,        +2.165468923224e+00,        +1.204188888728e+00,        -3.293520251318e+00,        -3.802107892122e+00,        -2.718551865978e+00,        -7.003992915486e-01,        -1.902046926705e+00,        +7.071067811865e+00,        +1.204188888728e+00,        -3.293520251318e+00,        +6.383451342520e+00,        +2.163505655872e+00,        -7.013244461628e-01,        -1.903312760185e+00,        -3.802249245842e+00,        -2.718505984597e+00,        +7.071067811865e+00,        -3.802107892122e+00,        -2.718551865978e+00,        -7.013244461629e-01,        -1.903312760185e+00,        +6.386309855235e+00,        +2.166406153905e+00,        +1.206312061633e+00,        -3.291408799826e+00,        +7.071067811865e+00,        -7.003992915486e-01,        -1.902046926705e+00,        -3.802249245842e+00,        -2.718505984597e+00,        +1.206312061633e+00,        -3.291408799826e+00,        +6.386663727178e+00,        +2.167872965780e+00
 1.39200000e+02,        +7.071067811865e+00,        +6.491277676392e+00,        +2.091167198762e+00,        +1.159088933699e+00,        -3.359181371923e+00,        -3.926630675950e+00,        -2.588694640085e+00,        -7.225953066482e-01,        -1.831544706617e+00,        +7.071067811865e+00,        +1.159088933699e+00,        -3.359181371923e+00,        +6.491199138269e+00,        +2.089188591866e+00,        -7.236410901606e-01,        -1.832747949270e+00,        -3.926772454964e+00,        -2.588635541816e+00,        +7.071067811865e+00,        -3.926630675950e+00,        -2.588694640085e+00,        -7.236410901606e-01,        -1.832747949270e+00,        +6.494192985463e+00,        +2.092036041239e+00,        +1.161346497941e+00,        -3.357120763995e+00,        +7.071067811865e+00,        -7.225953066482e-01,        -1.831544706617e+00,        -3.926772454964e+00,        -2.588635541816e+00,        +1.161346497941e+00,        -3.357120763995e+00,        +6.494477355384e+00,        +2.093486530313e+00
 1.40800000e+02,        +7.071067811865e+00,        +6.595595040853e+00,        +2.009512032779e+00,        +1.108759594756e+00,        -3.425959783099e+00,        -4.046438741077e+00,        -2.451294001962e+00,        -7.391036078389e-01,        -1.759546770396e+00,        +7.071067811865e+00,        +1.108759594756e+00,        -3.425959783099e+00,        +6.595582670257e+00,        +2.007513104814e+00,        -7.402689001634e-01,        -1.760676448219e+00,        -4.046579734225e+00,        -2.451221184398e+00,        +7.071067811865e+00,        -4.046438741077e+00,        -2.451294001962e+00,        -7.402689001634e-01,        -1.760676448219e+00,        +6.598710251421e+00,        +2.010298477089e+00,        +1.111150466509e+00,        -3.423959222112e+00,        +7.071067811865e+00,        -7.391036078389e-01,        -1.759546770396e+00,        -4.046579734225e+00,        -2.451221184397e+00,        +1.111150466509e+00,        -3.423959222112e+00,        +6.598920288074e+00,        +2.011736711383e+00
 1.42400000e+02,        +7.071067811865e+00,        +6.695925573478e+00,        +1.920664484804e+00,        +1.052861526900e+00,        -3.493372295251e+00,        -4.160919268587e+00,        -2.306535758938e+00,        -7.496058420741e-01,        -1.686550965599e+00,        +7.071067811865e+00,        +1.052861526900e+00,        -3.493372295251e+00,        +6.695981150014e+00,        +1.918640019322e+00,        -7.508885178423e-01,        -1.687595841024e+00,        -4.161058162954e+00,        -2.306448831435e+00,        +7.071067811865e+00,        -4.160919268587e+00,        -2.306535758938e+00,        -7.508885178423e-01,        -1.687595841024e+00,        +6.699240058139e+00,        +1.921354239810e+00,        +1.055383807455e+00,        -3.491441034863e+00,        +7.071067811865e+00,        -7.496058420740e-01,        -1.686550965599e+00,        -4.161058162954e+00,        -2.306448831435e+00,        +1.055383807455e+00,        -3.491441034863e+00,        +6.699371221684e+00,        +1.922784748094e+00
 1.44000000e+02,        +7.071067811865e+00,        +6.791657366006e+00,        +1.824851488075e+00,        +9.911030181105e-01,        -3.560874725653e+00,        -4.269467675748e+00,        -2.154671002693e+00,        -7.538313844527e-01,        -1.613114997009e+00,        +7.071067811865e+00,        +9.911030181105e-01,        -3.560874725653e+00,        +6.791782144356e+00,        +1.822796101038e+00,        -7.552282478767e-01,        -1.614063670213e+00,        -4.269603066702e+00,        -2.154569704316e+00,        +7.071067811865e+00,        -4.269467675748e+00,        -2.154671002692e+00,        -7.552282478767e-01,        -1.614063670213e+00,        +6.795169140122e+00,        +1.825430138649e+00,        +9.937539735563e-01,        -3.559021975692e+00,        +7.071067811865e+00,        -7.538313844527e-01,        -1.613114997009e+00,        -4.269603066702e+00,        -2.154569704316e+00,        +9.937539735562e-01,        -3.559021975692e+00,        +6.795217234160e+00,        +1.826857878880e+00
 1.45600000e+02,        +7.071067811865e+00,        +6.882195896536e+00,        +1.722365319580e+00,        +9.232510430637e-01,        -3.627866602012e+00,        -4.371496605492e+00,        -1.996015628165e+00,        -7.515683692232e-01,        -1.539851744211e+00,        +7.071067811865e+00,        +9.232510430637e-01,        -3.627866602012e+00,        +6.882390585893e+00,        +1.720273532969e+00,        -7.530751005300e-01,        -1.540692767015e+00,        -4.371627009955e+00,        -1.995899844892e+00,        +7.071067811865e+00,        -4.371496605492e+00,        -1.996015628165e+00,        -7.530751005301e-01,        -1.540692767015e+00,        +6.885901583925e+00,        +1.722818496154e+00,        +9.260270976292e-01,        -3.626101429464e+00,        +7.071067811865e+00,        -7.515683692231e-01,        -1.539851744211e+00,        -4.371627009955e+00,        -1.995899844892e+00,        +9.260270976291e-01,        -3.626101429464e+00,        +6.885862802695e+00,        +1.724248816139e+00
 1.47200000e+02,        +7.071067811865e+00,        +6.966972977346e+00,        +1.613561494979e+00,        +8.491419189303e-01,        -3.693698008084e+00,        -4.466444868227e+00,        -1.830948274807e+00,        -7.426743240268e-01,        -1.467422435556e+00,        +7.071067811865e+00,        +8.491419189303e-01,        -3.693698008084e+00,        +6.967237733677e+00,        +1.611427814524e+00,        -7.442854399270e-01,        -1.468144436370e+00,        -4.466568741188e+00,        -1.830818055372e+00,        +7.071067811865e+00,        -4.466444868227e+00,        -1.830948274807e+00,        -7.442854399270e-01,        -1.468144436370e+00,        +6.970867802224e+00,        +1.613875051371e+00,        +8.520386631566e-01,        -3.692029235569e+00,        +7.071067811865e+00,        -7.426743240267e-01,        -1.467422435556e+00,        -4.466568741188e+00,        -1.830818055372e+00,        +8.520386631566e-01,        -3.692029235569e+00,        +6.970738771443e+00,        +1.615313642561e+00
 1.48800000e+02,        +7.071067811865e+00,        +7.045455310785e+00,        +1.498855094346e+00,        +7.686911105956e-01,        -3.757678564996e+00,        -4.553785994904e+00,        -1.659906695735e+00,        -7.270859544420e-01,        -1.396527684923e+00,        +7.071067811865e+00,        +7.686911105956e-01,        -3.757678564996e+00,        +7.045789743008e+00,        +1.496674088818e+00,        -7.287947848563e-01,        -1.397119502726e+00,        -4.553901749048e+00,        -1.659762265471e+00,        +7.071067811865e+00,        -4.553785994904e+00,        -1.659906695735e+00,        -7.287947848563e-01,        -1.397119502726e+00,        +7.049533118034e+00,        +1.499015289055e+00,        +7.717033250333e-01,        -3.756114669422e+00,        +7.071067811865e+00,        -7.270859544420e-01,        -1.396527684923e+00,        -4.553901749048e+00,        -1.659762265471e+00,        +7.717033250332e-01,        -3.756114669422e+00,        +7.049310928040e+00,        +1.500468134739e+00
 1.50400000e+02,        +7.071067811865e+00,        +7.117152312479e+00,        +1.378715611321e+00,        +6.819017215616e-01,        -3.819088436250e+00,        -4.633036059965e+00,        -1.483382647098e+00,        -7.048276148363e-01,        -1.327896503417e+00,        +7.071067811865e+00,        +6.819017215616e-01,        -3.819088436250e+00,        +7.117555503081e+00,        +1.376481990518e+00,        -7.066262977481e-01,        -1.328347328234e+00,        -4.633142088168e+00,        -1.483224419124e+00,        +7.071067811865e+00,        -4.633036059964e+00,        -1.483382647098e+00,        -7.066262977481e-01,        -1.328347328234e+00,        +7.121405617286e+00,        +1.378709286937e+00,        +6.850234161057e-01,        -3.817637450528e+00,        +7.071067811865e+00,        -7.048276148363e-01,        -1.327896503417e+00,        -4.633142088168e+00,        -1.483224419124e+00,        +6.850234161057e-01,        -3.817637450528e+00,        +7.121087847459e+00,        +1.380182606417e+00
 1.52000000e+02,        +7.071067811865e+00,        +7.181622885850e+00,        +1.253660505551e+00,        +5.888712231994e-01,        -3.877191133994e+00,        -4.703760457481e+00,        -1.301915477361e+00,        -6.760180179727e-01,        -1.262273508575e+00,        +7.071067811865e+00,        +5.888712231994e-01,        -3.877191133994e+00,        +7.182093425780e+00,        +1.251369193934e+00,        -6.778975138050e-01,        -1.262573025561e+00,        -4.703855157759e+00,        -1.301744060517e+00,        +7.071067811865e+00,        -4.703760457481e+00,        -1.301915477361e+00,        -6.778975138050e-01,        -1.262573025561e+00,        +7.186042952602e+00,        +1.253475260627e+00,        +5.920956915550e-01,        -3.875860554730e+00,        +7.071067811865e+00,        -6.760180179727e-01,        -1.262273508575e+00,        -4.703855157759e+00,        -1.301744060517e+00,        +5.920956915549e-01,        -3.875860554729e+00,        +7.185627686380e+00,        +1.254975451211e+00
 1.53600000e+02,        +7.071067811865e+00,        +7.238480881921e+00,        +1.124247718261e+00,        +4.897960204489e-01,        -3.931247796947e+00,        -4.765579363763e+00,        -1.116084676361e+00,        -6.408747812949e-01,        -1.200404660869e+00,        +7.071067811865e+00,        +4.897960204489e-01,        -3.931247796947e+00,        +7.239016918920e+00,        +1.121893921197e+00,        -6.428249076522e-01,        -1.200543194787e+00,        -4.765661166138e+00,        -1.115900879346e+00,        +7.071067811865e+00,        -4.765579363763e+00,        -1.116084676361e+00,        -6.428249076522e-01,        -1.200543194787e+00,        +7.243057830992e+00,        +1.123872065990e+00,        +4.931159085791e-01,        -3.930044500929e+00,        +7.071067811865e+00,        -6.408747812948e-01,        -1.200404660869e+00,        -4.765661166138e+00,        -1.115900879346e+00,        +4.931159085790e-01,        -3.930044500929e+00,        +7.242543661262e+00,        +1.125405644760e+00
 1.55200000e+02,        +7.071067811865e+00,        +7.287399051276e+00,        +9.910674754498e-01,        +3.849735254414e-01,        -3.980532514871e+00,        -4.818171692568e+00,        -9.265017087604e-01,        -5.997164812384e-01,        -1.143021952818e+00,        +7.071067811865e+00,        +3.849735254414e-01,        -3.980532514871e+00,        +7.287998350058e+00,        +9.886467351813e-01,        -6.017259682362e-01,        -1.142990609544e+00,        -4.818239087190e+00,        -9.263065400337e-01,        +7.071067811865e+00,        -4.818171692568e+00,        -9.265017087604e-01,        -6.017259682362e-01,        -1.142990609544e+00,        +7.292121991085e+00,        +9.904909837697e-01,        +3.883809122443e-01,        -3.979462686905e+00,        +7.071067811865e+00,        -5.997164812384e-01,        -1.143021952818e+00,        -4.818239087190e+00,        -9.263065400337e-01,        +3.883809122443e-01,        -3.979462686905e+00,        +7.291508016199e+00,        +9.920645311504e-01
 1.56800000e+02,        +7.071067811865e+00,        +7.328111385594e+00,        +8.547337453526e-01,        +2.748015080703e-01,        -4.024348198569e+00,        -4.861277439690e+00,        -7.338014988607e-01,        -5.529619845219e-01,        -1.090827551935e+00,        +7.071067811865e+00,        +2.748015080703e-01,        -4.024348198569e+00,        +7.328771397606e+00,        +8.522419842061e-01,        -5.550185502808e-01,        -1.090618353620e+00,        -4.861329005444e+00,        -7.335961620217e-01,        +7.071067811865e+00,        -4.861277439690e+00,        -7.338014988606e-01,        -5.550185502808e-01,        -1.090618353620e+00,        +7.332968566146e+00,        +8.539471537439e-01,        +2.782879959936e-01,        -4.023417272787e+00,        +7.071067811865e+00,        -5.529619845219e-01,        -1.090827551935e+00,        -4.861329005444e+00,        -7.335961620217e-01,        +2.782879959936e-01,        -4.023417272787e+00,        +7.332254377275e+00,        +8.555672607615e-01
 1.58400000e+02,        +7.071067811865e+00,        +7.360413846892e+00,        +7.158757313463e-01,        +1.597746080782e-01,        -4.062042444508e+00,        -4.894698414472e+00,        -5.386339484091e-01,        -5.011269409700e-01,        -1.044477948619e+00,        +7.071067811865e+00,        +1.597746080782e-01,        -4.062042444508e+00,        +7.361131786826e+00,        +7.133092801994e-01,        -5.032173862190e-01,        -1.044083959224e+00,        -4.894732847246e+00,        -5.384198328923e-01,        +7.071067811865e+00,        -4.894698414472e+00,        -5.386339484090e-01,        -5.032173862190e-01,        -1.044083959224e+00,        +7.365392829996e+00,        +7.148710404428e-01,        +1.633314209597e-01,        -4.061255060744e+00,        +7.071067811865e+00,        -5.011269409700e-01,        -1.044477948619e+00,        -4.894732847246e+00,        -5.384198328923e-01,        +1.633314209597e-01,        -4.061255060744e+00,        +7.364578491014e+00,        +7.165442613663e-01
 1.60000000e+02,        +7.071067811865e+00,        +7.384163584394e+00,        +5.751297657540e-01,        +4.047801881261e-02,        -4.093022823545e+00,        -4.918297457726e+00,        -3.416558534249e-01,        -4.448174480559e-01,        -1.004568679703e+00,        +7.071067811865e+00,        +4.047801881264e-02,        -4.093022823545e+00,        +7.384936510139e+00,        +5.724853764961e-01,        -4.469277682005e-01,        -1.003984117902e+00,        -4.918313597465e+00,        -3.414345205501e-01,        +7.071067811865e+00,        -4.918297457726e+00,        -3.416558534249e-01,        -4.469277682005e-01,        -1.003984117902e+00,        +7.389251424987e+00,        +5.739002970437e-01,        +4.409610395706e-02,        -4.092382799746e+00,        +7.071067811865e+00,        -4.448174480558e-01,        -1.004568679703e+00,        -4.918313597465e+00,        -3.414345205501e-01,        +4.409610395703e-02,        -4.092382799746e+00,        +7.388337446433e+00,        +5.756331087492e-01
 1.61600000e+02,        +7.071067811865e+00,        +7.399276832087e+00,        +4.331319248747e-01,        -8.242152042477e-02,        -4.116771035409e+00,        -4.931996338832e+00,        -1.435235410325e-01,        -3.847210241743e-01,        -9.716201861643e-01,        +7.071067811865e+00,        -8.242152042474e-02,        -4.116771035409e+00,        +7.400101724584e+00,        +4.304067663734e-01,        -3.868365366736e-01,        -9.708405229619e-01,        -4.931993194516e+00,        -1.432967056169e-01,        +7.071067811865e+00,        -4.931996338832e+00,        -1.435235410325e-01,        -3.868365366736e-01,        -9.708405229619e-01,        +7.404460264626e+00,        +4.316723490405e-01,        -7.875138903522e-02,        -4.116281356360e+00,        +7.071067811865e+00,        -3.847210241743e-01,        -9.716201861643e-01,        -4.931993194516e+00,        -1.432967056169e-01,        -7.875138903526e-02,        -4.116281356360e+00,        +7.403447573573e+00,        +4.334711180113e-01
 1.63200000e+02,        +7.071067811865e+00,        +7.405725755553e+00,        +2.905116148913e-01,        -2.081871672696e-01,        -4.132855413201e+00,        -4.935772600466e+00,        +5.511352335034e-02,        -3.215951469330e-01,        -9.460653208484e-01,        +7.071067811865e+00,        -2.081871672696e-01,        -4.132855413201e+00,        +7.406599594932e+00,        +2.877032528282e-01,        -3.237006314165e-01,        -9.450873597181e-01,        -4.935749372212e+00,        +5.534401543123e-02,        +7.071067811865e+00,        -4.935772600466e+00,        +5.511352335037e-02,        -3.237006314165e-01,        -9.450873597181e-01,        +7.410991379277e+00,        +2.888179487072e-01,        -2.044742876770e-01,        -4.132518235171e+00,        +7.071067811865e+00,        -3.215951469329e-01,        -9.460653208484e-01,        -4.935749372212e+00,        +5.534401543120e-02,        -2.044742876770e-01,        -4.132518235171e+00,        +7.409881287098e+00,        +2.906889060903e-01
 1.64800000e+02,        +7.071067811865e+00,        +7.403534567288e+00,        +1.478862889449e-01,        -3.360254942351e-01,        -4.140941331463e+00,        -4.929655670254e+00,        +2.536179974880e-01,        -2.562537168063e-01,        -9.282389527381e-01,        +7.071067811865e+00,        -3.360254942350e-01,        -4.140941331462e+00,        +7.404454401855e+00,        +1.449926507241e-01,        -2.583335650606e-01,        -9.270608905938e-01,        -4.929611767801e+00,        +2.538501952432e-01,        +7.071067811865e+00,        -4.929655670254e+00,        +2.536179974880e-01,        -2.583335650606e-01,        -9.270608905938e-01,        +7.408869024357e+00,        +1.459558619941e-01,        -3.322791399458e-01,        -4.140758001744e+00,        +7.071067811865e+00,        -2.562537168063e-01,        -9.282389527381e-01,        -4.929611767801e+00,        +2.538501952431e-01,        -3.322791399458e-01,        -4.140758001744e+00,        +7.407663194390e+00,        +1.479050866156e-01
 1.66400000e+02,        +7.071067811865e+00,        +7.392775250947e+00,        +5.857356448502e-03,        -4.651016385625e-01,        -4.140799161500e+00,        -4.913722579981e+00,        +4.513687307553e-01,        -1.895518894571e-01,        -9.183700240791e-01,        +7.071067811865e+00,        -4.651016385625e-01,        -4.140799161499e+00,        +7.393738255925e+00,        +2.876683158993e-03,        -1.915902622235e-01,        -9.169914919362e-01,        -4.913657636971e+00,        +4.516006068354e-01,        +7.071067811865e+00,        -4.913722579981e+00,        +4.513687307553e-01,        -1.915902622235e-01,        -9.169914919362e-01,        +7.398165391964e+00,        +3.688750171833e-03,        -4.613309691930e-01,        -4.140770251265e+00,        +7.071067811865e+00,        -1.895518894571e-01,        -9.183700240791e-01,        -4.913657636971e+00,        +4.516006068354e-01,        -4.613309691930e-01,        -4.140770251265e+00,        +7.396865808964e+00,        +5.722158917227e-03
 1.68000000e+02,        +7.071067811865e+00,        +7.373563225346e+00,        -1.349927535254e-01,        -5.945555826473e-01,        -4.132309521872e+00,        -4.888093623562e+00,        +6.477636771305e-01,        -1.223697782311e-01,        -9.165763124282e-01,        +7.071067811865e+00,        -5.945555826473e-01,        -4.132309521872e+00,        +7.374566748853e+00,        -1.380619654497e-01,        -1.243507656805e-01,        -9.149983951463e-01,        -4.888007507163e+00,        +6.479931586044e-01,        +7.071067811865e+00,        -4.888093623562e+00,        +6.477636771305e-01,        -1.243507656805e-01,        -9.149983951462e-01,        +7.378996257537e+00,        -1.373997908702e-01,        -5.907695637728e-01,        -4.132434870345e+00,        +7.071067811865e+00,        -1.223697782310e-01,        -9.165763124282e-01,        -4.888007507163e+00,        +6.479931586043e-01,        -5.907695637728e-01,        -4.132434870345e+00,        +7.377605200548e+00,        -1.352764463560e-01
 1.69600000e+02,        +7.071067811865e+00,        +7.346053240642e+00,        -2.741025025932e-01,        -7.235190316252e-01,        -4.115465683053e+00,        -4.852928246666e+00,        +8.422217801339e-01,        -5.559556039679e-02,        -9.228620385149e-01,        +7.071067811865e+00,        -7.235190316252e-01,        -4.115465683053e+00,        +7.347094835066e+00,        -2.772615668724e-01,        -5.750334316585e-02,        -9.210872735303e-01,        -4.852821062254e+00,        +8.424467804163e-01,        +7.071067811865e+00,        -4.852928246666e+00,        +8.422217801339e-01,        -5.750334316583e-02,        -9.210872735302e-01,        +7.351516854967e+00,        -2.767471606561e-01,        -7.197263652901e-01,        -4.115744450695e+00,        +7.071067811865e+00,        -5.559556039678e-02,        -9.228620385149e-01,        -4.852821062254e+00,        +8.424467804162e-01,        -7.197263652901e-01,        -4.115744450695e+00,        +7.350036874906e+00,        -2.745282923530e-01
 1.71200000e+02,        +7.071067811865e+00,        +7.310435736828e+00,        -4.109323267153e-01,        -8.511323480876e-01,        -4.090373096680e+00,        -4.808421398682e+00,        +1.034184028987e+00,        +9.891472703627e-03,        -9.371183493449e-01,        +7.071067811865e+00,        -8.511323480875e-01,        -4.090373096680e+00,        +7.311513174568e+00,        -4.141824364277e-01,        +8.072464929196e-03,        -9.351507047819e-01,        -4.808293489485e+00,        +1.034402480021e+00,        +7.071067811865e+00,        -4.808421398682e+00,        +1.034184028987e+00,        +8.072464929213e-03,        -9.351507047819e-01,        +7.315918211419e+00,        -4.138128524993e-01,        -8.473414148685e-01,        -4.090803824960e+00,        +7.071067811865e+00,        +9.891472703639e-03,        -9.371183493450e-01,        -4.808293489485e+00,        +1.034402480021e+00,        -8.473414148685e-01,        -4.090803824960e+00,        +7.314352114220e+00,        -4.114930311370e-01
 1.72800000e+02,        +7.071067811865e+00,        +7.266933815771e+00,        -5.449651405167e-01,        -9.765610205222e-01,        -4.057246125932e+00,        -4.754800498808e+00,        +1.223113933201e+00,        +7.323739809222e-02,        -9.591265998270e-01,        +7.071067811865e+00,        -9.765610205222e-01,        -4.057246125932e+00,        +7.268045089119e+00,        -5.483074374518e-01,        +7.152233329369e-02,        -9.569714328080e-01,        -4.754652440595e+00,        +1.223323817008e+00,        +7.071067811865e+00,        -4.754800498808e+00,        +1.223113933201e+00,        +7.152233329371e-02,        -9.569714328080e-01,        +7.272424094247e+00,        -5.480789673171e-01,        -9.727798334743e-01,        -4.057826801227e+00,        +7.071067811865e+00,        +7.323739809222e-02,        -9.591265998270e-01,        -4.754652440595e+00,        +1.223323817008e+00,        -9.727798334743e-01,        -4.057826801227e+00,        +7.270774929953e+00,        -5.456529160249e-01
 1.74400000e+02,        +7.071067811865e+00,        +7.215800891051e+00,        -6.757065301560e-01,        -1.099011178735e+00,        -4.016402150029e+00,        -4.692323081147e+00,        +1.408497683481e+00,        +1.336291893846e-01,        -9.885642596931e-01,        +7.071067811865e+00,        -1.099011178735e+00,        -4.016402150029e+00,        +7.216944196845e+00,        -6.791421708604e-01,        +1.320326878568e-01,        -9.862282560506e-01,        -4.692155672199e+00,        +1.408697062236e+00,        +7.071067811865e+00,        -4.692323081147e+00,        +1.408497683481e+00,        +1.320326878568e-01,        -9.862282560505e-01,        +7.221288635470e+00,        -6.790504107847e-01,        -1.095247349039e+00,        -4.017130269335e+00,        +7.071067811865e+00,        +1.336291893846e-01,        -9.885642596931e-01,        -4.692155672199e+00,        +1.408697062236e+00,        -1.095247349039e+00,        -4.017130269335e+00,        +7.219559693156e+00,        -6.765129990449e-01
 1.76000000e+02,        +7.071067811865e+00,        +7.157318993918e+00,        -8.026848955596e-01,        -1.217743722558e+00,        -3.968253299676e+00,        -4.621275097612e+00,        +1.589844259875e+00,        +1.903088571176e-01,        -1.025013188626e+00,        +7.071067811865e+00,        -1.217743722558e+00,        -3.968253299676e+00,        +7.158492704306e+00,        -8.062151109168e-01,        +1.888448564210e-01,        -1.022504285554e+00,        -4.621089344382e+00,        +1.590031303751e+00,        +7.071067811865e+00,        -4.621275097612e+00,        +1.589844259875e+00,        +1.888448564210e-01,        -1.022504285554e+00,        +7.162794613151e+00,        -8.062550349231e-01,        -1.214004436242e+00,        -3.969125936042e+00,        +7.071067811865e+00,        +1.903088571176e-01,        -1.025013188626e+00,        -4.621089344382e+00,        +1.590031303751e+00,        -1.214004436242e+00,        -3.969125936042e+00,        +7.160989421143e+00,        -8.036012744788e-01
 1.77600000e+02,        +7.071067811865e+00,        +7.091797636886e+00,        -9.254517707044e-01,        -1.332086695906e+00,        -3.913296149587e+00,        -4.541969780684e+00,        +1.766685716095e+00,        +2.425858333059e-01,        -1.067969953221e+00,        +7.071067811865e+00,        -1.332086695906e+00,        -3.913296149587e+00,        +7.093000258229e+00,        -9.290779163415e-01,        +2.412674656143e-01,        -1.065297246686e+00,        -4.541766879666e+00,        +1.766858728218e+00,        +7.071067811865e+00,        -4.541969780684e+00,        +1.766685716095e+00,        +2.412674656143e-01,        -1.065297246686e+00,        +7.097252292199e+00,        -9.292439532956e-01,        -1.328378700666e+00,        -3.914310015465e+00,        +7.071067811865e+00,        +2.425858333058e-01,        -1.067969953221e+00,        -4.541766879666e+00,        +1.766858728218e+00,        -1.328378700666e+00,        -3.914310015465e+00,        +7.095374622607e+00,        -9.264689974230e-01
 1.79200000e+02,        +7.071067811865e+00,        +7.019573075849e+00,        -1.043582498283e+00,        -1.441445613313e+00,        -3.852099747825e+00,        -4.454746907279e+00,        +1.938577816662e+00,        +2.898473074655e-01,        -1.116857805733e+00,        +7.071067811865e+00,        -1.441445613313e+00,        -3.852099747825e+00,        +7.020803198250e+00,        -1.047306093681e+00,        +2.886867910888e-01,        -1.114031444724e+00,        -4.454528223695e+00,        +1.938735254663e+00,        +7.071067811865e+00,        -4.454746907279e+00,        +1.938577816662e+00,        +2.886867910888e-01,        -1.114031444724e+00,        +7.024998666196e+00,        -1.047592206812e+00,        -1.437775214192e+00,        -3.853251254920e+00,        +7.071067811865e+00,        +2.898473074655e-01,        -1.116857805733e+00,        -4.454528223695e+00,        +1.938735254663e+00,        -1.437775214192e+00,        -3.853251254920e+00,        +7.023052542515e+00,        -1.044691354041e+00
 1.80800000e+02,        +7.071067811865e+00,        +6.941007771713e+00,        -1.156677369091e+00,        -1.545311527233e+00,        -3.785292399299e+00,        -4.359972265025e+00,        +2.105101137598e+00,        +3.315663025986e-01,        -1.171039907076e+00,        +7.071067811865e+00,        -1.545311527233e+00,        -3.785292399299e+00,        +6.942264012038e+00,        -1.160500123935e+00,        +3.305748491242e-01,        -1.168070976943e+00,        -4.359739309020e+00,        +2.105241631346e+00,        +7.071067811865e+00,        -4.359972265025e+00,        +2.105101137598e+00,        +3.305748491242e-01,        -1.168070976943e+00,        +6.946396901851e+00,        -1.160899891255e+00,        -1.541684589781e+00,        -3.786577713824e+00,        +7.071067811865e+00,        +3.315663025986e-01,        -1.171039907076e+00,        -4.359739309020e+00,        +2.105241631346e+00,        -1.541684589781e+00,        -3.786577713824e+00,        +6.944386608133e+00,        -1.157868594224e+00
 1.82400000e+02,        +7.071067811865e+00,        +6.856489835806e+00,        -1.264363264218e+00,        -1.643266708890e+00,        -3.713547641893e+00,        -4.258037105400e+00,        +2.265862669151e+00,        +3.673073641373e-01,        -1.229833355316e+00,        +7.071067811865e+00,        -1.643266708890e+00,        -3.713547641893e+00,        +6.857770777179e+00,        -1.268287091232e+00,        +3.664951022804e-01,        -1.226733752630e+00,        -4.257791506463e+00,        +2.265985034447e+00,        +7.071067811865e+00,        -4.258037105400e+00,        +2.265862669151e+00,        +3.664951022804e-01,        -1.226733752630e+00,        +6.861835770661e+00,        -1.268793785449e+00,        -1.639688668345e+00,        -3.714962734549e+00,        +7.071067811865e+00,        +3.673073641373e-01,        -1.229833355316e+00,        -4.257791506463e+00,        +2.265985034447e+00,        -1.639688668345e+00,        -3.714962734549e+00,        +6.859765860700e+00,        -1.265627665172e+00
 1.84000000e+02,        +7.071067811865e+00,        +6.766432249484e+00,        -1.366295767105e+00,        -1.734987900337e+00,        -3.637569858752e+00,        -4.149357374283e+00,        +2.420497888052e+00,        +3.967298198288e-01,        -1.292523575997e+00,        +7.071067811865e+00,        -1.734987900337e+00,        -3.637569858752e+00,        +6.767736380291e+00,        -1.370322781303e+00,        +3.961057367063e-01,        -1.289305877450e+00,        -4.149100854614e+00,        +2.420601136138e+00,        +7.071067811865e+00,        -4.149357374283e+00,        +2.420497888052e+00,        +3.961057367063e-01,        -1.289305877450e+00,        +6.771728858395e+00,        -1.370929447982e+00,        -1.731463775418e+00,        -3.639110549063e+00,        +7.071067811865e+00,        +3.967298198288e-01,        -1.292523575997e+00,        -4.149100854614e+00,        +2.420601136138e+00,        -1.731463775418e+00,        -3.639110549063e+00,        +6.769604163343e+00,        -1.367624313359e+00
 1.85600000e+02,        +7.071067811865e+00,        +6.671271675165e+00,        -1.462161649412e+00,        -1.820247178084e+00,        -3.558079959290e+00,        -4.034372537125e+00,        +2.568673203626e+00,        +4.195886512277e-01,        -1.358378641585e+00,        +7.071067811865e+00,        -1.820247178084e+00,        -3.558079959290e+00,        +6.672597330382e+00,        -1.466294154350e+00,        +4.191605513835e-01,        -1.355055969499e+00,        -4.034106884662e+00,        +2.568756546554e+00,        +7.071067811865e+00,        -4.034372537125e+00,        +2.568673203626e+00,        +4.191605513835e-01,        -1.355055969499e+00,        +6.676513369548e+00,        -1.466993687223e+00,        -1.816781588037e+00,        -3.559741954223e+00,        +7.071067811865e+00,        +4.195886512276e-01,        -1.358378641585e+00,        -4.034106884662e+00,        +2.568756546554e+00,        -1.816781588037e+00,        -3.559741954223e+00,        +6.674339002554e+00,        -1.463545559265e+00
 1.87200000e+02,        +7.071067811865e+00,        +6.571466719085e+00,        -1.551681584842e+00,        -1.898910546139e+00,        -3.475801535381e+00,        -3.913543859003e+00,        +2.710088632301e+00,        +4.357330950262e-01,        -1.426663113488e+00,        +7.071067811865e+00,        -1.898910546139e+00,        -3.475801535381e+00,        +6.572812026497e+00,        -1.555922047027e+00,        +4.355075771416e-01,        -1.423249000503e+00,        -3.913270900777e+00,        +2.710151484275e+00,        +7.071067811865e+00,        -3.913543859003e+00,        +2.710088632301e+00,        +4.355075771416e-01,        -1.423249000503e+00,        +6.576648386894e+00,        -1.556707259524e+00,        -1.895507729867e+00,        -3.477580462453e+00,        +7.071067811865e+00,        +4.357330950262e-01,        -1.426663113488e+00,        -3.913270900777e+00,        +2.710151484275e+00,        -1.895507729867e+00,        -3.477580462453e+00,        +6.574429743530e+00,        -1.553112399404e+00
 1.88800000e+02,        +7.071067811865e+00,        +6.467495560127e+00,        -1.634612912176e+00,        -1.970934445941e+00,        -3.391447859164e+00,        -3.787352053768e+00,        +2.844480522069e+00,        +4.451031620667e-01,        -1.496651040240e+00,        +7.071067811865e+00,        -1.970934445941e+00,        -3.391447859164e+00,        +6.468858393575e+00,        -1.638963925249e+00,        +4.450856129010e-01,        -1.493159295651e+00,        -3.787073630192e+00,        +2.844522497015e+00,        +7.071067811865e+00,        -3.787352053768e+00,        +2.844480522069e+00,        +4.450856129011e-01,        -1.493159295651e+00,        +6.472612500131e+00,        -1.639827617474e+00,        -1.967598282181e+00,        -3.393339294402e+00,        +7.071067811865e+00,        +4.451031620666e-01,        -1.496651040240e+00,        -3.787073630192e+00,        +2.844522497015e+00,        -1.967598282181e+00,        -3.393339294402e+00,        +6.470355253684e+00,        -1.636082557274e+00
 1.90400000e+02,        +7.071067811865e+00,        +6.359852918066e+00,        -1.710752254361e+00,        -2.036360429644e+00,        -3.305710036756e+00,        -3.656294275471e+00,        +2.971624134021e+00,        +4.477243208726e-01,        -1.567637797594e+00,        +7.071067811865e+00,        -2.036360429644e+00,        -3.305710036756e+00,        +6.361230859388e+00,        -1.715216495025e+00,        +4.479189256082e-01,        -1.564082377694e+00,        -3.656012216111e+00,        +2.971645039715e+00,        +7.071067811865e+00,        -3.656294275471e+00,        +2.971624134021e+00,        +4.479189256083e-01,        -1.564082377694e+00,        +6.364900776550e+00,        -1.716151515565e+00,        -2.033094457372e+00,        -3.307709528012e+00,        +7.071067811865e+00,        +4.477243208725e-01,        -1.567637797594e+00,        -3.656012216111e+00,        +2.971645039715e+00,        -2.033094457372e+00,        -3.307709528012e+00,        +6.362610867570e+00,        -1.712253090406e+00
 1.92000000e+02,        +7.071067811865e+00,        +6.249046392678e+00,        -1.779937804345e+00,        -2.095308289254e+00,        -3.219246570445e+00,        -3.520880483312e+00,        +3.091335891840e+00,        +4.437006385807e-01,        -1.638950518073e+00,        +7.071067811865e+00,        -2.095308289254e+00,        -3.219246570445e+00,        +6.250436703500e+00,        -1.784517982212e+00,        +4.441104064026e-01,        -1.635345402634e+00,        -3.520596584582e+00,        +3.091335720990e+00,        +7.071067811865e+00,        -3.520880483312e+00,        +3.091335891840e+00,        +4.441104064026e-01,        -1.635345402634e+00,        +6.254021104648e+00,        -1.785517284304e+00,        -2.092115727684e+00,        -3.221349656662e+00,        +7.071067811865e+00,        +4.437006385807e-01,        -1.638950518073e+00,        -3.520596584582e+00,        +3.091335720989e+00,        -2.092115727684e+00,        -3.221349656662e+00,        +6.251704724518e+00,        -1.781462664503e+00
 1.93600000e+02,        +7.071067811865e+00,        +6.135592257185e+00,        -1.842051108286e+00,        -2.147967965568e+00,        -3.132674513844e+00,        -3.381629263389e+00,        +3.203475130039e+00,        +4.332067035442e-01,        -1.709956925701e+00,        +7.071067811865e+00,        -2.147967965568e+00,        -3.132674513844e+00,        +6.136991861185e+00,        -1.846749911919e+00,        +4.338335069904e-01,        -1.706316002481e+00,        -3.381345268540e+00,        +3.203454048785e+00,        +7.071067811865e+00,        -3.381629263389e+00,        +3.203475130039e+00,        +4.338335069904e-01,        -1.706316002481e+00,        +6.140489993669e+00,        -1.847806603669e+00,        -2.144851733299e+00,        -3.134876740879e+00,        +7.071067811865e+00,        +4.332067035442e-01,        -1.709956925701e+00,        -3.381345268540e+00,        +3.203454048785e+00,        -2.144851733299e+00,        -3.134876740879e+00,        +6.138153562273e+00,        -1.843593325542e+00
 1.95200000e+02,        +7.071067811865e+00,        +6.020010831494e+00,        -1.897018209642e+00,        -2.194590576688e+00,        -3.046562333378e+00,        -3.239063232499e+00,        +3.307945204500e+00,        +4.164786697047e-01,        -1.780072462740e+00,        +7.071067811865e+00,        -2.194590576688e+00,        -3.046562333378e+00,        +6.021416307251e+00,        -1.901838251007e+00,        +4.173232960795e-01,        -1.776409421579e+00,        -3.238780814162e+00,        +3.307903538825e+00,        +7.071067811865e+00,        -3.239063232499e+00,        +3.307945204500e+00,        +4.173232960796e-01,        -1.776409421579e+00,        +6.024827953989e+00,        -1.902945639462e+00,        -2.191553309724e+00,        -3.048859266989e+00,        +7.071067811865e+00,        +4.164786697047e-01,        -1.780072462740e+00,        -3.238780814162e+00,        +3.307903538824e+00,        -2.191553309724e+00,        -3.048859266989e+00,        +6.022478091889e+00,        -1.898571633539e+00
 1.96800000e+02,        +7.071067811865e+00,        +5.902821589943e+00,        -1.944810059083e+00,        -2.235478906268e+00,        -2.961424519223e+00,        -3.093704178545e+00,        +3.404693870337e+00,        +3.938047631325e-01,        -1.848765665605e+00,        +7.071067811865e+00,        -2.235478906267e+00,        -2.961424519223e+00,        +5.904229174056e+00,        -1.949753818530e+00,        +3.948669761000e-01,        -1.845093903353e+00,        -3.093424923991e+00,        +3.404632090883e+00,        +7.071067811865e+00,        -3.093704178545e+00,        +3.404693870337e+00,        +3.948669761000e-01,        -1.845093903353e+00,        +5.907554612584e+00,        -1.950905447552e+00,        -2.232522974766e+00,        -2.963811755773e+00,        +7.071067811865e+00,        +3.938047631325e-01,        -1.848765665605e+00,        -3.093424923991e+00,        +3.404632090883e+00,        -2.232522974766e+00,        -2.963811755773e+00,        +5.905198108371e+00,        -1.946369063098e+00
 1.98400000e+02,        +7.071067811865e+00,        +5.784538173790e+00,        -1.985442141000e+00,        -2.270977677450e+00,        -2.877717922756e+00,        -2.946068107608e+00,        +3.493712877813e+00,        +3.655155769185e-01,        -1.915561813174e+00,        +7.071067811865e+00,        -2.270977677450e+00,        -2.877717922756e+00,        +5.785943773519e+00,        -1.990511914627e+00,        +3.667941862832e-01,        -1.911894350330e+00,        -2.945793506800e+00,        +3.493631583613e+00,        +7.071067811865e+00,        -2.946068107608e+00,        +3.493712877813e+00,        +3.667941862832e-01,        -1.911894350330e+00,        +5.789183733381e+00,        -1.991701596627e+00,        -2.268105201181e+00,        -2.880191098139e+00,        +7.071067811865e+00,        +3.655155769185e-01,        -1.915561813174e+00,        -2.945793506800e+00,        +3.493631583613e+00,        -2.268105201181e+00,        -2.880191098139e+00,        +5.786827507058e+00,        -1.987001621607e+00
 2.00000000e+02,        +7.071067811865e+00,        +5.665663480624e+00,        -2.018973313102e+00,        -2.301463911664e+00,        -2.795839738973e+00,        -2.796660369781e+00,        +3.575036782785e+00,        +3.319744537421e-01,        -1.980044929363e+00,        +7.071067811865e+00,        -2.301463911664e+00,        -2.795839738973e+00,        +5.667062695031e+00,        -2.024171164093e+00,        +3.334673913905e-01,        -1.976394338931e+00,        -2.796391806204e+00,        +3.574936684386e+00,        +7.071067811865e+00,        -2.796660369781e+00,        +3.575036782785e+00,        +3.334673913906e-01,        -1.976394338931e+00,        +5.670218314293e+00,        -2.025393005790e+00,        -2.298676774241e+00,        -2.798394536164e+00,        +7.071067811865e+00,        +3.319744537420e-01,        -1.980044929363e+00,        -2.796391806204e+00,        +3.574936684386e+00,        -2.298676774241e+00,        -2.798394536164e+00,        +5.667869377700e+00,        -2.020528681637e+00
 2.01600000e+02,        +7.071067811865e+00,        +5.546684992827e+00,        -2.045503897724e+00,        -2.327337634562e+00,        -2.716127003404e+00,        -2.645971025818e+00,        +3.648741010247e+00,        +2.935682185148e-01,        -2.041858270731e+00,        +7.071067811865e+00,        -2.327337634562e+00,        -2.716127003404e+00,        +5.548073141173e+00,        -2.050831612917e+00,        +2.952726185204e-01,        -2.038236619467e+00,        -2.645709769985e+00,        +3.648622912665e+00,        +7.071067811865e+00,        -2.645971025818e+00,        +3.648741010247e+00,        +2.952726185204e-01,        -2.038236619467e+00,        +5.551145922808e+00,        -2.052080035384e+00,        -2.324637496553e+00,        -2.718759158986e+00,        +7.071067811865e+00,        +2.935682185148e-01,        -2.041858270731e+00,        -2.645709769985e+00,        +3.648622912665e+00,        -2.324637496553e+00,        -2.718759158986e+00,        +5.548811338158e+00,        -2.047051066200e+00
 2.03200000e+02,        +7.071067811865e+00,        +5.428070487436e+00,        -2.065173099107e+00,        -2.349013147430e+00,        -2.638857435535e+00,        -2.494470596893e+00,        +3.714939245178e+00,        +2.506984795065e-01,        -2.100703467420e+00,        +7.071067811865e+00,        -2.349013147430e+00,        -2.638857435535e+00,        +5.429442643411e+00,        -2.070632151729e+00,        +2.526107604931e-01,        -2.097122269314e+00,        -2.494217802377e+00,        +3.714804031089e+00,        +7.071067811865e+00,        -2.494470596893e+00,        +3.714939245178e+00,        +2.526107604931e-01,        -2.097122269314e+00,        +5.432434412222e+00,        -2.071901905053e+00,        -2.346401458507e+00,        -2.641562745449e+00,        +7.071067811865e+00,        +2.506984795065e-01,        -2.100703467420e+00,        -2.494217802377e+00,        +3.714804031089e+00,        -2.346401458507e+00,        -2.641562745449e+00,        +5.430121249811e+00,        -2.066708461111e+00
 2.04800000e+02,        +7.071067811865e+00,        +5.310264242929e+00,        -2.078155848295e+00,        -2.366911034539e+00,        -2.564251435150e+00,        -2.342606313047e+00,        +3.773780252278e+00,        +2.037736684590e-01,        -2.156338511303e+00,        +7.071067811865e+00,        -2.366911034539e+00,        -2.564251435150e+00,        +5.311615273307e+00,        -2.083747367424e+00,        +2.058896164636e-01,        -2.152808692861e+00,        -2.342363014824e+00,        +3.773628865777e+00,        +7.071067811865e+00,        -2.342606313047e+00,        +3.773780252278e+00,        +2.058896164636e-01,        -2.152808692861e+00,        +5.314528133949e+00,        -2.085033540392e+00,        -2.364389044828e+00,        -2.567025759855e+00,        +7.071067811865e+00,        +2.037736684590e-01,        -2.156338511303e+00,        -2.342363014824e+00,        +3.773628865777e+00,        -2.364389044828e+00,        -2.567025759855e+00,        +5.312243430081e+00,        -2.079676256026e+00
 2.06400000e+02,        +7.071067811865e+00,        +5.193683827758e+00,        -2.084659195508e+00,        -2.381451028162e+00,        -2.492475024216e+00,        -2.190798945145e+00,        +3.825444244429e+00,        +1.532019414143e-01,        -2.208574799008e+00,        +7.071067811865e+00,        -2.381451028162e+00,        -2.492475024216e+00,        +5.195008434016e+00,        -2.090383942562e+00,        +1.555167916719e-01,        -2.205106675651e+00,        -2.190566060001e+00,        +3.825277675643e+00,        +7.071067811865e+00,        -2.190798945145e+00,        +3.825444244429e+00,        +1.555167916720e-01,        -2.205106675651e+00,        +5.197844730616e+00,        -2.091681967810e+00,        -2.379019798936e+00,        -2.495314293371e+00,        +7.071067811865e+00,        +1.532019414143e-01,        -2.208574799008e+00,        -2.190566060001e+00,        +3.825277675643e+00,        -2.379019798936e+00,        -2.495314293371e+00,        +5.195595446666e+00,        -2.086161933990e+00
 2.08000000e+02,        +7.071067811865e+00,        +5.078717523344e+00,        -2.084918379090e+00,        -2.393045806010e+00,        -2.423643523983e+00,        -2.039440273177e+00,        +3.870138928942e+00,        +9.938501501516e-02,        -2.257273440377e+00,        +7.071067811865e+00,        -2.393045806010e+00,        -2.423643523983e+00,        +5.080010284911e+00,        -2.090776731307e+00,        +1.018935313025e-01,        -2.253876703089e+00,        -2.039218601901e+00,        +3.869958199716e+00,        +7.071067811865e+00,        -2.039440273177e+00,        +3.870138928942e+00,        +1.018935313025e-01,        -2.253876703089e+00,        +5.082772562679e+00,        -2.092082386422e+00,        -2.390706219886e+00,        -2.426543740738e+00,        +7.071067811865e+00,        +9.938501501515e-02,        -2.257273440377e+00,        -2.039218601900e+00,        +3.869958199716e+00,        -2.390706219886e+00,        -2.426543740737e+00,        +5.080565546111e+00,        -2.086401138450e+00
 2.09600000e+02,        +7.071067811865e+00,        +4.965722403382e+00,        -2.079192700987e+00,        -2.402095752899e+00,        -2.357825763422e+00,        -1.888891212809e+00,        +3.908095361582e+00,        +4.271297004548e-02,        -2.302341036486e+00,        +7.071067811865e+00,        -2.402095752899e+00,        -2.357825763422e+00,        +4.966977821275e+00,        -2.085184641680e+00,        +4.540952044786e-02,        -2.299024747716e+00,        -1.888681443895e+00,        +3.907901512392e+00,        +7.071067811865e+00,        -1.888891212809e+00,        +3.908095361581e+00,        +4.540952044791e-02,        -2.299024747716e+00,        +4.969668790420e+00,        -2.086494046737e+00,        -2.399848523640e+00,        -2.360783008320e+00,        +7.071067811865e+00,        +4.271297004546e-02,        -2.302341036485e+00,        -1.888681443895e+00,        +3.907901512392e+00,        -2.399848523640e+00,        -2.360783008320e+00,        +4.967510738414e+00,        -2.080653547636e+00
 2.11200000e+02,        +7.071067811865e+00,        +4.855023063336e+00,        -2.067761332679e+00,        -2.408984681005e+00,        -2.295048629020e+00,        -1.739480594214e+00,        +3.939563732297e+00,        -1.643998344809e-02,        -2.343725117416e+00,        +7.071067811865e+00,        -2.408984681005e+00,        -2.295048629020e+00,        +4.856235603114e+00,        -2.073886447808e+00,        -1.356135524933e-02,        -2.340497715132e+00,        -1.739283308790e+00,        +3.939357810500e+00,        +7.071067811865e+00,        -1.739480594214e+00,        +3.939563732297e+00,        -1.356135524928e-02,        -2.340497715132e+00,        +4.858858105283e+00,        -2.075196059860e+00,        -2.406830363024e+00,        -2.298059063540e+00,        +7.071067811865e+00,        -1.643998344810e-02,        -2.343725117416e+00,        -1.739283308790e+00,        +3.939357810500e+00,        -2.406830363024e+00,        -2.298059063540e+00,        +4.856755531496e+00,        -2.069198680072e+00
 2.12800000e+02,        +7.071067811865e+00,        +4.746910970351e+00,        -2.050919163896e+00,        -2.414076472163e+00,        -2.235301785467e+00,        -1.591504563512e+00,        +3.964809195095e+00,        -7.771881603147e-02,        -2.381409410444e+00,        +7.071067811865e+00,        -2.414076472163e+00,        -2.235301785467e+00,        +4.748075103474e+00,        -2.057176644398e+00,        -7.466432462712e-02,        -2.378278719197e+00,        -1.591320241212e+00,        +3.964592244553e+00,        +7.071067811865e+00,        -1.591504563512e+00,        +3.964809195095e+00,        -7.466432462707e-02,        -2.378278719197e+00,        +4.750632080865e+00,        -2.058483249400e+00,        -2.412015469795e+00,        -2.238361655166e+00,        +7.071067811865e+00,        -7.771881603148e-02,        -2.381409410444e+00,        -1.591320241212e+00,        +3.964592244553e+00,        -2.412015469795e+00,        -2.238361655166e+00,        +4.748591285683e+00,        -2.052331743484e+00
 2.14400000e+02,        +7.071067811865e+00,        +4.641644385072e+00,        -2.028972791208e+00,        -2.417712581646e+00,        -2.178542419765e+00,        -1.445226558464e+00,        +3.984107839211e+00,        -1.407901243492e-01,        -2.415409086300e+00,        +7.071067811865e+00,        -2.417712581646e+00,        -2.178542419765e+00,        +4.642754627946e+00,        -2.035361440405e+00,        -1.375661820875e-01,        -2.412382334178e+00,        -1.445055584000e+00,        +3.983880891306e+00,        +7.071067811865e+00,        -1.445226558464e+00,        +3.984107839211e+00,        -1.375661820875e-01,        -2.412382334178e+00,        +4.645249095169e+00,        -2.036662143043e+00,        -2.415745158221e+00,        -2.181648057009e+00,        +7.071067811865e+00,        -1.407901243492e-01,        -2.415409086300e+00,        -1.445055584000e+00,        +3.983880891306e+00,        -2.415745158221e+00,        -2.181648057009e+00,        +4.643276139658e+00,        -2.030359624046e+00
 2.16000000e+02,        +7.071067811865e+00,        +4.539448793374e+00,        -2.002236726029e+00,        -2.420210325615e+00,        -2.124699886068e+00,        -1.300877796531e+00,        +3.997742881286e+00,        -2.053437900023e-01,        -2.445766106369e+00,        +7.071067811865e+00,        -2.420210325615e+00,        -2.124699886068e+00,        +4.540499743525e+00,        -2.008754971403e+00,        -2.019569523595e-01,        -2.442849946720e+00,        -1.300720466725e+00,        +3.997506947292e+00,        +7.071067811865e+00,        -1.300877796531e+00,        +3.997742881286e+00,        -2.019569523594e-01,        -2.442849946720e+00,        +4.542934762218e+00,        -2.010047183274e+00,        -2.418336612354e+00,        -2.127847712326e+00,        +7.071067811865e+00,        -2.053437900023e-01,        -2.445766106369e+00,        -1.300720466725e+00,        +3.997506947292e+00,        -2.418336612354e+00,        -2.127847712326e+00,        +4.541035445871e+00,        -2.003597095437e+00
 2.17600000e+02,        +7.071067811865e+00,        +4.440517777423e+00,        -1.971029883374e+00,        -2.421861863516e+00,        -2.073680153565e+00,        -1.158658204865e+00,        +4.006001140028e+00,        -2.710939405830e-01,        -2.472544768703e+00,        +7.071067811865e+00,        -2.421861863516e+00,        -2.073680153565e+00,        +4.441504146418e+00,        -1.977675791951e+00,        -2.675508575158e-01,        -2.469745305592e+00,        -1.158514735934e+00,        +4.005757204775e+00,        +7.071067811865e+00,        -1.158658204865e+00,        +4.006001140028e+00,        -2.675508575157e-01,        -2.469745305592e+00,        +4.443882802583e+00,        -1.978957218505e+00,        -2.420081868237e+00,        -2.076866681234e+00,        +7.071067811865e+00,        -2.710939405830e-01,        -2.472544768703e+00,        -1.158514735934e+00,        +4.005757204775e+00,        -2.420081868237e+00,        -2.076866681234e+00,        +4.442062644829e+00,        -1.972363308914e+00
 2.19200000e+02,        +7.071067811865e+00,        +4.345014251493e+00,        -1.935672394794e+00,        -2.422933781295e+00,        -2.025369983632e+00,        -1.018737717762e+00,        +4.009169836994e+00,        -3.377793069856e-01,        -2.495827526806e+00,        +7.071067811865e+00,        -2.422933781295e+00,        -2.025369983632e+00,        +4.345930894377e+00,        -1.942443691430e+00,        -3.340866802181e-01,        -2.493150343224e+00,        -1.018608252682e+00,        +4.008918853739e+00,        +7.071067811865e+00,        -1.018737717762e+00,        +4.009169836994e+00,        -3.340866802181e-01,        -2.493150343224e+00,        +4.348256278345e+00,        -1.943712318040e+00,        -2.421247396921e+00,        -2.028591817383e+00,        +7.071067811865e+00,        -3.377793069856e-01,        -2.495827526806e+00,        -1.018608252682e+00,        +4.008918853739e+00,        -2.421247396921e+00,        -2.028591817383e+00,        +4.346520503695e+00,        -1.936978607785e+00
 2.20800000e+02,        +7.071067811865e+00,        +4.253071987726e+00,        -1.896482772342e+00,        -2.423667180588e+00,        -1.979640784520e+00,        -8.812578668773e-01,        +4.007533750556e+00,        -4.051630718414e-01,        -2.515711133093e+00,        +7.071067811865e+00,        -2.423667180588e+00,        -1.979640784520e+00,        +4.253913928872e+00,        -1.903376860205e+00,        -4.013276179193e-01,        -2.513161321067e+00,        -8.811424826747e-01,        +4.007276636965e+00,        +7.071067811865e+00,        -8.812578668772e-01,        +4.007533750556e+00,        -4.013276179192e-01,        -2.513161321067e+00,        +4.256189117768e+00,        -1.904630937700e+00,        -2.422074193422e+00,        -1.982894622163e+00,        +7.071067811865e+00,        -4.051630718414e-01,        -2.515711133093e+00,        -8.811424826747e-01,        +4.007276636965e+00,        -2.422074193422e+00,        -1.982894622163e+00,        +4.254542644418e+00,        -1.897761693026e+00
 2.22400000e+02,        +7.071067811865e+00,        +4.164797359891e+00,        -1.853775435680e+00,        -2.424278181975e+00,        -1.936352111326e+00,        -7.463335923448e-01,        +4.001372735416e+00,        -4.730323009715e-01,        -2.532303139517e+00,        +7.071067811865e+00,        -2.424278181975e+00,        -1.936352111326e+00,        +4.165559815270e+00,        -1.860789418296e+00,        -4.690607198225e-01,        -2.529885331321e+00,        -7.462323071944e-01,        +4.001110370545e+00,        +7.071067811865e+00,        -7.463335923447e-01,        +4.001372735416e+00,        -4.690607198224e-01,        -2.529885331321e+00,        +4.167787857849e+00,        -1.862027448234e+00,        -2.422778279715e+00,        -1.939634744184e+00,        +7.071067811865e+00,        -4.730323009715e-01,        -2.532303139517e+00,        -7.462323071944e-01,        +4.001110370545e+00,        -2.422778279715e+00,        -1.939634744184e+00,        +4.166235289466e+00,        -1.855027152114e+00
 2.24000000e+02,        +7.071067811865e+00,        +4.080271238335e+00,        -1.807858601922e+00,        -2.424958756095e+00,        -1.895354795590e+00,        -6.140552080668e-01,        +3.990959607539e+00,        -5.411970440557e-01,        -2.545718771192e+00,        +7.071067811865e+00,        -2.424958756095e+00,        -1.895354795590e+00,        +4.080949634304e+00,        -1.814989306209e+00,        -5.370959927277e-01,        -2.543437171011e+00,        -6.139679881017e-01,        +3.990692829697e+00,        +7.071067811865e+00,        -6.140552080668e-01,        +3.990959607539e+00,        -5.370959927277e-01,        -2.543437171011e+00,        +4.083133537969e+00,        -1.816210026158e+00,        -2.423551535544e+00,        -1.898663108416e+00,        +7.071067811865e+00,        -5.411970440557e-01,        -2.545718771192e+00,        -6.139679881017e-01,        +3.990692829697e+00,        -2.423551535544e+00,        -1.898663108416e+00,        +4.081679158397e+00,        -1.809083350608e+00
 2.25600000e+02,        +7.071067811865e+00,        +3.999550976005e+00,        -1.759032527659e+00,        -2.425877803972e+00,        -1.856493702608e+00,        -4.844904611119e-01,        +3.976558384240e+00,        -6.094891831444e-01,        -2.556078175210e+00,        +7.071067811865e+00,        -2.425877803972e+00,        -1.856493702608e+00,        +4.000140964784e+00,        -1.766276527450e+00,        -6.052652543423e-01,        -2.553936590666e+00,        -4.844172268727e-01,        +3.976287989624e+00,        +7.071067811865e+00,        -4.844904611118e-01,        +3.976558384240e+00,        -6.052652543422e-01,        -2.553936590666e+00,        +4.002283684627e+00,        -1.767478896455e+00,        -2.424562778410e+00,        -1.859824673046e+00,        +7.071067811865e+00,        -6.094891831444e-01,        -2.556078175210e+00,        -4.844172268727e-01,        +3.976287989624e+00,        -2.424562778410e+00,        -1.859824673046e+00,        +4.000931455185e+00,        -1.760230675886e+00
 2.27200000e+02,        +7.071067811865e+00,        +3.922672433034e+00,        -1.707588084751e+00,        -2.427182416618e+00,        -1.819610125310e+00,        -3.576866327408e-01,        +3.958422861338e+00,        -6.777610989477e-01,        -2.563504036017e+00,        +7.071067811865e+00,        -2.427182416618e+00,        -1.819610125310e+00,        +3.923169905091e+00,        -1.714941724369e+00,        -6.734208039599e-01,        -2.561505909102e+00,        -3.576272652175e-01,        +3.958149603318e+00,        +7.071067811865e+00,        -3.576866327408e-01,        +3.958422861338e+00,        -6.734208039599e-01,        -2.561505909102e+00,        +3.925274334752e+00,        -1.716124908801e+00,        -2.425959022808e+00,        -1.822960822944e+00,        +7.071067811865e+00,        -6.777610989477e-01,        -2.563504036017e+00,        -3.576272652175e-01,        +3.958149603318e+00,        -2.425959022808e+00,        -1.822960822944e+00,        +3.924027893826e+00,        -1.708760114595e+00
 2.28800000e+02,        +7.071067811865e+00,        +3.849651995348e+00,        -1.653805645819e+00,        -2.428999253168e+00,        -1.784543831775e+00,        -2.336726365330e-01,        +3.936795503639e+00,        -7.458842156455e-01,        -2.568119540584e+00,        +7.071067811865e+00,        -2.428999253168e+00,        -1.784543831775e+00,        +3.850053088940e+00,        -1.661265063355e+00,        -7.414339712406e-01,        -2.566267977614e+00,        -2.336269827661e-01,        +3.936520092597e+00,        +7.071067811865e+00,        -2.336726365330e-01,        +3.936795503639e+00,        -7.414339712406e-01,        -2.566267977614e+00,        +3.852122053121e+00,        -1.662428423266e+00,        -2.427866857954e+00,        -1.787911416801e+00,        +7.071067811865e+00,        -7.458842156455e-01,        -2.568119540584e+00,        -2.336269827661e-01,        +3.936520092597e+00,        -2.427866857954e+00,        -1.787911416801e+00,        +3.850984717715e+00,        -1.654952139724e+00
 2.30400000e+02,        +7.071067811865e+00,        +3.780488550663e+00,        -1.597954251617e+00,        -2.431435986003e+00,        -1.751134789242e+00,        -1.124610769681e-01,        +3.911906621291e+00,        -8.137474757783e-01,        -2.570046670809e+00,        +7.071067811865e+00,        -2.431435986003e+00,        -1.751134789242e+00,        +3.780789658820e+00,        -1.605515401613e+00,        -8.091935946466e-01,        -2.568344471083e+00,        -1.124289551958e-01,        +3.911629724904e+00,        +7.071067811865e+00,        -1.124610769681e-01,        +3.911906621291e+00,        -8.091935946465e-01,        -2.568344471083e+00,        +3.782825907252e+00,        -1.606658477702e+00,        -2.430393892479e+00,        -1.754516510808e+00,        +7.071067811865e+00,        -8.137474757783e-01,        -2.570046670809e+00,        -1.124289551958e-01,        +3.911629724904e+00,        -2.430393892479e+00,        -1.754516510808e+00,        +3.781800676215e+00,        -1.599075879452e+00
 2.32000000e+02,        +7.071067811865e+00,        +3.715165392775e+00,        -1.540291030376e+00,        -2.434582770137e+00,        -1.719224591277e+00,        +5.949760674792e-03,        +3.883973802490e+00,        -8.812557879560e-01,        -2.569404796818e+00,        +7.071067811865e+00,        -2.434582770137e+00,        -1.719224591277e+00,        +3.715363167999e+00,        -1.547949705688e+00,        -8.766044722835e-01,        -2.567854479783e+00,        +5.968556326046e-03,        +3.883696046369e+00,        +7.071067811865e+00,        +5.949760674825e-03,        +3.883973802490e+00,        -8.766044722835e-01,        -2.567854479783e+00,        +3.717369370699e+00,        -1.549072206963e+00,        -2.433630223375e+00,        -1.722617785527e+00,        +7.071067811865e+00,        -8.812557879560e-01,        -2.569404796818e+00,        +5.968556326033e-03,        +3.883696046369e+00,        -2.433630223375e+00,        -1.722617785527e+00,        +3.716458929332e+00,        -1.541388537873e+00
 2.33600000e+02,        +7.071067811865e+00,        +3.653652031988e+00,        -1.481060838505e+00,        -2.438513702401e+00,        -1.688657616821e+00,        +1.215740113346e-01,        +3.853201572309e+00,        -9.483284819308e-01,        -2.566309542784e+00,        +7.071067811865e+00,        -2.438513702401e+00,        -1.688657616821e+00,        +3.653743388947e+00,        -1.488812691182e+00,        -9.435858197079e-01,        -2.564913373517e+00,        +1.215797066066e-01,        +3.852923540912e+00,        +7.071067811865e+00,        +1.215740113346e-01,        +3.853201572309e+00,        -9.435858197079e-01,        -2.564913373517e+00,        +3.655722132596e+00,        -1.489914483373e+00,        -2.437649894709e+00,        -1.692059704705e+00,        +7.071067811865e+00,        -9.483284819308e-01,        -2.566309542784e+00,        +1.215797066065e-01,        +3.852923540912e+00,        -2.437649894708e+00,        -1.692059704705e+00,        +3.654928858383e+00,        -1.482135036958e+00
 2.35200000e+02,        +7.071067811865e+00,        +3.595905895687e+00,        -1.420496092403e+00,        -2.443288243326e+00,        -1.659281950610e+00,        +2.344364381718e-01,        +3.819781247823e+00,        -1.014897798175e+00,        -2.560871896160e+00,        +7.071067811865e+00,        -2.443288243326e+00,        -1.659281950611e+00,        +3.595888012198e+00,        -1.428336653459e+00,        -1.010069761865e+00,        -2.559631909073e+00,        +2.344292748616e-01,        +3.819503485567e+00,        +7.071067811865e+00,        +2.344364381718e-01,        +3.819781247823e+00,        -1.010069761865e+00,        -2.559631909073e+00,        +3.597841797474e+00,        -1.429417748212e+00,        -2.442512319037e+00,        -1.662690435502e+00,        +7.071067811865e+00,        -1.014897798175e+00,        -2.560871896160e+00,        +2.344292748616e-01,        +3.819503485567e+00,        -2.442512319037e+00,        -1.662690435502e+00,        +3.597167766692e+00,        -1.421547849522e+00
 2.36800000e+02,        +7.071067811865e+00,        +3.541873908511e+00,        -1.358816762295e+00,        -2.448952581245e+00,        -1.630950094120e+00,        +3.445707582657e-01,        +3.783890960878e+00,        -1.080907432569e+00,        -2.553197531554e+00,        +7.071067811865e+00,        -2.448952581245e+00,        -1.630950094120e+00,        +3.541744225045e+00,        -1.366741460298e+00,        -1.075999879788e+00,        -2.552115552264e+00,        +3.445509908192e-01,        +3.783613973385e+00,        +7.071067811865e+00,        +3.445707582657e-01,        +3.783890960878e+00,        -1.075999879787e+00,        -2.552115552264e+00,        +3.543675464782e+00,        -1.367802005178e+00,        -2.448263641036e+00,        -1.634362559292e+00,        +7.071067811865e+00,        -1.080907432569e+00,        -2.553197531554e+00,        +3.445509908192e-01,        +3.783613973385e+00,        -2.448263641036e+00,        -1.634362559292e+00,        +3.543122459789e+00,        -1.359846994097e+00
 2.38400000e+02,        +7.071067811865e+00,        +3.491493946113e+00,        -1.296230500807e+00,        -2.455540923769e+00,        -1.603519495076e+00,        +4.520180921674e-01,        +3.745695821668e+00,        -1.146311151174e+00,        -2.543386321621e+00,        +7.071067811865e+00,        -2.455540923769e+00,        -1.603519495076e+00,        +3.491250164088e+00,        -1.304234679250e+00,        -1.141329827058e+00,        -2.542463986949e+00,        +4.519859846508e-01,        +3.745420077091e+00,        +7.071067811865e+00,        +4.520180921674e-01,        +3.745695821668e+00,        -1.141329827058e+00,        -2.542463986949e+00,        +3.493161182105e+00,        -1.305274948552e+00,        -2.454938028501e+00,        -1.606933601087e+00,        +7.071067811865e+00,        -1.146311151174e+00,        -2.543386321621e+00,        +4.519859846508e-01,        +3.745420077091e+00,        -2.454938028501e+00,        -1.606933601087e+00,        +3.492730699119e+00,        -1.297240164444e+00
 2.40000000e+02,        +7.071067811865e+00,        +3.444696160317e+00,        -1.232932881114e+00,        -2.463076706605e+00,        -1.576852921971e+00,        +5.568255397161e-01,        +3.705348198423e+00,        -1.211071485283e+00,        -2.531532008980e+00,        +7.071067811865e+00,        -2.463076706605e+00,        -1.576852921971e+00,        +3.444336239389e+00,        -1.241011814560e+00,        -1.206022026257e+00,        -2.530770785089e+00,        +5.567813631350e-01,        +3.705074128800e+00,        +7.071067811865e+00,        +5.568255397161e-01,        +3.705348198423e+00,        -1.206022026257e+00,        -2.530770785089e+00,        +3.446229269885e+00,        -1.242032200926e+00,        -2.462558880705e+00,        -1.580266404006e+00,        +7.071067811865e+00,        -1.211071485283e+00,        -2.531532008980e+00,        +5.567813631350e-01,        +3.705074128800e+00,        -2.462558880705e+00,        -1.580266404006e+00,        +3.445922527096e+00,        -1.233922968532e+00
